0000001,2021-06-10,0102264812,0100100590,Mua sợi cotton nguyên liệu,8299000000,829900000,mua_vao,0,1
0000001,2021-07-10,0101380936,0100100590,Mua sợi polyester tổng hợp,17521000000,1752100000,mua_vao,0,2
0000001,2021-09-10,0100105503,0100100590,Mua bao bì đóng gói sản phẩm,15610000000,1561000000,mua_vao,0,3
0000001,2021-01-15,0102625829,0100100590,Mua phụ tùng máy dệt thay thế,34541000000,3454100000,mua_vao,0,4
0000001,2021-02-15,0101435247,0100100590,Mua hóa chất nhuộm và xử lý vải,32336000000,3233600000,mua_vao,0,5
0000001,2021-03-15,0103240765,0100100590,Mua sợi cotton nguyên liệu,40284000000,4028400000,mua_vao,0,6
0000001,2021-05-15,0102331787,0100100590,"Mua phụ liệu may (chỉ, khóa, cúc)",10584000000,1058400000,mua_vao,0,7
0000001,2021-05-15,0102311149,0100100590,Dịch vụ xử lý nước thải công nghiệp,22939000000,2293900000,mua_vao,0,8
0000001,2021-08-15,0100680623,0100100590,Dịch vụ gia công nhuộm vải,8476000000,847600000,mua_vao,0,9
0000001,2021-10-15,0101225306,0100100590,Mua hóa chất vệ sinh công nghiệp,26017000000,2601700000,mua_vao,0,11
0000001,2021-11-15,0102712091,0100100590,Mua sợi cotton nguyên liệu,8356000000,835600000,mua_vao,0,12
0000001,2021-11-15,0103711478,0100100590,Chi phí vận chuyển hàng hóa nội địa,14711000000,1471100000,mua_vao,0,13
0000001,2021-12-15,0100113494,0100100590,"Mua nhãn mác, tem sản phẩm",31347000000,3134700000,mua_vao,0,14
0000002,2021-12-15,0103240765,0100100590,Dịch vụ gia công nhuộm vải,27477000000,2747700000,mua_vao,0,15
0000002,2021-12-15,0101435247,0100100590,Mua vải dệt kim,15508000000,1550800000,mua_vao,0,16
0000001,2021-01-20,0101056111,0100100590,Mua bao bì đóng gói sản phẩm,29111000000,2911100000,mua_vao,0,17
0000003,2021-02-20,0101435247,0100100590,Mua sợi polyester tổng hợp,37232000000,3723200000,mua_vao,0,18
0000001,2021-03-20,0101601092,0100100590,Mua hóa chất nhuộm và xử lý vải,7617000000,761700000,mua_vao,0,19
0000001,2021-04-20,0103769372,0100100590,Mua hóa chất vệ sinh công nghiệp,19927000000,1992700000,mua_vao,0,22
0000002,2021-10-20,0101056111,0100100590,Dịch vụ gia công nhuộm vải,42683000000,4268300000,mua_vao,0,24
0000001,2021-12-20,0101454070,0100100590,Mua hóa chất vệ sinh công nghiệp,10944000000,1094400000,mua_vao,0,27
0000002,2021-02-25,0102331787,0100100590,Mua bao bì đóng gói sản phẩm,37147000000,3714700000,mua_vao,0,30
0000001,2021-09-25,0100373485,0100100590,Dịch vụ gia công nhuộm vải,27738000000,2773800000,mua_vao,0,35
0000002,2021-11-25,0103711478,0100100590,Mua sợi cotton nguyên liệu,37969000000,3796900000,mua_vao,0,36
0000001,2021-01-28,0101437981,0100100590,"Mua phụ liệu may (chỉ, khóa, cúc)",30190000000,3019000000,mua_vao,0,37
0000001,2021-02-28,0104141407,0100100590,Mua sợi cotton nguyên liệu,39160000000,3916000000,mua_vao,0,38
0000002,2021-03-28,0102311149,0100100590,Mua điện năng phục vụ sản xuất,28672000000,0,mua_vao,0,39
0000002,2021-03-28,0100105503,0100100590,Dịch vụ kiểm định chất lượng vải,33364000000,3336400000,mua_vao,0,40
0000001,2021-07-28,0101770848,0100100590,"Dịch vụ bảo trì, sửa chữa máy dệt",9067000000,906700000,mua_vao,0,41
0000001,2021-08-28,0100101403,0100100590,Mua vải dệt kim,15783000000,1578300000,mua_vao,0,42
0000001,2021-04-30,0101329672,0100100590,Dịch vụ kiểm định chất lượng vải,10320000000,1032000000,mua_vao,0,44
0000002,2021-05-31,0101770848,0100100590,Mua sợi cotton nguyên liệu,11102000000,1110200000,mua_vao,0,46
0000002,2021-08-31,0100373485,0100100590,Mua sợi cotton nguyên liệu,30824000000,3082400000,mua_vao,0,48
0000002,2021-08-31,0101454070,0100100590,Dịch vụ logistics xuất khẩu,20833000000,2083300000,mua_vao,0,49
0000003,2021-02-10,0100100590,0101329672,Bán vải dệt thoi thành phẩm,52019000000,5201900000,ban_ra,0,52
0000005,2021-04-10,0100100590,0103711478,Bán vải dệt kim thành phẩm,17826000000,1782600000,ban_ra,0,54
0000006,2021-05-10,0100100590,0100373485,Bán vải dệt thoi thành phẩm,62033000000,6203300000,ban_ra,0,55
0000007,2021-06-10,0100100590,0101377820,Bán hàng dệt may đặt hàng theo hợp đồng,14992000000,1499200000,ban_ra,0,56
0000008,2021-07-10,0100100590,0102331787,Bán vải dệt kim thành phẩm,38014000000,3801400000,ban_ra,0,57
0000009,2021-08-10,0100100590,0101452549,Bán vải dệt thoi thành phẩm,26699000000,2669900000,ban_ra,0,58
0000011,2021-10-10,0100100590,0101225306,Bán sản phẩm dệt may nội địa,29841000000,2984100000,ban_ra,0,60
0000012,2021-11-10,0100100590,0102712091,Bán vải dệt thoi thành phẩm,41386000000,4138600000,ban_ra,0,61
0000013,2021-12-10,0100100590,0100113494,Bán vải thun cotton thành phẩm,33183000000,3318300000,ban_ra,0,62
0000014,2021-01-15,0100100590,0101056111,Bán hàng dệt may đặt hàng theo hợp đồng,71523000000,7152300000,ban_ra,0,63
0000015,2021-02-15,0100100590,0102159423,Bán vải dệt thoi thành phẩm,18436000000,1843600000,ban_ra,0,64
0000016,2021-03-15,0100100590,0103240765,Bán quần áo may sẵn xuất khẩu,47201000000,0,ban_ra,0,65
0000017,2021-04-15,0100100590,0101437981,Bán vải dệt thoi thành phẩm,23584000000,2358400000,ban_ra,0,66
0000019,2021-06-15,0100100590,0101454070,"Bán vải lót, vải lưới công nghiệp",19274000000,1927400000,ban_ra,0,68
0000020,2021-07-15,0100100590,0101380936,Bán hàng dệt may đặt hàng theo hợp đồng,43756000000,4375600000,ban_ra,0,69
0000021,2021-08-15,0100100590,0100680623,Bán vải dệt kim thành phẩm,15861000000,1586100000,ban_ra,0,70
0000023,2021-10-15,0100100590,0102625829,Bán sản phẩm dệt may nội địa,35529000000,3552900000,ban_ra,0,72
0000024,2021-11-15,0100100590,0101770848,Bán vải dệt thoi thành phẩm,53816000000,5381600000,ban_ra,0,73
0000025,2021-12-15,0100100590,0100101308,Bán sản phẩm may gia công theo đơn hàng,28374000000,2837400000,ban_ra,0,74
0000026,2021-01-20,0100100590,0101639000,Bán vải dệt kim thành phẩm,47693000000,4769300000,ban_ra,0,75
0000027,2021-02-20,0100100590,0102191498,Bán vải khổ rộng công nghiệp,30261000000,3026100000,ban_ra,0,76
0000028,2021-03-20,0100100590,0100101403,Bán vải dệt thoi thành phẩm,59318000000,5931800000,ban_ra,0,77
0000029,2021-04-20,0100100590,0102264812,Bán sợi thành phẩm,24115000000,2411500000,ban_ra,0,78
0000030,2021-05-20,0100100590,0102311149,Bán vải dệt kim thành phẩm,36847000000,3684700000,ban_ra,0,79
0000032,2021-07-20,0100100590,0100902202,Bán phụ liệu may dư thừa,11048000000,1104800000,ban_ra,0,81
0000033,2021-08-20,0100100590,0104141407,Bán vải dệt thoi thành phẩm,48532000000,4853200000,ban_ra,0,82
0000034,2021-09-20,0100100590,0101598393,Bán vải thun cotton thành phẩm,40718000000,4071800000,ban_ra,0,83
0000035,2021-10-20,0100100590,0100105503,Bán quần áo may sẵn xuất khẩu,32965000000,0,ban_ra,0,84
0000036,2021-11-20,0100100590,0103769372,Bán vải dệt thoi thành phẩm,27384000000,2738400000,ban_ra,0,85
0000037,2021-12-20,0100100590,0101601092,Bán sản phẩm dệt may nội địa,45291000000,4529100000,ban_ra,0,86
0000038,2021-01-25,0100100590,0101435247,Bán vải dệt kim thành phẩm,33906000000,3390600000,ban_ra,0,87
0000041,2021-04-25,0100100590,0100101072,Bán vải khổ rộng công nghiệp,18965000000,1896500000,ban_ra,0,90
0000042,2021-06-25,0100100590,0101056111,Bán sợi thành phẩm,36414000000,3641400000,ban_ra,0,91
0000044,2021-09-25,0100100590,0102712091,Bán vải dệt thoi thành phẩm,53119000000,5311900000,ban_ra,0,93
0000045,2021-10-25,0100100590,0101225306,Bán vải dệt kim thành phẩm,22061000000,2206100000,ban_ra,0,94
0000046,2021-11-25,0100100590,0100373485,Bán vải thun cotton thành phẩm,34773000000,3477300000,ban_ra,0,95
0000047,2021-02-28,0100100590,0102331787,Bán vải dệt thoi thành phẩm,17463000000,1746300000,ban_ra,0,96
0000048,2021-04-28,0100100590,0101380936,Bán sản phẩm dệt may nội địa,41829000000,4182900000,ban_ra,0,97
0000049,2021-10-28,0100100590,0101437981,Bán vải dệt kim thành phẩm,26581000000,2658100000,ban_ra,0,98
0000050,2021-12-31,0100100590,0102264812,Bán sản phẩm dệt may nội địa,64797876041,6479787604,ban_ra,0,99
0000001,2021-01-05,0101377820,0100101072,Mua thiết bị bảo hộ lao động mỏ,65516000000,6551600000,mua_vao,0,101
0000003,2021-02-05,0103711478,0100101072,Mua nhiên liệu dầu diesel phục vụ khai thác,98544000000,9854400000,mua_vao,0,102
0000001,2021-02-05,0101639000,0100101072,Mua vật tư tiêu hao khai thác,23148000000,2314800000,mua_vao,0,103
0000001,2021-03-05,0100902202,0100101072,Mua thuốc nổ công nghiệp,112386000000,11238600000,mua_vao,0,104
0000002,2021-04-05,0101225306,0100101072,"Mua phụ tùng máy khoan, máy xúc",57842000000,5784200000,mua_vao,0,105
0000003,2021-04-05,0102331787,0100101072,Mua hóa chất xử lý quặng,44318000000,4431800000,mua_vao,0,106
0000002,2021-05-05,0101380936,0100101072,Dịch vụ khoan thăm dò địa chất,80924000000,8092400000,mua_vao,0,107
0000002,2021-06-05,0100680623,0100101072,Mua nhiên liệu dầu diesel phục vụ khai thác,52437000000,5243700000,mua_vao,0,109
0000002,2021-07-05,0103769372,0100101072,Mua thuốc nổ công nghiệp,130847000000,13084700000,mua_vao,0,111
0000002,2021-07-05,0102625829,0100101072,Mua hóa chất tuyển khoáng,61234000000,6123400000,mua_vao,0,112
0000003,2021-08-05,0101056111,0100101072,Dịch vụ sửa chữa thiết bị khai thác,35671000000,3567100000,mua_vao,0,113
0000003,2021-08-05,0100373485,0100101072,Mua vật liệu nổ và phụ kiện nổ mìn,93814000000,9381400000,mua_vao,0,114
0000001,2021-09-05,0102159423,0100101072,"Mua xi măng chống lò, gia cố hầm lò",28456000000,2845600000,mua_vao,0,115
0000002,2021-10-05,0101437981,0100101072,Mua nhiên liệu dầu diesel phục vụ khai thác,81345000000,8134500000,mua_vao,0,118
0000003,2021-11-05,0103240765,0100101072,Mua thuốc nổ công nghiệp,104567000000,10456700000,mua_vao,0,119
0000002,2021-12-05,0102712091,0100101072,Dịch vụ khoan thăm dò địa chất,59234000000,5923400000,mua_vao,0,120
0000003,2021-01-10,0101454070,0100101072,Mua vật tư tiêu hao khai thác,31876000000,3187600000,mua_vao,0,121
0000003,2021-01-10,0100105503,0100101072,Mua hóa chất xử lý quặng,76543000000,7654300000,mua_vao,0,122
0000002,2021-02-10,0101329672,0100101072,"Mua phụ tùng máy khoan, máy xúc",48912000000,4891200000,mua_vao,0,123
0000001,2021-03-10,0102191498,0100101072,Mua hóa chất tuyển khoáng,53678000000,5367800000,mua_vao,0,125
0000002,2021-03-10,0101601092,0100101072,Dịch vụ tư vấn kỹ thuật mỏ,28934000000,2893400000,mua_vao,0,126
0000002,2021-04-10,0104141407,0100101072,Mua nước công nghiệp,14567000000,728350000,mua_vao,0,128
0000001,2021-05-10,0101452549,0100101072,Mua thép kết cấu công trình mỏ,62341000000,6234100000,mua_vao,0,129
0000003,2021-05-10,0101770848,0100101072,Mua nhiên liệu dầu diesel phục vụ khai thác,74329000000,7432900000,mua_vao,0,130
0000002,2021-06-10,0100113494,0100101072,Mua thuốc nổ công nghiệp,118923000000,11892300000,mua_vao,0,131
0000002,2021-07-10,0102264812,0100101072,Dịch vụ vận chuyển quặng nội mỏ,45612000000,4561200000,mua_vao,0,132
0000003,2021-09-10,0102311149,0100101072,Mua điện năng phục vụ sản xuất,103456000000,0,mua_vao,0,134
0000001,2021-10-10,0100100590,0100101072,Dịch vụ sửa chữa thiết bị khai thác,28734000000,2873400000,mua_vao,0,135
0000001,2021-11-10,0101598393,0100101072,"Mua xi măng chống lò, gia cố hầm lò",37456000000,3745600000,mua_vao,0,136
0000003,2021-12-10,0103769372,0100101072,Mua vật liệu nổ và phụ kiện nổ mìn,82341000000,8234100000,mua_vao,0,137
0000004,2021-01-15,0101435247,0100101072,Mua hóa chất tuyển khoáng,58923000000,5892300000,mua_vao,0,138
0000004,2021-03-15,0101056111,0100101072,Dịch vụ logistics vận chuyển hóa chất,33218000000,3321800000,mua_vao,0,141
0000004,2021-03-15,0100373485,0100101072,Mua vật tư tiêu hao khai thác,47823000000,4782300000,mua_vao,0,142
0000003,2021-04-15,0101225306,0100101072,Mua nhiên liệu dầu diesel phục vụ khai thác,88912000000,8891200000,mua_vao,0,143
0000003,2021-04-15,0102712091,0100101072,Dịch vụ khoan thăm dò địa chất,64523000000,6452300000,mua_vao,0,144
0000003,2021-05-15,0104141407,0100101072,Mua thuốc nổ công nghiệp,107345000000,10734500000,mua_vao,0,146
0000003,2021-06-15,0100680623,0100101072,Mua hóa chất xử lý quặng,39812000000,3981200000,mua_vao,0,147
0000002,2021-07-15,0102191498,0100101072,Dịch vụ xử lý nước thải mỏ,21456000000,2145600000,mua_vao,0,148
0000003,2021-08-15,0101329672,0100101072,Mua vật liệu nổ và phụ kiện nổ mìn,76234000000,7623400000,mua_vao,0,149
0000003,2021-09-15,0101380936,0100101072,"Mua xi măng chống lò, gia cố hầm lò",31567000000,3156700000,mua_vao,0,150
0000002,2021-10-15,0102159423,0100101072,"Mua phụ tùng máy khoan, máy xúc",59234000000,5923400000,mua_vao,0,151
0000002,2021-11-15,0100902202,0100101072,Dịch vụ tư vấn kỹ thuật mỏ,24789000000,2478900000,mua_vao,0,152
0000003,2021-12-15,0101601092,0100101072,Mua điện năng phục vụ sản xuất,97123000000,0,mua_vao,0,153
0000004,2021-01-20,0103240765,0100101072,Mua thuốc nổ công nghiệp,85432000000,8543200000,mua_vao,0,154
0000002,2021-03-20,0101377820,0100101072,Dịch vụ vận chuyển quặng nội mỏ,35678000000,3567800000,mua_vao,0,156
0000003,2021-04-20,0102625829,0100101072,Mua vật liệu nổ và phụ kiện nổ mìn,91567000000,9156700000,mua_vao,0,157
0000002,2021-05-20,0101452549,0100101072,Mua nhiên liệu dầu diesel phục vụ khai thác,68923000000,6892300000,mua_vao,0,158
0000003,2021-07-20,0101437981,0100101072,Mua thép kết cấu công trình mỏ,53456000000,5345600000,mua_vao,0,160
0000003,2021-08-20,0102264812,0100101072,Mua thuốc nổ công nghiệp,121234000000,12123400000,mua_vao,0,161
0000004,2021-11-20,0103711478,0100101072,Mua vật liệu nổ và phụ kiện nổ mìn,87123000000,8712300000,mua_vao,0,164
0000004,2021-12-20,0101770848,0100101072,Mua nước công nghiệp,16789000000,839450000,mua_vao,0,165
0000004,2021-01-25,0100105503,0100101072,Mua nhiên liệu dầu diesel phục vụ khai thác,77345000000,7734500000,mua_vao,0,166
0000004,2021-02-25,0102331787,0100101072,Dịch vụ khoan thăm dò địa chất,56234000000,5623400000,mua_vao,0,167
0000005,2021-03-25,0101056111,0100101072,Mua thuốc nổ công nghiệp,114678000000,11467800000,mua_vao,0,168
0000004,2021-04-25,0102311149,0100101072,Mua hóa chất tuyển khoáng,51234000000,5123400000,mua_vao,0,169
0000002,2021-06-25,0101598393,0100101072,Mua vật tư tiêu hao khai thác,39234000000,3923400000,mua_vao,0,171
0000002,2021-08-25,0100100590,0100101072,"Mua xi măng chống lò, gia cố hầm lò",28912000000,2891200000,mua_vao,0,173
0000004,2021-09-25,0101454070,0100101072,Dịch vụ logistics vận chuyển hóa chất,41678000000,4167800000,mua_vao,0,174
0000003,2021-01-28,0100902202,0100101072,Mua hóa chất xử lý quặng,61234000000,6123400000,mua_vao,0,177
0000004,2021-02-28,0104141407,0100101072,Dịch vụ tư vấn kỹ thuật mỏ,22567000000,2256700000,mua_vao,0,178
0000004,2021-03-28,0101329672,0100101072,Mua vật liệu nổ và phụ kiện nổ mìn,79345000000,7934500000,mua_vao,0,179
0000003,2021-04-28,0102159423,0100101072,Mua nhiên liệu dầu diesel phục vụ khai thác,66789000000,6678900000,mua_vao,0,180
0000004,2021-07-28,0103769372,0100101072,Dịch vụ xử lý nước thải mỏ,19678000000,1967800000,mua_vao,0,181
0000004,2021-08-28,0101380936,0100101072,Mua thuốc nổ công nghiệp,108934000000,10893400000,mua_vao,0,182
0000004,2021-01-31,0102712091,0100101072,Dịch vụ khoan thăm dò địa chất,58912000000,5891200000,mua_vao,0,184
0000003,2021-03-31,0101452549,0100101072,Mua thép kết cấu công trình mỏ,47234000000,4723400000,mua_vao,0,185
0000004,2021-05-31,0100680623,0100101072,Mua nhiên liệu dầu diesel phục vụ khai thác,72345000000,7234500000,mua_vao,0,186
0000005,2021-07-31,0101435247,0100101072,Mua thuốc nổ công nghiệp,97234000000,9723400000,mua_vao,0,187
0000003,2021-08-31,0102191498,0100101072,Dịch vụ sửa chữa thiết bị khai thác,31567000000,3156700000,mua_vao,0,188
0000003,2021-10-31,0100113494,0100101072,Mua dây cáp điện và thiết bị điện mỏ,57345000000,5734500000,mua_vao,0,190
0000004,2021-10-31,0102625829,0100101072,Mua hóa chất xử lý quặng,68234000000,6823400000,mua_vao,0,191
0000004,2021-10-31,0101601092,0100101072,Dịch vụ tư vấn kỹ thuật mỏ,26789000000,2678900000,mua_vao,0,193
0000005,2021-10-31,0103711478,0100101072,Mua vật tư tiêu hao khai thác,43456000000,4345600000,mua_vao,0,194
0000003,2021-10-31,0101377820,0100101072,Mua thuốc nổ công nghiệp,101234000000,10123400000,mua_vao,0,195
0000005,2021-10-31,0100373485,0100101072,"Mua phụ tùng máy khoan, máy xúc",58923000000,5892300000,mua_vao,0,196
0000004,2021-12-01,0102264812,0100101072,Mua hóa chất tuyển khoáng,49234000000,4923400000,mua_vao,0,197
0000004,2021-12-01,0101437981,0100101072,Dịch vụ vận chuyển quặng nội mỏ,36789000000,3678900000,mua_vao,0,198
0000005,2021-12-01,0102331787,0100101072,"Mua xi măng chống lò, gia cố hầm lò",33456000000,3345600000,mua_vao,0,199
0000005,2021-12-01,0102311149,0100101072,Mua thuốc nổ công nghiệp,113456000000,11345600000,mua_vao,0,201
0000005,2021-12-01,0100105503,0100101072,Dịch vụ kiểm định an toàn thiết bị mỏ,21234000000,2123400000,mua_vao,0,202
0000006,2021-12-01,0101056111,0100101072,Mua vật liệu nổ và phụ kiện nổ mìn,88456000000,8845600000,mua_vao,0,203
0000005,2021-12-31,0103240765,0100101072,Mua hóa chất xử lý quặng,52345000000,5234500000,mua_vao,0,205
0000004,2021-12-31,0101225306,0100101072,Dịch vụ xử lý nước thải mỏ,23567000000,2356700000,mua_vao,0,206
0000005,2021-12-31,0101329672,0100101072,Mua thuốc nổ công nghiệp,89345000000,8934500000,mua_vao,0,209
0000003,2021-12-31,0101598393,0100101072,Dịch vụ sửa chữa thiết bị khai thác,28456000000,2845600000,mua_vao,0,211
0000005,2021-12-31,0101454070,0100101072,"Mua phụ tùng máy khoan, máy xúc",63234000000,6323400000,mua_vao,0,212
0000005,2021-12-31,0100680623,0100101072,Mua hóa chất tuyển khoáng,55678000000,5567800000,mua_vao,0,213
0000005,2021-12-31,0102712091,0100101072,Dịch vụ khoan thăm dò địa chất,47234000000,4723400000,mua_vao,0,214
0000005,2021-12-31,0104141407,0100101072,Mua vật liệu nổ và phụ kiện nổ mìn,76234000000,7623400000,mua_vao,0,215
0000005,2021-12-31,0101770848,0100101072,Mua thuốc nổ công nghiệp,99234000000,9923400000,mua_vao,0,216
0000006,2021-12-31,0101435247,0100101072,Mua nhiên liệu dầu diesel phục vụ khai thác,71456000000,7145600000,mua_vao,0,217
0000004,2021-12-31,0100902202,0100101072,Dịch vụ tư vấn kỹ thuật mỏ,24567000000,2456700000,mua_vao,0,218
0000005,2021-12-31,0103769372,0100101072,Mua hóa chất tuyển khoáng,50465577635,5046557764,mua_vao,0,219
0000001,2021-01-05,0100101072,0100100590,Bán thuốc nổ ANFO công nghiệp,78234000000,7823400000,ban_ra,0,220
0000002,2021-02-05,0100101072,0101377820,Bán thuốc nổ nhũ tương,95678000000,9567800000,ban_ra,0,221
0000003,2021-03-05,0100101072,0103711478,Bán hóa chất khai khoáng tổng hợp,112345000000,11234500000,ban_ra,0,222
0000007,2021-07-05,0100101072,0100680623,Bán hóa chất xử lý quặng,98345000000,9834500000,ban_ra,0,226
0000008,2021-08-05,0100101072,0101329672,Bán thuốc nổ ANFO công nghiệp,115678000000,11567800000,ban_ra,0,227
0000009,2021-09-05,0100101072,0102159423,Xuất khẩu thuốc nổ và vật liệu nổ,187234000000,0,ban_ra,0,228
0000011,2021-11-05,0100101072,0103240765,Bán thuốc nổ nhũ tương,89234000000,8923400000,ban_ra,0,230
0000012,2021-12-05,0100101072,0101452549,Bán hóa chất công nghiệp tổng hợp,72345000000,7234500000,ban_ra,0,231
0000013,2021-01-10,0100101072,0102331787,Bán thuốc nổ ANFO công nghiệp,104567000000,10456700000,ban_ra,0,232
0000014,2021-02-10,0100101072,0101601092,Bán dịch vụ khoan nổ mìn công nghiệp,123456000000,12345600000,ban_ra,0,233
0000015,2021-03-10,0100101072,0100373485,Bán quặng khoáng sản thô,91234000000,9123400000,ban_ra,0,234
0000016,2021-04-10,0100101072,0102625829,Bán thuốc nổ nhũ tương,113678000000,11367800000,ban_ra,0,235
0000017,2021-05-10,0100101072,0101225306,Bán hóa chất khai khoáng tổng hợp,78234000000,7823400000,ban_ra,0,236
0000020,2021-08-10,0100101072,0102712091,"Bán phụ kiện nổ mìn (kíp, dây nổ)",74567000000,7456700000,ban_ra,0,239
0000021,2021-09-10,0100101072,0102311149,Bán thuốc nổ ANFO công nghiệp,132456000000,13245600000,ban_ra,0,240
0000022,2021-10-10,0100101072,0103769372,Bán thiết bị an toàn nổ mìn,45678000000,4567800000,ban_ra,0,241
0000023,2021-11-10,0100101072,0101056111,Bán thuốc nổ nhũ tương,108234000000,10823400000,ban_ra,0,242
0000024,2021-12-10,0100101072,0101437981,Bán hóa chất xử lý quặng,87345000000,8734500000,ban_ra,0,243
0000025,2021-01-15,0100101072,0101770848,Bán dịch vụ khoan nổ mìn công nghiệp,145678000000,14567800000,ban_ra,0,244
0000026,2021-02-15,0100101072,0104141407,Bán thuốc nổ ANFO công nghiệp,93456000000,9345600000,ban_ra,0,245
0000027,2021-03-15,0100101072,0100113494,Bán quặng khoáng sản thô,76234000000,7623400000,ban_ra,0,246
0000028,2021-04-15,0100101072,0101380936,Bán hóa chất công nghiệp tổng hợp,68345000000,6834500000,ban_ra,0,247
0000030,2021-06-15,0100101072,0102264812,"Bán phụ kiện nổ mìn (kíp, dây nổ)",58234000000,5823400000,ban_ra,0,249
0000032,2021-08-15,0100101072,0100902202,Bán thuốc nổ ANFO công nghiệp,88912000000,8891200000,ban_ra,0,251
0000034,2021-10-15,0100101072,0101435247,Xuất khẩu thuốc nổ và vật liệu nổ,224567000000,0,ban_ra,0,253
0000035,2021-11-15,0100101072,0102191498,Bán thuốc nổ nhũ tương,97345000000,9734500000,ban_ra,0,254
0000037,2021-01-20,0100101072,0101598393,Bán thuốc nổ ANFO công nghiệp,121234000000,12123400000,ban_ra,0,256
0000038,2021-02-20,0100101072,0100101308,"Bán phụ kiện nổ mìn (kíp, dây nổ)",72345000000,7234500000,ban_ra,0,257
0000040,2021-04-20,0100101072,0103711478,Bán hóa chất xử lý quặng,93456000000,9345600000,ban_ra,0,259
0000041,2021-05-20,0100101072,0101454070,Bán thuốc nổ ANFO công nghiệp,109234000000,10923400000,ban_ra,0,260
0000042,2021-06-20,0100101072,0101056111,Bán dịch vụ khoan nổ mìn công nghiệp,128345000000,12834500000,ban_ra,0,261
0000043,2021-07-20,0100101072,0100101403,Bán thuốc nổ nhũ tương,87234000000,8723400000,ban_ra,0,262
0000044,2021-08-20,0100101072,0102712091,Bán hóa chất khai khoáng tổng hợp,96789000000,9678900000,ban_ra,0,263
0000045,2021-09-20,0100101072,0101225306,Bán thiết bị an toàn nổ mìn,53456000000,5345600000,ban_ra,0,264
0000046,2021-10-20,0100101072,0100680623,Bán thuốc nổ ANFO công nghiệp,115234000000,11523400000,ban_ra,0,265
0000047,2021-11-20,0100101072,0102331787,Bán quặng khoáng sản thô,78234000000,7823400000,ban_ra,0,266
0000049,2021-01-25,0100101072,0103240765,Bán thuốc nổ nhũ tương,93456000000,9345600000,ban_ra,0,268
0000050,2021-02-25,0100101072,0100373485,Bán dịch vụ khoan nổ mìn công nghiệp,141234000000,14123400000,ban_ra,0,269
0000051,2021-03-25,0100101072,0101380936,Bán thuốc nổ ANFO công nghiệp,87345000000,8734500000,ban_ra,0,270
0000053,2021-05-25,0100101072,0104141407,Xuất khẩu thuốc nổ và vật liệu nổ,198234000000,0,ban_ra,0,272
0000054,2021-06-25,0100101072,0102625829,Bán hóa chất công nghiệp tổng hợp,74567000000,7456700000,ban_ra,0,273
0000055,2021-07-25,0100101072,0101437981,Bán thuốc nổ nhũ tương,108234000000,10823400000,ban_ra,0,274
0000057,2021-09-25,0100101072,0102264812,Bán thuốc nổ ANFO công nghiệp,124567000000,12456700000,ban_ra,0,276
0000058,2021-10-25,0100101072,0101639000,Bán hóa chất khai khoáng tổng hợp,89234000000,8923400000,ban_ra,0,277
0000060,2021-01-28,0100101072,0100902202,Bán quặng khoáng sản thô,83456000000,8345600000,ban_ra,0,279
0000061,2021-02-28,0100101072,0101452549,Bán dịch vụ khoan nổ mìn công nghiệp,139234000000,13923400000,ban_ra,0,280
0000062,2021-03-28,0100101072,0102311149,Bán thuốc nổ ANFO công nghiệp,106789000000,10678900000,ban_ra,0,281
0000063,2021-04-28,0100101072,0101329672,Bán hóa chất xử lý quặng,78234000000,7823400000,ban_ra,0,282
0000064,2021-07-28,0100101072,0101598393,"Bán phụ kiện nổ mìn (kíp, dây nổ)",59234000000,5923400000,ban_ra,0,283
0000065,2021-08-28,0100101072,0100105503,Bán thuốc nổ nhũ tương,113456000000,11345600000,ban_ra,0,284
0000066,2021-01-31,0100101072,0101770848,Bán thiết bị an toàn nổ mìn,48234000000,4823400000,ban_ra,0,285
0000067,2021-03-31,0100101072,0103769372,Bán thuốc nổ ANFO công nghiệp,118234000000,11823400000,ban_ra,0,286
0000069,2021-07-31,0100101072,0102191498,Bán thuốc nổ nhũ tương,94567000000,9456700000,ban_ra,0,288
0000070,2021-08-31,0100101072,0101601092,Bán dịch vụ khoan nổ mìn công nghiệp,127345000000,12734500000,ban_ra,0,289
0000072,2021-10-01,0100101072,0102712091,Xuất khẩu thuốc nổ và vật liệu nổ,213456000000,0,ban_ra,0,291
0000073,2021-10-31,0100101072,0100373485,Bán hóa chất khai khoáng tổng hợp,78234000000,7823400000,ban_ra,0,292
0000074,2021-10-31,0100101072,0101056111,Bán thuốc nổ nhũ tương,105678000000,10567800000,ban_ra,0,293
0000075,2021-10-31,0100101072,0103711478,"Bán phụ kiện nổ mìn (kíp, dây nổ)",67345000000,6734500000,ban_ra,0,294
0000076,2021-10-31,0100101072,0102625829,Bán thuốc nổ ANFO công nghiệp,112456000000,11245600000,ban_ra,0,295
0000077,2021-12-01,0100101072,0101435247,Bán dịch vụ khoan nổ mìn công nghiệp,136234000000,13623400000,ban_ra,0,296
0000079,2021-12-31,0100101072,0102159423,Bán thuốc nổ nhũ tương,88345000000,8834500000,ban_ra,0,298
0000080,2021-12-31,0100101072,0104141407,Bán thuốc nổ ANFO công nghiệp,76736961,7673696,ban_ra,0,299
0000001,2021-05-02,0102331787,0100101308,Mua chỉ may và phụ liệu,28934000000,2893400000,mua_vao,0,301
0000001,2021-05-03,0101601092,0100101308,Dịch vụ gia công cắt may,45678000000,4567800000,mua_vao,0,302
0000001,2021-05-04,0100902202,0100101308,Mua vải nguyên liệu,61234000000,6123400000,mua_vao,0,303
0000001,2021-05-05,0100105503,0100101308,Mua hóa chất giặt nhuộm,22456000000,2245600000,mua_vao,0,304
0000001,2021-05-06,0101770848,0100101308,Mua chỉ may và phụ liệu,19345000000,1934500000,mua_vao,0,305
0000001,2021-05-08,0102264812,0100101308,Dịch vụ gia công cắt may,38923000000,3892300000,mua_vao,0,307
0000001,2021-05-09,0103769372,0100101308,Mua điện năng sản xuất,31456000000,0,mua_vao,0,308
0000001,2021-05-10,0101437981,0100101308,Mua vải nguyên liệu,58234000000,5823400000,mua_vao,0,309
0000001,2021-05-11,0102159423,0100101308,Mua bao bì đóng gói,21345000000,2134500000,mua_vao,0,310
0000001,2021-10-01,0101056111,0100101308,Mua vải nguyên liệu,64567000000,6456700000,mua_vao,0,312
0000001,2021-10-03,0104141407,0100101308,Mua hóa chất giặt nhuộm,27456000000,2745600000,mua_vao,0,314
0000001,2021-10-04,0101377820,0100101308,Mua vải nguyên liệu,55678000000,5567800000,mua_vao,0,315
0000001,2021-10-05,0102712091,0100101308,Mua chỉ may và phụ liệu,23456000000,2345600000,mua_vao,0,316
0000001,2021-10-06,0101435247,0100101308,Mua kim khâu và phụ kiện,14567000000,1456700000,mua_vao,0,317
0000001,2021-10-08,0102625829,0100101308,Dịch vụ gia công cắt may,42345000000,4234500000,mua_vao,0,319
0000001,2021-10-09,0101329672,0100101308,Mua hóa chất giặt nhuộm,31234000000,3123400000,mua_vao,0,320
0000001,2021-10-10,0100680623,0100101308,Mua vải nguyên liệu,59234000000,5923400000,mua_vao,0,321
0000001,2021-01-15,0102311149,0100101308,Mua vải nguyên liệu,47234000000,4723400000,mua_vao,0,324
0000001,2021-02-15,0101225306,0100101308,Dịch vụ vận chuyển hàng hóa,16789000000,1678900000,mua_vao,0,325
0000001,2021-03-15,0101639000,0100101308,Mua vải nguyên liệu,52345000000,5234500000,mua_vao,0,326
0000001,2021-04-15,0103240765,0100101308,Mua hóa chất giặt nhuộm,28123000000,2812300000,mua_vao,0,327
0000001,2021-05-15,0100373485,0100101308,Mua chỉ may và phụ liệu,21456000000,2145600000,mua_vao,0,328
0000001,2021-06-15,0101380936,0100101308,Mua vải nguyên liệu,63456000000,6345600000,mua_vao,0,329
0000002,2021-08-15,0101601092,0100101308,Mua vải nguyên liệu,56789000000,5678900000,mua_vao,0,331
0000002,2021-09-15,0100902202,0100101308,Mua bao bì đóng gói,22345000000,2234500000,mua_vao,0,332
0000002,2021-11-15,0104141407,0100101308,Mua vải nguyên liệu,67890000000,6789000000,mua_vao,0,334
0000002,2021-12-15,0103769372,0100101308,Dịch vụ vận chuyển hàng hóa,17234000000,1723400000,mua_vao,0,335
0000002,2021-01-20,0102264812,0100101308,Mua hóa chất giặt nhuộm,29456000000,2945600000,mua_vao,0,336
0000002,2021-02-20,0101377820,0100101308,Mua vải nguyên liệu,48923000000,4892300000,mua_vao,0,337
0000002,2021-03-20,0102331787,0100101308,Dịch vụ gia công cắt may,35678000000,3567800000,mua_vao,0,338
0000002,2021-04-20,0100105503,0100101308,Mua vải nguyên liệu,71234000000,7123400000,mua_vao,0,339
0000002,2021-05-20,0102159423,0100101308,Mua chỉ may và phụ liệu,21123000000,2112300000,mua_vao,0,340
0000002,2021-06-20,0101056111,0100101308,Mua bao bì đóng gói,23456000000,2345600000,mua_vao,0,341
0000002,2021-08-20,0102712091,0100101308,Mua vải nguyên liệu,54321000000,5432100000,mua_vao,0,343
0000002,2021-09-20,0101435247,0100101308,Dịch vụ gia công cắt may,41234000000,4123400000,mua_vao,0,344
0000002,2021-10-20,0101639000,0100101308,Mua vải nguyên liệu,57890000000,5789000000,mua_vao,0,345
0000002,2021-12-20,0101770848,0100101308,Mua hóa chất giặt nhuộm,26789000000,2678900000,mua_vao,0,347
0000002,2021-01-25,0102625829,0100101308,Mua vải nguyên liệu,62345000000,6234500000,mua_vao,0,348
0000002,2021-02-25,0101329672,0100101308,Dịch vụ vận chuyển hàng hóa,17890000000,1789000000,mua_vao,0,349
0000002,2021-03-25,0100680623,0100101308,Mua vải nguyên liệu,49234000000,4923400000,mua_vao,0,350
0000002,2021-06-25,0102311149,0100101308,Mua điện năng sản xuất,33456000000,0,mua_vao,0,353
0000002,2021-07-25,0101225306,0100101308,Mua vải nguyên liệu,58234000000,5823400000,mua_vao,0,354
0000002,2021-08-25,0103240765,0100101308,Dịch vụ gia công cắt may,38901000000,3890100000,mua_vao,0,355
0000002,2021-09-25,0100373485,0100101308,Mua vải nguyên liệu,53789000000,5378900000,mua_vao,0,356
0000002,2021-10-25,0101380936,0100101308,Mua hóa chất giặt nhuộm,27234000000,2723400000,mua_vao,0,357
0000003,2021-01-28,0101601092,0100101308,Mua vải nguyên liệu,66234000000,6623400000,mua_vao,0,360
0000003,2021-02-28,0100902202,0100101308,Dịch vụ vận chuyển hàng hóa,16567000000,1656700000,mua_vao,0,361
0000003,2021-03-28,0102331787,0100101308,Mua vải nguyên liệu,51234000000,5123400000,mua_vao,0,362
0000003,2021-07-28,0103769372,0100101308,Mua vải nguyên liệu,55678000000,5567800000,mua_vao,0,364
0000003,2021-08-28,0102264812,0100101308,Mua chỉ may và phụ liệu,21890000000,2189000000,mua_vao,0,365
0000003,2021-10-28,0101377820,0100101308,Dịch vụ gia công cắt may,36789000000,3678900000,mua_vao,0,366
0000003,2021-01-31,0100105503,0100101308,Mua điện năng sản xuất,29345000000,0,mua_vao,0,367
0000003,2021-03-31,0102159423,0100101308,Mua vải nguyên liệu,48901000000,4890100000,mua_vao,0,368
0000003,2021-05-31,0101056111,0100101308,Mua bao bì đóng gói,22234000000,2223400000,mua_vao,0,369
0000003,2021-07-31,0102712091,0100101308,Mua vải nguyên liệu,58901000000,5890100000,mua_vao,0,370
0000003,2021-08-31,0101435247,0100101308,Dịch vụ vận chuyển hàng hóa,18901000000,1890100000,mua_vao,0,371
0000003,2021-10-31,0101639000,0100101308,Mua vải nguyên liệu,52234000000,5223400000,mua_vao,0,372
0000003,2021-10-31,0100373485,0100101308,Mua hóa chất giặt nhuộm,27890000000,2789000000,mua_vao,0,374
0000003,2021-10-31,0102625829,0100101308,Mua vải nguyên liệu,61234000000,6123400000,mua_vao,0,375
0000003,2021-10-31,0101770848,0100101308,Dịch vụ gia công cắt may,37890000000,3789000000,mua_vao,0,376
0000003,2021-10-31,0101380936,0100101308,Mua kim khâu và phụ kiện,14890000000,1489000000,mua_vao,0,377
0000003,2021-12-01,0102311149,0100101308,Mua vải nguyên liệu,55234000000,5523400000,mua_vao,0,378
0000003,2021-12-01,0101225306,0100101308,Mua bao bì đóng gói,23901000000,2390100000,mua_vao,0,379
0000003,2021-12-01,0101329672,0100101308,Mua vải nguyên liệu,57234000000,5723400000,mua_vao,0,380
0000003,2021-12-01,0100680623,0100101308,Dịch vụ gia công cắt may,40234000000,4023400000,mua_vao,0,381
0000003,2021-12-31,0104141407,0100101308,Mua chỉ may và phụ liệu,20234000000,2023400000,mua_vao,0,384
0000004,2021-12-31,0102264812,0100101308,Mua bao bì đóng gói,25890000000,2589000000,mua_vao,0,385
0000004,2021-12-31,0103769372,0100101308,Mua điện năng sản xuất,35234000000,0,mua_vao,0,386
0000004,2021-12-31,0101601092,0100101308,Dịch vụ gia công cắt may,41890000000,4189000000,mua_vao,0,388
0000004,2021-12-31,0100902202,0100101308,Mua vải nguyên liệu,50234000000,5023400000,mua_vao,0,389
0000004,2021-12-31,0102331787,0100101308,Mua chỉ may và phụ liệu,22901000000,2290100000,mua_vao,0,390
0000004,2021-12-31,0100105503,0100101308,Mua kim khâu và phụ kiện,15234000000,1523400000,mua_vao,0,392
0000004,2021-12-31,0102159423,0100101308,Mua vải nguyên liệu,57890000000,5789000000,mua_vao,0,393
0000004,2021-12-31,0101056111,0100101308,Dịch vụ vận chuyển hàng hóa,19234000000,1923400000,mua_vao,0,394
0000004,2021-12-31,0102712091,0100101308,Mua bao bì đóng gói,24890000000,2489000000,mua_vao,0,395
0000004,2021-12-31,0101435247,0100101308,Mua vải nguyên liệu,54890000000,5489000000,mua_vao,0,396
0000004,2021-12-31,0101639000,0100101308,Dịch vụ gia công cắt may,38234000000,3823400000,mua_vao,0,397
0000004,2021-12-31,0101770848,0100101308,Mua vải nguyên liệu,61890000000,6189000000,mua_vao,0,399
0000002,2021-05-02,0100101308,0103711478,Bán hàng may mặc xuất khẩu,89234000000,0,ban_ra,0,401
0000004,2021-05-04,0100101308,0100113494,Bán hàng may mặc xuất khẩu,95678000000,0,ban_ra,0,403
0000005,2021-05-05,0100101308,0102159423,Bán vải và hàng dệt may,43456000000,4345600000,ban_ra,0,404
0000007,2021-05-07,0100101308,0102264812,Bán hàng may mặc xuất khẩu,112345000000,0,ban_ra,0,406
0000008,2021-05-08,0100101308,0101056111,Bán đồng phục theo đơn hàng,38901000000,3890100000,ban_ra,0,407
0000009,2021-05-09,0100101308,0104141407,Bán sản phẩm may mặc thành phẩm,72345000000,7234500000,ban_ra,0,408
0000011,2021-05-11,0100101308,0102331787,Bán vải và hàng dệt may,47890000000,4789000000,ban_ra,0,410
0000012,2021-05-12,0100101308,0100680623,Bán sản phẩm may mặc thành phẩm,63456000000,6345600000,ban_ra,0,411
0000014,2021-10-02,0100101308,0102712091,Bán đồng phục theo đơn hàng,42345000000,4234500000,ban_ra,0,413
0000015,2021-10-03,0100101308,0103240765,Bán sản phẩm may mặc thành phẩm,78901000000,7890100000,ban_ra,0,414
0000016,2021-10-04,0100101308,0101770848,Bán hàng may mặc xuất khẩu,87234000000,0,ban_ra,0,415
0000017,2021-10-05,0100101308,0102625829,Bán vải và hàng dệt may,51234000000,5123400000,ban_ra,0,416
0000018,2021-10-06,0100101308,0101435247,Bán sản phẩm may mặc thành phẩm,67890000000,6789000000,ban_ra,0,417
0000020,2021-10-08,0100101308,0103769372,Bán đồng phục theo đơn hàng,38234000000,3823400000,ban_ra,0,419
0000021,2021-10-09,0100101308,0101329672,Bán sản phẩm may mặc thành phẩm,72890000000,7289000000,ban_ra,0,420
0000022,2021-10-10,0100101308,0100902202,Bán hàng may mặc xuất khẩu,88234000000,0,ban_ra,0,421
0000024,2021-10-12,0100101308,0101601092,Bán sản phẩm may mặc thành phẩm,59234000000,5923400000,ban_ra,0,423
0000025,2021-01-15,0100101308,0100105503,Bán hàng may mặc xuất khẩu,102345000000,0,ban_ra,0,424
0000026,2021-02-15,0100101308,0101377820,Bán đồng phục theo đơn hàng,45678000000,4567800000,ban_ra,0,425
0000027,2021-03-15,0100101308,0102311149,Bán sản phẩm may mặc thành phẩm,68901000000,6890100000,ban_ra,0,426
0000028,2021-04-15,0100101308,0101225306,Bán hàng may mặc xuất khẩu,91234000000,0,ban_ra,0,427
0000029,2021-05-15,0100101308,0102159423,Bán vải và hàng dệt may,47890000000,4789000000,ban_ra,0,428
0000032,2021-08-15,0100101308,0104141407,Bán đồng phục theo đơn hàng,39234000000,3923400000,ban_ra,0,431
0000033,2021-09-15,0100101308,0100680623,Bán sản phẩm may mặc thành phẩm,71234000000,7123400000,ban_ra,0,432
0000035,2021-11-15,0100101308,0102264812,Bán vải và hàng dệt may,52345000000,5234500000,ban_ra,0,434
0000036,2021-12-15,0100101308,0101380936,Bán sản phẩm may mặc thành phẩm,66789000000,6678900000,ban_ra,0,435
0000037,2021-01-20,0100101308,0103711478,Bán hàng may mặc xuất khẩu,110234000000,0,ban_ra,0,436
0000038,2021-02-20,0100101308,0100373485,Bán đồng phục theo đơn hàng,41890000000,4189000000,ban_ra,0,437
0000039,2021-03-20,0100101308,0102712091,Bán sản phẩm may mặc thành phẩm,73456000000,7345600000,ban_ra,0,438
0000040,2021-04-20,0100101308,0101639000,Bán hàng may mặc xuất khẩu,94234000000,0,ban_ra,0,439
0000041,2021-05-20,0100101308,0103240765,Bán vải và hàng dệt may,48901000000,4890100000,ban_ra,0,440
0000042,2021-06-20,0100101308,0101435247,Bán sản phẩm may mặc thành phẩm,68234000000,6823400000,ban_ra,0,441
0000044,2021-08-20,0100101308,0102331787,Bán đồng phục theo đơn hàng,43456000000,4345600000,ban_ra,0,443
0000045,2021-09-20,0100101308,0100902202,Bán sản phẩm may mặc thành phẩm,69234000000,6923400000,ban_ra,0,444
0000047,2021-11-20,0100101308,0101601092,Bán vải và hàng dệt may,54234000000,5423400000,ban_ra,0,446
0000048,2021-12-20,0100101308,0103769372,Bán sản phẩm may mặc thành phẩm,74890000000,7489000000,ban_ra,0,447
0000049,2021-01-25,0100101308,0102625829,Bán hàng may mặc xuất khẩu,95678000000,0,ban_ra,0,448
0000050,2021-02-25,0100101308,0101329672,Bán đồng phục theo đơn hàng,40234000000,4023400000,ban_ra,0,449
0000051,2021-03-25,0100101308,0101225306,Bán sản phẩm may mặc thành phẩm,70890000000,7089000000,ban_ra,0,450
0000053,2021-05-25,0100101308,0100680623,Bán vải và hàng dệt may,55234000000,5523400000,ban_ra,0,452
0000054,2021-06-25,0100101308,0104141407,Bán sản phẩm may mặc thành phẩm,69890000000,6989000000,ban_ra,0,453
0000055,2021-07-25,0100101308,0102264812,Bán hàng may mặc xuất khẩu,97234000000,0,ban_ra,0,454
0000057,2021-09-25,0100101308,0101380936,Bán sản phẩm may mặc thành phẩm,71890000000,7189000000,ban_ra,0,456
0000059,2021-11-25,0100101308,0103711478,Bán vải và hàng dệt may,51890000000,5189000000,ban_ra,0,458
0000060,2021-12-25,0100101308,0101377820,Bán sản phẩm may mặc thành phẩm,66456000000,6645600000,ban_ra,0,459
0000061,2021-01-31,0100101308,0100373485,Bán hàng may mặc xuất khẩu,93456000000,0,ban_ra,0,460
0000062,2021-03-31,0100101308,0102311149,Bán đồng phục theo đơn hàng,41456000000,4145600000,ban_ra,0,461
0000063,2021-05-31,0100101308,0102712091,Bán sản phẩm may mặc thành phẩm,72456000000,7245600000,ban_ra,0,462
0000064,2021-07-31,0100101308,0101639000,Bán hàng may mặc xuất khẩu,90456000000,0,ban_ra,0,463
0000065,2021-08-31,0100101308,0101435247,Bán vải và hàng dệt may,54890000000,5489000000,ban_ra,0,464
0000066,2021-10-31,0100101308,0100902202,Bán sản phẩm may mặc thành phẩm,70456000000,7045600000,ban_ra,0,465
0000068,2021-10-31,0100101308,0102331787,Bán đồng phục theo đơn hàng,42890000000,4289000000,ban_ra,0,467
0000069,2021-12-01,0100101308,0101601092,Bán sản phẩm may mặc thành phẩm,73890000000,7389000000,ban_ra,0,468
0000070,2021-12-31,0100101308,0100105503,Bán hàng may mặc xuất khẩu,89456000000,0,ban_ra,0,469
0000005,2021-05-02,0101601092,0100101403,Mua chỉ may và phụ liệu,21456000000,2145600000,mua_vao,0,471
0000005,2021-05-03,0100902202,0100101403,Dịch vụ gia công cắt may,34567000000,3456700000,mua_vao,0,472
0000001,2021-05-04,0103711478,0100101403,Mua vải nguyên liệu,45678000000,4567800000,mua_vao,0,473
0000005,2021-05-05,0101435247,0100101403,Mua hóa chất giặt nhuộm,18234000000,1823400000,mua_vao,0,474
0000005,2021-05-06,0102331787,0100101403,Mua vải nguyên liệu,52345000000,5234500000,mua_vao,0,475
0000005,2021-05-08,0101770848,0100101403,Dịch vụ gia công cắt may,29345000000,2934500000,mua_vao,0,477
0000004,2021-05-09,0102625829,0100101403,Mua điện năng sản xuất,24567000000,0,mua_vao,0,478
0000005,2021-05-11,0103769372,0100101403,Mua bao bì đóng gói,15678000000,1567800000,mua_vao,0,480
0000002,2021-05-12,0101437981,0100101403,Mua vải nguyên liệu,42345000000,4234500000,mua_vao,0,481
0000005,2021-10-01,0102159423,0100101403,Dịch vụ vận chuyển hàng hóa,13456000000,1345600000,mua_vao,0,482
0000004,2021-10-02,0101380936,0100101403,Mua vải nguyên liệu,55678000000,5567800000,mua_vao,0,483
0000004,2021-10-03,0104141407,0100101403,Mua chỉ may và phụ liệu,19234000000,1923400000,mua_vao,0,484
0000005,2021-10-04,0102712091,0100101403,Mua hóa chất giặt nhuộm,22345000000,2234500000,mua_vao,0,485
0000004,2021-10-06,0100373485,0100101403,Dịch vụ gia công cắt may,31234000000,3123400000,mua_vao,0,487
0000004,2021-10-07,0101329672,0100101403,Mua vải nguyên liệu,39234000000,3923400000,mua_vao,0,488
0000004,2021-10-08,0100680623,0100101403,Mua bao bì đóng gói,16345000000,1634500000,mua_vao,0,489
0000005,2021-10-09,0102264812,0100101403,Mua chỉ may và phụ liệu,20234000000,2023400000,mua_vao,0,490
0000004,2021-10-12,0102311149,0100101403,Mua vải nguyên liệu,51234000000,5123400000,mua_vao,0,493
0000004,2021-01-15,0101225306,0100101403,Dịch vụ gia công cắt may,28901000000,2890100000,mua_vao,0,494
0000003,2021-03-15,0103240765,0100101403,Mua chỉ may và phụ liệu,17890000000,1789000000,mua_vao,0,496
0000001,2021-04-15,0100113494,0100101403,Mua hóa chất giặt nhuộm,21345000000,2134500000,mua_vao,0,497
0000005,2021-05-15,0101056111,0100101403,Mua vải nguyên liệu,48901000000,4890100000,mua_vao,0,498
0000006,2021-07-15,0101601092,0100101403,Mua vải nguyên liệu,39890000000,3989000000,mua_vao,0,500
0000006,2021-08-15,0100902202,0100101403,Mua bao bì đóng gói,17234000000,1723400000,mua_vao,0,501
0000002,2021-09-15,0103711478,0100101403,Mua vải nguyên liệu,52890000000,5289000000,mua_vao,0,502
0000006,2021-10-15,0101435247,0100101403,Mua chỉ may và phụ liệu,18901000000,1890100000,mua_vao,0,503
0000006,2021-11-15,0102331787,0100101403,Mua hóa chất giặt nhuộm,23456000000,2345600000,mua_vao,0,504
0000006,2021-01-20,0101770848,0100101403,Dịch vụ gia công cắt may,32345000000,3234500000,mua_vao,0,506
0000005,2021-02-20,0102625829,0100101403,Mua vải nguyên liệu,41234000000,4123400000,mua_vao,0,507
0000006,2021-04-20,0103769372,0100101403,Mua vải nguyên liệu,50234000000,5023400000,mua_vao,0,509
0000003,2021-05-20,0101437981,0100101403,Mua điện năng sản xuất,21890000000,0,mua_vao,0,510
0000006,2021-06-20,0102159423,0100101403,Mua bao bì đóng gói,15234000000,1523400000,mua_vao,0,511
0000005,2021-07-20,0101380936,0100101403,Mua vải nguyên liệu,46789000000,4678900000,mua_vao,0,512
0000005,2021-08-20,0104141407,0100101403,Dịch vụ gia công cắt may,30234000000,3023400000,mua_vao,0,513
0000006,2021-09-20,0102712091,0100101403,Mua vải nguyên liệu,43890000000,4389000000,mua_vao,0,514
0000005,2021-11-20,0100373485,0100101403,Mua hóa chất giặt nhuộm,22890000000,2289000000,mua_vao,0,516
0000005,2021-12-20,0101329672,0100101403,Mua vải nguyên liệu,49234000000,4923400000,mua_vao,0,517
0000005,2021-01-25,0100680623,0100101403,Dịch vụ vận chuyển hàng hóa,14890000000,1489000000,mua_vao,0,518
0000006,2021-02-25,0102264812,0100101403,Mua vải nguyên liệu,39567000000,3956700000,mua_vao,0,519
0000005,2021-05-25,0102311149,0100101403,Dịch vụ gia công cắt may,29890000000,2989000000,mua_vao,0,522
0000005,2021-06-25,0101225306,0100101403,Mua chỉ may và phụ liệu,17456000000,1745600000,mua_vao,0,523
0000004,2021-08-25,0103240765,0100101403,Mua hóa chất giặt nhuộm,21890000000,2189000000,mua_vao,0,525
0000002,2021-09-25,0100113494,0100101403,Mua vải nguyên liệu,42234000000,4223400000,mua_vao,0,526
0000006,2021-10-25,0101056111,0100101403,Dịch vụ gia công cắt may,31890000000,3189000000,mua_vao,0,527
0000007,2021-12-25,0101601092,0100101403,Mua điện năng sản xuất,23456000000,0,mua_vao,0,529
0000007,2021-01-31,0100902202,0100101403,Mua vải nguyên liệu,40234000000,4023400000,mua_vao,0,530
0000003,2021-03-31,0103711478,0100101403,Mua bao bì đóng gói,15890000000,1589000000,mua_vao,0,531
0000007,2021-05-31,0101435247,0100101403,Mua vải nguyên liệu,47890000000,4789000000,mua_vao,0,532
0000007,2021-07-31,0102331787,0100101403,Dịch vụ gia công cắt may,29456000000,2945600000,mua_vao,0,533
0000007,2021-10-31,0101770848,0100101403,Mua chỉ may và phụ liệu,18234000000,1823400000,mua_vao,0,535
0000006,2021-10-31,0102625829,0100101403,Mua vải nguyên liệu,50890000000,5089000000,mua_vao,0,536
0000007,2021-12-31,0103769372,0100101403,Mua vải nguyên liệu,47456000000,4745600000,mua_vao,0,538
0000004,2021-12-31,0101437981,0100101403,Dịch vụ vận chuyển hàng hóa,15456000000,1545600000,mua_vao,0,539
0000002,2021-05-03,0100101403,0103711478,Bán hàng may mặc xuất khẩu,72345000000,0,ban_ra,0,541
0000004,2021-05-07,0100101403,0100113494,Bán hàng may mặc xuất khẩu,78901000000,0,ban_ra,0,543
0000005,2021-05-09,0100101403,0102159423,Bán vải và hàng dệt may,34567000000,3456700000,ban_ra,0,544
0000007,2021-10-01,0100101403,0102264812,Bán hàng may mặc xuất khẩu,89234000000,0,ban_ra,0,546
0000008,2021-10-03,0100101403,0101056111,Bán đồng phục theo đơn hàng,31234000000,3123400000,ban_ra,0,547
0000009,2021-10-05,0100101403,0104141407,Bán sản phẩm may mặc thành phẩm,57890000000,5789000000,ban_ra,0,548
0000011,2021-10-09,0100101403,0102331787,Bán vải và hàng dệt may,38901000000,3890100000,ban_ra,0,550
0000012,2021-10-11,0100101403,0100680623,Bán sản phẩm may mặc thành phẩm,51234000000,5123400000,ban_ra,0,551
0000014,2021-03-15,0100101403,0102712091,Bán đồng phục theo đơn hàng,33456000000,3345600000,ban_ra,0,553
0000015,2021-05-15,0100101403,0103240765,Bán sản phẩm may mặc thành phẩm,62345000000,6234500000,ban_ra,0,554
0000016,2021-07-15,0100101403,0101770848,Bán hàng may mặc xuất khẩu,69234000000,0,ban_ra,0,555
0000017,2021-09-15,0100101403,0102625829,Bán vải và hàng dệt may,41234000000,4123400000,ban_ra,0,556
0000018,2021-11-15,0100101403,0101435247,Bán sản phẩm may mặc thành phẩm,55678000000,5567800000,ban_ra,0,557
0000020,2021-03-20,0100101403,0103769372,Bán đồng phục theo đơn hàng,31890000000,3189000000,ban_ra,0,559
0000021,2021-05-20,0100101403,0101329672,Bán sản phẩm may mặc thành phẩm,58901000000,5890100000,ban_ra,0,560
0000022,2021-07-20,0100101403,0100902202,Bán hàng may mặc xuất khẩu,71234000000,0,ban_ra,0,561
0000024,2021-11-20,0100101403,0101601092,Bán sản phẩm may mặc thành phẩm,49234000000,4923400000,ban_ra,0,563
0000025,2021-01-25,0100101403,0100105503,Bán hàng may mặc xuất khẩu,82345000000,0,ban_ra,0,564
0000026,2021-03-25,0100101403,0101377820,Bán đồng phục theo đơn hàng,36789000000,3678900000,ban_ra,0,565
0000027,2021-05-25,0100101403,0102311149,Bán sản phẩm may mặc thành phẩm,56789000000,5678900000,ban_ra,0,566
0000028,2021-07-25,0100101403,0101225306,Bán hàng may mặc xuất khẩu,72890000000,0,ban_ra,0,567
0000029,2021-09-25,0100101403,0102159423,Bán vải và hàng dệt may,38456000000,3845600000,ban_ra,0,568
0000032,2021-03-31,0100101403,0104141407,Bán đồng phục theo đơn hàng,32345000000,3234500000,ban_ra,0,571
0000033,2021-05-31,0100101403,0100680623,Bán sản phẩm may mặc thành phẩm,57890000000,5789000000,ban_ra,0,572
0000035,2021-08-31,0100101403,0102264812,Bán vải và hàng dệt may,42345000000,4234500000,ban_ra,0,574
0000036,2021-10-31,0100101403,0101380936,Bán sản phẩm may mặc thành phẩm,54567000000,5456700000,ban_ra,0,575
0000037,2021-10-31,0100101403,0103711478,Bán hàng may mặc xuất khẩu,88234000000,0,ban_ra,0,576
0000038,2021-10-31,0100101403,0100373485,Bán đồng phục theo đơn hàng,34890000000,3489000000,ban_ra,0,577
0000039,2021-12-01,0100101403,0102712091,Bán sản phẩm may mặc thành phẩm,59567000000,5956700000,ban_ra,0,578
0000040,2021-12-31,0100101403,0101639000,Bán hàng may mặc xuất khẩu,75234000000,0,ban_ra,0,579
0000041,2021-12-31,0100101403,0103240765,Bán vải và hàng dệt may,39456000000,3945600000,ban_ra,0,580
0000042,2021-12-31,0100101403,0101435247,Bán sản phẩm may mặc thành phẩm,55234000000,5523400000,ban_ra,0,581
0000044,2021-12-31,0100101403,0102331787,Bán đồng phục theo đơn hàng,35234000000,3523400000,ban_ra,0,583
0000045,2021-12-31,0100101403,0100902202,Bán sản phẩm may mặc thành phẩm,56789000000,5678900000,ban_ra,0,584
0000047,2021-12-31,0100101403,0101601092,Bán vải và hàng dệt may,44567000000,4456700000,ban_ra,0,586
0000048,2021-12-31,0100101403,0103769372,Bán sản phẩm may mặc thành phẩm,60234000000,6023400000,ban_ra,0,587
0000049,2021-12-31,0100101403,0102625829,Bán hàng may mặc xuất khẩu,77890000000,0,ban_ra,0,588
0000050,2021-12-31,0100101403,0101329672,Bán đồng phục theo đơn hàng,33456000000,3345600000,ban_ra,0,589
0000004,2021-05-02,0103711478,0100105503,Mua gạch đá cát xây dựng,18234000000,1823400000,mua_vao,0,591
0000008,2021-05-03,0101601092,0100105503,Thuê máy móc thiết bị thi công,25678000000,2567800000,mua_vao,0,592
0000007,2021-05-04,0102264812,0100105503,"Mua vật liệu XD (xi măng, sắt thép)",41234000000,4123400000,mua_vao,0,593
0000008,2021-05-07,0102331787,0100105503,Mua sơn và vật liệu hoàn thiện,16789000000,1678900000,mua_vao,0,596
0000005,2021-05-08,0101437981,0100105503,Thuê máy móc thiết bị thi công,22345000000,2234500000,mua_vao,0,597
0000007,2021-05-09,0102159423,0100105503,Dịch vụ thiết kế tư vấn XD,18901000000,1890100000,mua_vao,0,598
0000007,2021-05-11,0101056111,0100105503,Mua điện nước công trình,19234000000,1923400000,mua_vao,0,600
0000007,2021-05-12,0102625829,0100105503,Mua gạch đá cát xây dựng,14234000000,1423400000,mua_vao,0,601
0000008,2021-10-01,0103769372,0100105503,"Mua vật liệu XD (xi măng, sắt thép)",36789000000,3678900000,mua_vao,0,602
0000006,2021-10-02,0100680623,0100105503,Thuê máy móc thiết bị thi công,28456000000,2845600000,mua_vao,0,603
0000007,2021-10-04,0102712091,0100105503,"Mua vật liệu XD (xi măng, sắt thép)",39234000000,3923400000,mua_vao,0,605
0000006,2021-10-05,0104141407,0100105503,Dịch vụ thiết kế tư vấn XD,21345000000,2134500000,mua_vao,0,606
0000006,2021-10-07,0100373485,0100105503,Mua gạch đá cát xây dựng,15678000000,1567800000,mua_vao,0,608
0000006,2021-10-08,0102311149,0100105503,Dịch vụ vận chuyển vật liệu,13456000000,1345600000,mua_vao,0,609
0000006,2021-10-09,0101225306,0100105503,"Mua vật liệu XD (xi măng, sắt thép)",42345000000,4234500000,mua_vao,0,610
0000008,2021-10-10,0101770848,0100105503,Thuê máy móc thiết bị thi công,25678000000,2567800000,mua_vao,0,611
0000005,2021-10-11,0103240765,0100105503,Mua sơn và vật liệu hoàn thiện,16234000000,1623400000,mua_vao,0,612
0000008,2021-10-12,0101435247,0100105503,"Mua vật liệu XD (xi măng, sắt thép)",38901000000,3890100000,mua_vao,0,613
0000005,2021-02-15,0101639000,0100105503,"Mua vật liệu XD (xi măng, sắt thép)",35678000000,3567800000,mua_vao,0,615
0000006,2021-03-15,0101329672,0100105503,Mua điện nước công trình,18901000000,1890100000,mua_vao,0,616
0000009,2021-05-15,0101601092,0100105503,"Mua vật liệu XD (xi măng, sắt thép)",41234000000,4123400000,mua_vao,0,618
0000005,2021-06-15,0103711478,0100105503,Thuê máy móc thiết bị thi công,27890000000,2789000000,mua_vao,0,619
0000008,2021-07-15,0102264812,0100105503,Mua sơn và vật liệu hoàn thiện,17234000000,1723400000,mua_vao,0,620
0000009,2021-10-15,0102331787,0100105503,"Mua vật liệu XD (xi măng, sắt thép)",37234000000,3723400000,mua_vao,0,623
0000006,2021-11-15,0101437981,0100105503,Dịch vụ thiết kế tư vấn XD,20234000000,2023400000,mua_vao,0,624
0000008,2021-12-15,0102159423,0100105503,Mua gạch đá cát xây dựng,13890000000,1389000000,mua_vao,0,625
0000008,2021-02-20,0101056111,0100105503,Thuê máy móc thiết bị thi công,26789000000,2678900000,mua_vao,0,627
0000008,2021-03-20,0102625829,0100105503,Mua điện nước công trình,17890000000,1789000000,mua_vao,0,628
0000009,2021-04-20,0103769372,0100105503,"Mua vật liệu XD (xi măng, sắt thép)",39567000000,3956700000,mua_vao,0,629
0000007,2021-05-20,0100680623,0100105503,Mua sơn và vật liệu hoàn thiện,16567000000,1656700000,mua_vao,0,630
0000008,2021-07-20,0102712091,0100105503,Dịch vụ vận chuyển vật liệu,13234000000,1323400000,mua_vao,0,632
0000007,2021-08-20,0104141407,0100105503,"Mua vật liệu XD (xi măng, sắt thép)",42345000000,4234500000,mua_vao,0,633
0000007,2021-10-20,0100373485,0100105503,Mua gạch đá cát xây dựng,14234000000,1423400000,mua_vao,0,635
0000007,2021-11-20,0102311149,0100105503,"Mua vật liệu XD (xi măng, sắt thép)",37890000000,3789000000,mua_vao,0,636
0000007,2021-12-20,0101225306,0100105503,Dịch vụ thiết kế tư vấn XD,19890000000,1989000000,mua_vao,0,637
0000009,2021-01-25,0101770848,0100105503,"Mua vật liệu XD (xi măng, sắt thép)",41890000000,4189000000,mua_vao,0,638
0000006,2021-02-25,0103240765,0100105503,Mua sơn và vật liệu hoàn thiện,16890000000,1689000000,mua_vao,0,639
0000009,2021-03-25,0101435247,0100105503,Mua điện nước công trình,17234000000,1723400000,mua_vao,0,640
0000006,2021-05-25,0101639000,0100105503,Thuê máy móc thiết bị thi công,26234000000,2623400000,mua_vao,0,642
0000007,2021-06-25,0101329672,0100105503,"Mua vật liệu XD (xi măng, sắt thép)",42890000000,4289000000,mua_vao,0,643
0000010,2021-08-25,0101601092,0100105503,Mua gạch đá cát xây dựng,13678000000,1367800000,mua_vao,0,645
0000006,2021-09-25,0103711478,0100105503,"Mua vật liệu XD (xi măng, sắt thép)",40234000000,4023400000,mua_vao,0,646
0000009,2021-10-25,0102264812,0100105503,Dịch vụ thiết kế tư vấn XD,20890000000,2089000000,mua_vao,0,647
0000002,2021-10-03,0100105503,0103711478,Bán công trình xây dựng hoàn thiện,56789000000,5678900000,ban_ra,0,651
0000004,2021-10-07,0100105503,0100113494,Bán công trình xây dựng hoàn thiện,72345000000,7234500000,ban_ra,0,653
0000005,2021-10-09,0100105503,0102159423,Dịch vụ sửa chữa cải tạo công trình,18901000000,1890100000,ban_ra,0,654
0000007,2021-01-15,0100105503,0102264812,Bán công trình xây dựng hoàn thiện,65234000000,6523400000,ban_ra,0,656
0000008,2021-03-15,0100105503,0101056111,Bán vật liệu xây dựng,22345000000,2234500000,ban_ra,0,657
0000009,2021-05-15,0100105503,0104141407,Bán dịch vụ thi công xây dựng,34567000000,3456700000,ban_ra,0,658
0000011,2021-09-15,0100105503,0102331787,Dịch vụ sửa chữa cải tạo công trình,21234000000,2123400000,ban_ra,0,660
0000012,2021-11-15,0100105503,0100680623,Bán dịch vụ thi công xây dựng,29345000000,2934500000,ban_ra,0,661
0000014,2021-03-20,0100105503,0102712091,Bán vật liệu xây dựng,23456000000,2345600000,ban_ra,0,663
0000015,2021-05-20,0100105503,0103240765,Bán dịch vụ thi công xây dựng,38901000000,3890100000,ban_ra,0,664
0000016,2021-07-20,0100105503,0101770848,Bán công trình xây dựng hoàn thiện,71234000000,7123400000,ban_ra,0,665
0000017,2021-09-20,0100105503,0102625829,Dịch vụ sửa chữa cải tạo công trình,19234000000,1923400000,ban_ra,0,666
0000018,2021-11-20,0100105503,0101435247,Bán dịch vụ thi công xây dựng,32345000000,3234500000,ban_ra,0,667
0000020,2021-03-25,0100105503,0103769372,Bán vật liệu xây dựng,24567000000,2456700000,ban_ra,0,669
0000021,2021-05-25,0100105503,0101329672,Bán dịch vụ thi công xây dựng,36789000000,3678900000,ban_ra,0,670
0000022,2021-07-25,0100105503,0100902202,Bán công trình xây dựng hoàn thiện,74567000000,7456700000,ban_ra,0,671
0000024,2021-11-25,0100105503,0101601092,Bán dịch vụ thi công xây dựng,35678000000,3567800000,ban_ra,0,673
0000025,2021-01-31,0100105503,0100105503,Bán công trình xây dựng hoàn thiện,63456000000,6345600000,ban_ra,0,674
0000026,2021-03-31,0100105503,0101377820,Bán vật liệu xây dựng,21234000000,2123400000,ban_ra,0,675
0000027,2021-05-31,0100105503,0102311149,Bán dịch vụ thi công xây dựng,37890000000,3789000000,ban_ra,0,676
0000028,2021-07-31,0100105503,0101225306,Bán công trình xây dựng hoàn thiện,72345000000,7234500000,ban_ra,0,677
0000029,2021-10-01,0100105503,0102159423,Dịch vụ sửa chữa cải tạo công trình,19890000000,1989000000,ban_ra,0,678
0000032,2021-12-31,0100105503,0104141407,Bán vật liệu xây dựng,22345000000,2234500000,ban_ra,0,681
0000033,2021-12-31,0100105503,0100680623,Bán dịch vụ thi công xây dựng,38901000000,3890100000,ban_ra,0,682
0000035,2021-12-31,0100105503,0102264812,Dịch vụ sửa chữa cải tạo công trình,21890000000,2189000000,ban_ra,0,684
0000036,2021-12-31,0100105503,0101380936,Bán dịch vụ thi công xây dựng,36789000000,3678900000,ban_ra,0,685
0000037,2021-12-31,0100105503,0103711478,Bán công trình xây dựng hoàn thiện,78234000000,7823400000,ban_ra,0,686
0000038,2021-12-31,0100105503,0100373485,Bán vật liệu xây dựng,23456000000,2345600000,ban_ra,0,687
0000039,2021-12-31,0100105503,0102712091,Bán dịch vụ thi công xây dựng,41234000000,4123400000,ban_ra,0,688
0000040,2021-12-31,0100105503,0101639000,Bán công trình xây dựng hoàn thiện,71890000000,7189000000,ban_ra,0,689
0000041,2021-12-31,0100105503,0103240765,Dịch vụ sửa chữa cải tạo công trình,20890000000,2089000000,ban_ra,0,690
0000042,2021-12-31,0100105503,0101435247,Bán dịch vụ thi công xây dựng,35678000000,3567800000,ban_ra,0,691
0000044,2021-12-31,0100105503,0102331787,Bán vật liệu xây dựng,24234000000,2423400000,ban_ra,0,693
0000045,2021-12-31,0100105503,0100902202,Bán dịch vụ thi công xây dựng,39456000000,3945600000,ban_ra,0,694
0000047,2021-12-31,0100105503,0101601092,Dịch vụ sửa chữa cải tạo công trình,21456000000,2145600000,ban_ra,0,696
0000048,2021-12-31,0100105503,0103769372,Bán dịch vụ thi công xây dựng,38234000000,3823400000,ban_ra,0,697
0000049,2021-12-31,0100105503,0102625829,Bán công trình xây dựng hoàn thiện,72890000000,7289000000,ban_ra,0,698
0000050,2021-12-31,0100105503,0101329672,Bán vật liệu xây dựng,25678000000,2567800000,ban_ra,0,699
0000007,2021-05-02,0103711478,0100113494,Chi phí vận chuyển logistics,18234000000,1823400000,mua_vao,0,701
0000011,2021-05-03,0101601092,0100113494,Mua hàng hóa trong nước,38901000000,3890100000,mua_vao,0,702
0000010,2021-05-04,0102264812,0100113494,Chi phí kho bãi,14567000000,1456700000,mua_vao,0,703
0000010,2021-05-07,0102331787,0100113494,Mua hàng hóa trong nước,44567000000,4456700000,mua_vao,0,706
0000007,2021-05-08,0101437981,0100113494,Chi phí vận chuyển logistics,19234000000,1923400000,mua_vao,0,707
0000009,2021-05-09,0102159423,0100113494,Mua hàng hóa nhập khẩu,55678000000,5567800000,mua_vao,0,708
0000009,2021-05-11,0101056111,0100113494,Mua hàng hóa trong nước,41234000000,4123400000,mua_vao,0,710
0000009,2021-05-12,0102625829,0100113494,Dịch vụ tư vấn thương mại,18901000000,1890100000,mua_vao,0,711
0000010,2021-10-01,0103769372,0100113494,Mua hàng hóa nhập khẩu,57890000000,5789000000,mua_vao,0,712
0000008,2021-10-02,0100680623,0100113494,Chi phí vận chuyển logistics,17234000000,1723400000,mua_vao,0,713
0000009,2021-10-04,0102712091,0100113494,Chi phí kho bãi,14890000000,1489000000,mua_vao,0,715
0000008,2021-10-05,0104141407,0100113494,Mua hàng hóa nhập khẩu,62345000000,6234500000,mua_vao,0,716
0000008,2021-10-07,0100373485,0100113494,Mua hàng hóa trong nước,45678000000,4567800000,mua_vao,0,718
0000008,2021-10-08,0102311149,0100113494,Chi phí vận chuyển logistics,16234000000,1623400000,mua_vao,0,719
0000008,2021-10-09,0101225306,0100113494,Mua hàng hóa nhập khẩu,59234000000,5923400000,mua_vao,0,720
0000010,2021-10-10,0101770848,0100113494,Chi phí kho bãi,13890000000,1389000000,mua_vao,0,721
0000007,2021-10-11,0103240765,0100113494,Mua hàng hóa trong nước,42345000000,4234500000,mua_vao,0,722
0000010,2021-10-12,0101435247,0100113494,Dịch vụ tư vấn thương mại,19234000000,1923400000,mua_vao,0,723
0000007,2021-02-15,0101639000,0100113494,Chi phí vận chuyển logistics,17890000000,1789000000,mua_vao,0,725
0000008,2021-03-15,0101329672,0100113494,Mua hàng hóa trong nước,40234000000,4023400000,mua_vao,0,726
0000012,2021-05-15,0101601092,0100113494,Mua hàng hóa nhập khẩu,56789000000,5678900000,mua_vao,0,728
0000008,2021-06-15,0103711478,0100113494,Dịch vụ khai thuê hải quan,15234000000,1523400000,mua_vao,0,729
0000011,2021-07-15,0102264812,0100113494,Mua hàng hóa trong nước,43567000000,4356700000,mua_vao,0,730
0000011,2021-10-15,0102331787,0100113494,Chi phí kho bãi,13456000000,1345600000,mua_vao,0,733
0000008,2021-11-15,0101437981,0100113494,Mua hàng hóa trong nước,41890000000,4189000000,mua_vao,0,734
0000010,2021-12-15,0102159423,0100113494,Dịch vụ tư vấn thương mại,19890000000,1989000000,mua_vao,0,735
0000010,2021-02-20,0101056111,0100113494,Chi phí vận chuyển logistics,17456000000,1745600000,mua_vao,0,737
0000010,2021-03-20,0102625829,0100113494,Mua hàng hóa trong nước,38901000000,3890100000,mua_vao,0,738
0000011,2021-04-20,0103769372,0100113494,Chi phí kho bãi,14567000000,1456700000,mua_vao,0,739
0000009,2021-05-20,0100680623,0100113494,Mua hàng hóa nhập khẩu,58234000000,5823400000,mua_vao,0,740
0000010,2021-07-20,0102712091,0100113494,Mua hàng hóa trong nước,44234000000,4423400000,mua_vao,0,742
0000009,2021-08-20,0104141407,0100113494,Chi phí vận chuyển logistics,16890000000,1689000000,mua_vao,0,743
0000009,2021-10-20,0100373485,0100113494,Chi phí kho bãi,14234000000,1423400000,mua_vao,0,745
0000009,2021-11-20,0102311149,0100113494,Mua hàng hóa trong nước,42890000000,4289000000,mua_vao,0,746
0000009,2021-12-20,0101225306,0100113494,Dịch vụ tư vấn thương mại,20234000000,2023400000,mua_vao,0,747
0000011,2021-01-25,0101770848,0100113494,Mua hàng hóa nhập khẩu,55678000000,5567800000,mua_vao,0,748
0000008,2021-02-25,0103240765,0100113494,Chi phí vận chuyển logistics,18901000000,1890100000,mua_vao,0,749
0000011,2021-03-25,0101435247,0100113494,Mua hàng hóa trong nước,39234000000,3923400000,mua_vao,0,750
0000008,2021-05-25,0101639000,0100113494,Mua hàng hóa nhập khẩu,57234000000,5723400000,mua_vao,0,752
0000009,2021-06-25,0101329672,0100113494,Dịch vụ khai thuê hải quan,15456000000,1545600000,mua_vao,0,753
0000013,2021-08-25,0101601092,0100113494,Chi phí vận chuyển logistics,17234000000,1723400000,mua_vao,0,755
0000009,2021-09-25,0103711478,0100113494,Mua hàng hóa nhập khẩu,59890000000,5989000000,mua_vao,0,756
0000012,2021-10-25,0102264812,0100113494,Chi phí kho bãi,14890000000,1489000000,mua_vao,0,757
0000012,2021-01-28,0102331787,0100113494,Mua hàng hóa nhập khẩu,56789000000,5678900000,mua_vao,0,760
0000009,2021-02-28,0101437981,0100113494,Chi phí vận chuyển logistics,18678000000,1867800000,mua_vao,0,761
0000011,2021-03-28,0102159423,0100113494,Mua hàng hóa trong nước,40890000000,4089000000,mua_vao,0,762
0000011,2021-08-28,0101056111,0100113494,Mua hàng hóa nhập khẩu,58901000000,5890100000,mua_vao,0,764
0000011,2021-10-28,0102625829,0100113494,Dịch vụ khai thuê hải quan,15890000000,1589000000,mua_vao,0,765
0000012,2021-01-31,0103769372,0100113494,Mua hàng hóa trong nước,44890000000,4489000000,mua_vao,0,766
0000010,2021-03-31,0100680623,0100113494,Chi phí vận chuyển logistics,17890000000,1789000000,mua_vao,0,767
0000011,2021-12-31,0102712091,0100113494,Chi phí kho bãi,15234000000,1523400000,mua_vao,0,769
0000002,2021-10-03,0100113494,0103711478,Xuất khẩu hàng hóa,72345000000,0,ban_ra,0,771
0000004,2021-10-07,0100113494,0100113494,Xuất khẩu hàng hóa,89234000000,0,ban_ra,0,773
0000005,2021-10-09,0100113494,0102159423,Cung cấp dịch vụ thương mại,29345000000,2934500000,ban_ra,0,774
0000007,2021-01-15,0100113494,0102264812,Xuất khẩu hàng hóa,95678000000,0,ban_ra,0,776
0000008,2021-03-15,0100113494,0101056111,Bán hàng hóa theo hợp đồng,42345000000,4234500000,ban_ra,0,777
0000009,2021-05-15,0100113494,0104141407,Bán hàng hóa thương mại nội địa,61234000000,6123400000,ban_ra,0,778
0000011,2021-09-15,0100113494,0102331787,Cung cấp dịch vụ thương mại,31234000000,3123400000,ban_ra,0,780
0000012,2021-11-15,0100113494,0100680623,Bán hàng hóa thương mại nội địa,57890000000,5789000000,ban_ra,0,781
0000014,2021-03-20,0100113494,0102712091,Bán hàng hóa theo hợp đồng,48901000000,4890100000,ban_ra,0,783
0000015,2021-05-20,0100113494,0103240765,Bán hàng hóa thương mại nội địa,65678000000,6567800000,ban_ra,0,784
0000016,2021-07-20,0100113494,0101770848,Xuất khẩu hàng hóa,87234000000,0,ban_ra,0,785
0000017,2021-09-20,0100113494,0102625829,Cung cấp dịch vụ thương mại,35678000000,3567800000,ban_ra,0,786
0000018,2021-11-20,0100113494,0101435247,Bán hàng hóa thương mại nội địa,62345000000,6234500000,ban_ra,0,787
0000020,2021-03-25,0100113494,0103769372,Bán hàng hóa theo hợp đồng,45678000000,4567800000,ban_ra,0,789
0000021,2021-05-25,0100113494,0101329672,Bán hàng hóa thương mại nội địa,68901000000,6890100000,ban_ra,0,790
0000022,2021-07-25,0100113494,0100902202,Xuất khẩu hàng hóa,92345000000,0,ban_ra,0,791
0000024,2021-11-25,0100113494,0101601092,Bán hàng hóa thương mại nội địa,65234000000,6523400000,ban_ra,0,793
0000025,2021-01-31,0100113494,0100105503,Xuất khẩu hàng hóa,95678000000,0,ban_ra,0,794
0000026,2021-03-31,0100113494,0101377820,Bán hàng hóa theo hợp đồng,44567000000,4456700000,ban_ra,0,795
0000027,2021-05-31,0100113494,0102311149,Bán hàng hóa thương mại nội địa,70234000000,7023400000,ban_ra,0,796
0000028,2021-07-31,0100113494,0101225306,Xuất khẩu hàng hóa,88901000000,0,ban_ra,0,797
0000029,2021-10-01,0100113494,0102159423,Cung cấp dịch vụ thương mại,37890000000,3789000000,ban_ra,0,798
0000032,2021-12-31,0100113494,0104141407,Bán hàng hóa theo hợp đồng,46789000000,4678900000,ban_ra,0,801
0000033,2021-12-31,0100113494,0100680623,Bán hàng hóa thương mại nội địa,73456000000,7345600000,ban_ra,0,802
0000035,2021-12-31,0100113494,0102264812,Cung cấp dịch vụ thương mại,39234000000,3923400000,ban_ra,0,804
0000036,2021-12-31,0100113494,0101380936,Bán hàng hóa thương mại nội địa,64567000000,6456700000,ban_ra,0,805
0000037,2021-12-31,0100113494,0103711478,Xuất khẩu hàng hóa,86234000000,0,ban_ra,0,806
0000038,2021-12-31,0100113494,0100373485,Bán hàng hóa theo hợp đồng,47890000000,4789000000,ban_ra,0,807
0000039,2021-12-31,0100113494,0102712091,Bán hàng hóa thương mại nội địa,71890000000,7189000000,ban_ra,0,808
0000040,2021-12-31,0100113494,0101639000,Xuất khẩu hàng hóa,89234000000,0,ban_ra,0,809
0000041,2021-12-31,0100113494,0103240765,Cung cấp dịch vụ thương mại,38901000000,3890100000,ban_ra,0,810
0000042,2021-12-31,0100113494,0101435247,Bán hàng hóa thương mại nội địa,68901000000,6890100000,ban_ra,0,811
0000044,2021-12-31,0100113494,0102331787,Bán hàng hóa theo hợp đồng,49234000000,4923400000,ban_ra,0,813
0000045,2021-12-31,0100113494,0100902202,Bán hàng hóa thương mại nội địa,72890000000,7289000000,ban_ra,0,814
0000047,2021-12-31,0100113494,0101601092,Cung cấp dịch vụ thương mại,40234000000,4023400000,ban_ra,0,816
0000048,2021-12-31,0100113494,0103769372,Bán hàng hóa thương mại nội địa,74234000000,7423400000,ban_ra,0,817
0000049,2021-12-31,0100113494,0102625829,Xuất khẩu hàng hóa,98234000000,0,ban_ra,0,818
0000050,2021-12-31,0100113494,0101329672,Bán hàng hóa theo hợp đồng,48567000000,4856700000,ban_ra,0,819
0000010,2021-05-02,0103711478,0100373485,Mua nhiên liệu phục vụ SX,8901000000,890100000,mua_vao,0,821
0000014,2021-05-03,0101601092,0100373485,Mua phụ tùng máy móc thay thế,12345000000,1234500000,mua_vao,0,822
0000013,2021-05-04,0102264812,0100373485,Mua nguyên vật liệu sản xuất,18234000000,1823400000,mua_vao,0,823
0000013,2021-05-07,0102331787,0100373485,Mua nguyên vật liệu sản xuất,16789000000,1678900000,mua_vao,0,826
0000010,2021-05-08,0101437981,0100373485,Mua bao bì đóng gói SP,7234000000,723400000,mua_vao,0,827
0000012,2021-05-09,0102159423,0100373485,Chi phí vận chuyển hàng hóa,8901000000,890100000,mua_vao,0,828
0000012,2021-05-11,0101056111,0100373485,Dịch vụ kiểm định chất lượng,9234000000,923400000,mua_vao,0,830
0000012,2021-05-12,0102625829,0100373485,Mua nguyên vật liệu sản xuất,14567000000,1456700000,mua_vao,0,831
0000013,2021-10-01,0103769372,0100373485,Mua nhiên liệu phục vụ SX,8234000000,823400000,mua_vao,0,832
0000011,2021-10-02,0100680623,0100373485,Mua nguyên vật liệu sản xuất,19234000000,1923400000,mua_vao,0,833
0000012,2021-10-04,0102712091,0100373485,Mua bao bì đóng gói SP,7890000000,789000000,mua_vao,0,835
0000010,2021-10-05,0104141407,0100373485,Mua nguyên vật liệu sản xuất,15678000000,1567800000,mua_vao,0,836
0000010,2021-10-07,0100373485,0100373485,Mua phụ tùng máy móc thay thế,11890000000,1189000000,mua_vao,0,838
0000010,2021-10-08,0102311149,0100373485,Mua nguyên vật liệu sản xuất,16234000000,1623400000,mua_vao,0,839
0000010,2021-10-09,0101225306,0100373485,Mua nhiên liệu phục vụ SX,8901000000,890100000,mua_vao,0,840
0000012,2021-10-10,0101770848,0100373485,Mua nguyên vật liệu sản xuất,14890000000,1489000000,mua_vao,0,841
0000009,2021-10-11,0103240765,0100373485,Dịch vụ kiểm định chất lượng,9890000000,989000000,mua_vao,0,842
0000012,2021-10-12,0101435247,0100373485,Mua nguyên vật liệu sản xuất,17345000000,1734500000,mua_vao,0,843
0000009,2021-02-15,0101639000,0100373485,Mua nguyên vật liệu sản xuất,15234000000,1523400000,mua_vao,0,845
0000010,2021-03-15,0101329672,0100373485,Dịch vụ bảo trì thiết bị,9567000000,956700000,mua_vao,0,846
0000015,2021-05-15,0101601092,0100373485,Mua nguyên vật liệu sản xuất,16789000000,1678900000,mua_vao,0,848
0000011,2021-06-15,0103711478,0100373485,Chi phí vận chuyển hàng hóa,8234000000,823400000,mua_vao,0,849
0000014,2021-07-15,0102264812,0100373485,Mua nguyên vật liệu sản xuất,14567000000,1456700000,mua_vao,0,850
0000014,2021-10-15,0102331787,0100373485,Dịch vụ kiểm định chất lượng,9234000000,923400000,mua_vao,0,853
0000011,2021-11-15,0101437981,0100373485,Mua nguyên vật liệu sản xuất,15678000000,1567800000,mua_vao,0,854
0000013,2021-12-15,0102159423,0100373485,Mua bao bì đóng gói SP,7890000000,789000000,mua_vao,0,855
0000013,2021-02-20,0101056111,0100373485,Dịch vụ bảo trì thiết bị,9890000000,989000000,mua_vao,0,857
0000013,2021-03-20,0102625829,0100373485,Mua điện năng sản xuất,11567000000,0,mua_vao,0,858
0000014,2021-04-20,0103769372,0100373485,Mua nguyên vật liệu sản xuất,17345000000,1734500000,mua_vao,0,859
0000012,2021-05-20,0100680623,0100373485,Chi phí vận chuyển hàng hóa,8901000000,890100000,mua_vao,0,860
0000013,2021-07-20,0102712091,0100373485,Mua nhiên liệu phục vụ SX,8234000000,823400000,mua_vao,0,862
0000011,2021-08-20,0104141407,0100373485,Mua nguyên vật liệu sản xuất,17890000000,1789000000,mua_vao,0,863
0000011,2021-10-20,0100373485,0100373485,Mua bao bì đóng gói SP,7567000000,756700000,mua_vao,0,865
0000011,2021-11-20,0102311149,0100373485,Mua nguyên vật liệu sản xuất,16789000000,1678900000,mua_vao,0,866
0000011,2021-12-20,0101225306,0100373485,Chi phí vận chuyển hàng hóa,8901000000,890100000,mua_vao,0,867
0000013,2021-01-25,0101770848,0100373485,Mua nguyên vật liệu sản xuất,15890000000,1589000000,mua_vao,0,868
0000010,2021-02-25,0103240765,0100373485,Dịch vụ bảo trì thiết bị,9234000000,923400000,mua_vao,0,869
0000013,2021-03-25,0101435247,0100373485,Mua nguyên vật liệu sản xuất,16234000000,1623400000,mua_vao,0,870
0000010,2021-05-25,0101639000,0100373485,Mua điện năng sản xuất,11890000000,0,mua_vao,0,872
0000011,2021-06-25,0101329672,0100373485,Mua nguyên vật liệu sản xuất,15678000000,1567800000,mua_vao,0,873
0000002,2021-02-15,0100373485,0103711478,Bán sản phẩm theo đơn hàng,18901000000,1890100000,ban_ra,0,876
0000004,2021-04-25,0100373485,0100113494,Bán sản phẩm theo đơn hàng,21234000000,2123400000,ban_ra,0,878
0000005,2021-05-31,0100373485,0102159423,Bán sản phẩm thành phẩm,11890000000,1189000000,ban_ra,0,879
0000007,2021-08-15,0100373485,0102264812,Bán sản phẩm thành phẩm,13456000000,1345600000,ban_ra,0,881
0000008,2021-09-20,0100373485,0101056111,Bán sản phẩm theo đơn hàng,19890000000,1989000000,ban_ra,0,882
0000009,2021-10-25,0100373485,0104141407,Bán sản phẩm thành phẩm,15678000000,1567800000,ban_ra,0,883
0000011,2021-05-12,0100373485,0102331787,Bán sản phẩm thành phẩm,12890000000,1289000000,ban_ra,0,885
0000012,2021-10-01,0100373485,0100680623,Bán sản phẩm theo đơn hàng,18567000000,1856700000,ban_ra,0,886
0000014,2021-03-20,0100373485,0102712091,Bán sản phẩm theo đơn hàng,20890000000,2089000000,ban_ra,0,888
0000015,2021-04-25,0100373485,0103240765,Bán sản phẩm thành phẩm,16234000000,1623400000,ban_ra,0,889
0000016,2021-05-31,0100373485,0101770848,Bán sản phẩm theo đơn hàng,23456000000,2345600000,ban_ra,0,890
0000017,2021-10-06,0100373485,0102625829,Bán sản phẩm thành phẩm,13890000000,1389000000,ban_ra,0,891
0000018,2021-07-15,0100373485,0101435247,Bán sản phẩm theo đơn hàng,19234000000,1923400000,ban_ra,0,892
0000020,2021-09-25,0100373485,0103769372,Bán sản phẩm theo đơn hàng,22890000000,2289000000,ban_ra,0,894
0000021,2021-10-31,0100373485,0101329672,Bán sản phẩm thành phẩm,17234000000,1723400000,ban_ra,0,895
0000022,2021-10-11,0100373485,0100902202,Bán sản phẩm theo đơn hàng,24567000000,2456700000,ban_ra,0,896
0000024,2021-01-20,0100373485,0101601092,Bán sản phẩm theo đơn hàng,21234000000,2123400000,ban_ra,0,898
0000025,2021-02-25,0100373485,0100105503,Bán sản phẩm thành phẩm,16789000000,1678900000,ban_ra,0,899
0000026,2021-03-31,0100373485,0101377820,Bán sản phẩm theo đơn hàng,23456000000,2345600000,ban_ra,0,900
0000027,2021-10-04,0100373485,0102311149,Bán sản phẩm thành phẩm,18234000000,1823400000,ban_ra,0,901
0000028,2021-05-15,0100373485,0101225306,Bán sản phẩm theo đơn hàng,25678000000,2567800000,ban_ra,0,902
0000029,2021-06-20,0100373485,0102159423,Bán sản phẩm thành phẩm,15234000000,1523400000,ban_ra,0,903
0000032,2021-10-09,0100373485,0104141407,Bán sản phẩm theo đơn hàng,24890000000,2489000000,ban_ra,0,906
0000033,2021-10-15,0100373485,0100680623,Bán sản phẩm thành phẩm,19234000000,1923400000,ban_ra,0,907
0000035,2021-12-25,0100373485,0102264812,Bán sản phẩm thành phẩm,16789000000,1678900000,ban_ra,0,909
0000036,2021-01-31,0100373485,0101380936,Bán sản phẩm theo đơn hàng,23890000000,2389000000,ban_ra,0,910
0000037,2021-02-28,0100373485,0103711478,Bán sản phẩm thành phẩm,18567000000,1856700000,ban_ra,0,911
0000038,2021-03-31,0100373485,0100373485,Bán sản phẩm theo đơn hàng,25678000000,2567800000,ban_ra,0,912
0000039,2021-04-30,0100373485,0102712091,Bán sản phẩm thành phẩm,20234000000,2023400000,ban_ra,0,913
0000040,2021-05-31,0100373485,0101639000,Bán sản phẩm theo đơn hàng,27890000000,2789000000,ban_ra,0,914
0000041,2021-06-30,0100373485,0103240765,Bán sản phẩm thành phẩm,17234000000,1723400000,ban_ra,0,915
0000042,2021-07-31,0100373485,0101435247,Bán sản phẩm theo đơn hàng,24567000000,2456700000,ban_ra,0,916
0000044,2021-09-30,0100373485,0102331787,Bán sản phẩm theo đơn hàng,27234000000,2723400000,ban_ra,0,918
0000045,2021-10-31,0100373485,0100902202,Bán sản phẩm thành phẩm,21234000000,2123400000,ban_ra,0,919
0000047,2021-12-31,0100373485,0101601092,Bán sản phẩm thành phẩm,22345000000,2234500000,ban_ra,0,921
0000048,2021-12-31,0100373485,0103769372,Bán sản phẩm theo đơn hàng,29456000000,2945600000,ban_ra,0,922
0000049,2021-12-31,0100373485,0102625829,Bán sản phẩm thành phẩm,23456000000,2345600000,ban_ra,0,923
0000050,2021-12-31,0100373485,0101329672,Bán sản phẩm theo đơn hàng,30234000000,3023400000,ban_ra,0,924
0000012,2021-05-02,0103711478,0100680623,Mua thép kết cấu nhà tiền chế,48234000000,4823400000,mua_vao,0,926
0000016,2021-05-03,0101601092,0100680623,Mua điện sản xuất,18901000000,0,mua_vao,0,927
0000015,2021-05-04,0102264812,0100680623,Mua sơn chống gỉ và phụ kiện,15678000000,1567800000,mua_vao,0,928
0000015,2021-05-07,0102331787,0100680623,Mua thép kết cấu nhà tiền chế,52345000000,5234500000,mua_vao,0,931
0000012,2021-05-08,0101437981,0100680623,Mua nguyên vật liệu sản xuất,35678000000,3567800000,mua_vao,0,932
0000014,2021-05-09,0102159423,0100680623,Mua phụ kiện lắp dựng,19234000000,1923400000,mua_vao,0,933
0000014,2021-05-11,0101056111,0100680623,Mua nguyên vật liệu sản xuất,32345000000,3234500000,mua_vao,0,935
0000014,2021-05-12,0102625829,0100680623,Mua sơn chống gỉ và phụ kiện,14890000000,1489000000,mua_vao,0,936
0000015,2021-10-01,0103769372,0100680623,Mua thép kết cấu nhà tiền chế,48901000000,4890100000,mua_vao,0,937
0000013,2021-10-02,0100680623,0100680623,Mua nguyên vật liệu sản xuất,36789000000,3678900000,mua_vao,0,938
0000014,2021-10-04,0102712091,0100680623,Mua thép kết cấu nhà tiền chế,51234000000,5123400000,mua_vao,0,940
0000012,2021-10-05,0104141407,0100680623,Mua nguyên vật liệu sản xuất,33456000000,3345600000,mua_vao,0,941
0000012,2021-10-08,0102311149,0100680623,Mua nguyên vật liệu sản xuất,29234000000,2923400000,mua_vao,0,943
0000012,2021-10-09,0101225306,0100680623,Mua sơn chống gỉ và phụ kiện,15678000000,1567800000,mua_vao,0,944
0000014,2021-10-10,0101770848,0100680623,Mua thép kết cấu nhà tiền chế,47890000000,4789000000,mua_vao,0,945
0000011,2021-10-11,0103240765,0100680623,Mua nguyên vật liệu sản xuất,31234000000,3123400000,mua_vao,0,946
0000014,2021-10-12,0101435247,0100680623,Dịch vụ gia công thép,24567000000,2456700000,mua_vao,0,947
0000011,2021-02-15,0101639000,0100680623,Mua nguyên vật liệu sản xuất,27890000000,2789000000,mua_vao,0,949
0000012,2021-03-15,0101329672,0100680623,Mua điện sản xuất,16789000000,0,mua_vao,0,950
0000017,2021-05-15,0101601092,0100680623,Mua nguyên vật liệu sản xuất,34567000000,3456700000,mua_vao,0,952
0000013,2021-06-15,0103711478,0100680623,Mua phụ kiện lắp dựng,18901000000,1890100000,mua_vao,0,953
0000016,2021-07-15,0102264812,0100680623,Mua thép kết cấu nhà tiền chế,53456000000,5345600000,mua_vao,0,954
0000016,2021-10-15,0102331787,0100680623,Mua thép kết cấu nhà tiền chế,51890000000,5189000000,mua_vao,0,957
0000013,2021-11-15,0101437981,0100680623,Mua nguyên vật liệu sản xuất,30234000000,3023400000,mua_vao,0,958
0000015,2021-12-15,0102159423,0100680623,Dịch vụ gia công thép,23456000000,2345600000,mua_vao,0,959
0000015,2021-02-20,0101056111,0100680623,Mua nguyên vật liệu sản xuất,29890000000,2989000000,mua_vao,0,961
0000015,2021-03-20,0102625829,0100680623,Mua phụ kiện lắp dựng,17890000000,1789000000,mua_vao,0,962
0000016,2021-04-20,0103769372,0100680623,Mua thép kết cấu nhà tiền chế,50234000000,5023400000,mua_vao,0,963
0000014,2021-05-20,0100680623,0100680623,Mua nguyên vật liệu sản xuất,32890000000,3289000000,mua_vao,0,964
0000015,2021-07-20,0102712091,0100680623,Mua thép kết cấu nhà tiền chế,52890000000,5289000000,mua_vao,0,966
0000013,2021-08-20,0104141407,0100680623,Mua nguyên vật liệu sản xuất,27234000000,2723400000,mua_vao,0,967
0000013,2021-10-20,0100373485,0100680623,Mua thép kết cấu nhà tiền chế,49890000000,4989000000,mua_vao,0,969
0000013,2021-11-20,0102311149,0100680623,Mua nguyên vật liệu sản xuất,33456000000,3345600000,mua_vao,0,970
0000013,2021-12-20,0101225306,0100680623,Dịch vụ gia công thép,24890000000,2489000000,mua_vao,0,971
0000015,2021-01-25,0101770848,0100680623,Mua thép kết cấu nhà tiền chế,51234000000,5123400000,mua_vao,0,972
0000012,2021-02-25,0103240765,0100680623,Mua nguyên vật liệu sản xuất,28456000000,2845600000,mua_vao,0,973
0000015,2021-03-25,0101435247,0100680623,Mua phụ kiện lắp dựng,18234000000,1823400000,mua_vao,0,974
0000012,2021-05-25,0101639000,0100680623,Mua nguyên vật liệu sản xuất,31234000000,3123400000,mua_vao,0,976
0000013,2021-06-25,0101329672,0100680623,Mua sơn chống gỉ và phụ kiện,16890000000,1689000000,mua_vao,0,977
0000018,2021-08-25,0101601092,0100680623,Mua nguyên vật liệu sản xuất,29234000000,2923400000,mua_vao,0,979
0000014,2021-09-25,0103711478,0100680623,Dịch vụ gia công thép,22890000000,2289000000,mua_vao,0,980
0000017,2021-10-25,0102264812,0100680623,Mua thép kết cấu nhà tiền chế,48234000000,4823400000,mua_vao,0,981
0000017,2021-01-31,0102331787,0100680623,Mua thép kết cấu nhà tiền chế,55234000000,5523400000,mua_vao,0,984
0000014,2021-02-28,0101437981,0100680623,Mua nguyên vật liệu sản xuất,27890000000,2789000000,mua_vao,0,985
0000016,2021-03-31,0102159423,0100680623,Mua sơn chống gỉ và phụ kiện,17234000000,1723400000,mua_vao,0,986
0000016,2021-05-31,0101056111,0100680623,Mua nguyên vật liệu sản xuất,28901000000,2890100000,mua_vao,0,988
0000016,2021-06-30,0102625829,0100680623,Dịch vụ gia công thép,21890000000,2189000000,mua_vao,0,989
0000017,2021-07-31,0103769372,0100680623,Mua thép kết cấu nhà tiền chế,49234000000,4923400000,mua_vao,0,990
0000015,2021-08-31,0100680623,0100680623,Mua nguyên vật liệu sản xuất,33456000000,3345600000,mua_vao,0,991
0000016,2021-12-31,0102712091,0100680623,Mua thép kết cấu nhà tiền chế,55678000000,5567800000,mua_vao,0,993
0000002,2021-02-15,0100680623,0103711478,Bán kết cấu thép công nghiệp,45678000000,4567800000,ban_ra,0,995
0000004,2021-04-25,0100680623,0100113494,Bán kết cấu thép công nghiệp,51234000000,5123400000,ban_ra,0,997
0000005,2021-05-31,0100680623,0102159423,Bán nhà thép tiền chế,65890000000,6589000000,ban_ra,0,998
0000007,2021-08-15,0100680623,0102264812,Bán nhà thép tiền chế,78901000000,7890100000,ban_ra,0,1000
0000008,2021-09-20,0100680623,0101056111,Dịch vụ lắp dựng nhà thép,55678000000,5567800000,ban_ra,0,1001
0000009,2021-10-25,0100680623,0104141407,Bán nhà thép tiền chế,70234000000,7023400000,ban_ra,0,1002
0000011,2021-05-12,0100680623,0102331787,Bán nhà thép tiền chế,68890000000,6889000000,ban_ra,0,1004
0000012,2021-10-01,0100680623,0100680623,Dịch vụ lắp dựng nhà thép,52345000000,5234500000,ban_ra,0,1005
0000014,2021-03-20,0100680623,0102712091,Bán kết cấu thép công nghiệp,53456000000,5345600000,ban_ra,0,1007
0000015,2021-04-25,0100680623,0103240765,Bán nhà thép tiền chế,67890000000,6789000000,ban_ra,0,1008
0000016,2021-05-31,0100680623,0101770848,Dịch vụ lắp dựng nhà thép,58901000000,5890100000,ban_ra,0,1009
0000017,2021-10-06,0100680623,0102625829,Bán nhà thép tiền chế,71234000000,7123400000,ban_ra,0,1010
0000018,2021-07-15,0100680623,0101435247,Bán kết cấu thép công nghiệp,50234000000,5023400000,ban_ra,0,1011
0000020,2021-09-25,0100680623,0103769372,Dịch vụ lắp dựng nhà thép,54567000000,5456700000,ban_ra,0,1013
0000021,2021-10-31,0100680623,0101329672,Bán nhà thép tiền chế,73456000000,7345600000,ban_ra,0,1014
0000022,2021-10-11,0100680623,0100902202,Bán kết cấu thép công nghiệp,52890000000,5289000000,ban_ra,0,1015
0000024,2021-01-20,0100680623,0101601092,Dịch vụ lắp dựng nhà thép,57234000000,5723400000,ban_ra,0,1017
0000025,2021-02-25,0100680623,0100105503,Bán nhà thép tiền chế,70890000000,7089000000,ban_ra,0,1018
0000026,2021-03-31,0100680623,0101377820,Bán kết cấu thép công nghiệp,55678000000,5567800000,ban_ra,0,1019
0000027,2021-10-04,0100680623,0102311149,Bán nhà thép tiền chế,75234000000,7523400000,ban_ra,0,1020
0000028,2021-05-15,0100680623,0101225306,Dịch vụ lắp dựng nhà thép,60234000000,6023400000,ban_ra,0,1021
0000029,2021-06-20,0100680623,0102159423,Bán nhà thép tiền chế,72890000000,7289000000,ban_ra,0,1022
0000032,2021-10-09,0100680623,0104141407,Dịch vụ lắp dựng nhà thép,58901000000,5890100000,ban_ra,0,1025
0000033,2021-10-15,0100680623,0100680623,Bán nhà thép tiền chế,69890000000,6989000000,ban_ra,0,1026
0000035,2021-12-25,0100680623,0102264812,Bán nhà thép tiền chế,74890000000,7489000000,ban_ra,0,1028
0000036,2021-01-31,0100680623,0101380936,Dịch vụ lắp dựng nhà thép,62345000000,6234500000,ban_ra,0,1029
0000037,2021-02-28,0100680623,0103711478,Bán nhà thép tiền chế,76234000000,7623400000,ban_ra,0,1030
0000038,2021-03-31,0100680623,0100373485,Bán kết cấu thép công nghiệp,55234000000,5523400000,ban_ra,0,1031
0000039,2021-04-30,0100680623,0102712091,Bán nhà thép tiền chế,72234000000,7223400000,ban_ra,0,1032
0000040,2021-05-31,0100680623,0101639000,Dịch vụ lắp dựng nhà thép,65234000000,6523400000,ban_ra,0,1033
0000041,2021-06-30,0100680623,0103240765,Bán nhà thép tiền chế,71890000000,7189000000,ban_ra,0,1034
0000042,2021-07-31,0100680623,0101435247,Bán kết cấu thép công nghiệp,52345000000,5234500000,ban_ra,0,1035
0000044,2021-09-30,0100680623,0102331787,Dịch vụ lắp dựng nhà thép,63456000000,6345600000,ban_ra,0,1037
0000045,2021-10-31,0100680623,0100902202,Bán nhà thép tiền chế,72890000000,7289000000,ban_ra,0,1038
0000047,2021-12-31,0100680623,0101601092,Bán nhà thép tiền chế,77234000000,7723400000,ban_ra,0,1040
0000048,2021-12-31,0100680623,0103769372,Dịch vụ lắp dựng nhà thép,66789000000,6678900000,ban_ra,0,1041
0000049,2021-12-31,0100680623,0102625829,Bán nhà thép tiền chế,74234000000,7423400000,ban_ra,0,1042
0000050,2021-12-31,0100680623,0101329672,Bán kết cấu thép công nghiệp,56789000000,5678900000,ban_ra,0,1043
0000001,2021-10-01,0102191498,0100902202,Mua nguyên vật liệu sản xuất,8219000000,821900000,mua_vao,0,1044
0000001,2021-10-02,0100101308,0100902202,Mua phụ tùng máy móc thay thế,9846000000,984600000,mua_vao,0,1046
0000001,2021-10-04,0101598393,0100902202,Mua điện năng sản xuất,7532000000,0,mua_vao,0,1047
0000017,2021-10-04,0102712091,0100902202,Dịch vụ bảo trì thiết bị,11245000000,1124500000,mua_vao,0,1048
0000006,2021-10-05,0101380936,0100902202,Mua nguyên vật liệu sản xuất,8967000000,896700000,mua_vao,0,1049
0000001,2021-10-06,0100101403,0100902202,Mua bao bì đóng gói sản phẩm,5678000000,567800000,mua_vao,0,1050
0000001,2021-10-08,0104380966,0100902202,Mua điện năng sản xuất,9123000000,0,mua_vao,0,1053
0000001,2021-10-08,0101454070,0100902202,Mua nguyên vật liệu sản xuất,10567000000,1056700000,mua_vao,0,1054
0000017,2021-10-09,0102625829,0100902202,Dịch vụ kiểm định chất lượng,6789000000,678900000,mua_vao,0,1055
0000003,2021-10-10,0100113494,0100902202,Mua nguyên vật liệu sản xuất,11234000000,1123400000,mua_vao,0,1056
0000018,2021-01-15,0103769372,0100902202,Dịch vụ bảo trì thiết bị,7654000000,765400000,mua_vao,0,1059
0000015,2021-02-15,0101437981,0100902202,Mua điện năng sản xuất,10234000000,0,mua_vao,0,1060
0000001,2021-03-15,0105908818,0100902202,Mua nguyên vật liệu sản xuất,12678000000,1267800000,mua_vao,0,1061
0000018,2021-04-15,0102331787,0100902202,Chi phí vận chuyển hàng hóa,6543000000,654300000,mua_vao,0,1062
0000016,2021-06-15,0100680623,0100902202,Mua phụ tùng máy móc thay thế,8901000000,890100000,mua_vao,0,1064
0000014,2021-07-15,0104141407,0100902202,Mua nguyên vật liệu sản xuất,10123000000,1012300000,mua_vao,0,1065
0000001,2021-08-15,0106399994,0100902202,Dịch vụ kiểm định chất lượng,7345000000,734500000,mua_vao,0,1066
0000018,2021-11-15,0102264812,0100902202,Mua điện năng sản xuất,8456000000,0,mua_vao,0,1069
0000014,2021-12-15,0101329672,0100902202,Mua nguyên vật liệu sản xuất,11890000000,1189000000,mua_vao,0,1070
0000017,2021-01-20,0102159423,0100902202,Dịch vụ bảo trì thiết bị,7123000000,712300000,mua_vao,0,1071
0000005,2021-03-20,0100105503,0100902202,Chi phí vận chuyển hàng hóa,6234000000,623400000,mua_vao,0,1073
0000014,2021-04-20,0102311149,0100902202,Mua nguyên vật liệu sản xuất,9678000000,967800000,mua_vao,0,1074
0000014,2021-05-20,0101225306,0100902202,Mua phụ tùng máy móc thay thế,8234000000,823400000,mua_vao,0,1075
0000017,2021-06-20,0101056111,0100902202,Mua nguyên vật liệu sản xuất,10890000000,1089000000,mua_vao,0,1076
0000014,2021-09-20,0100373485,0100902202,Mua bao bì đóng gói sản phẩm,5456000000,545600000,mua_vao,0,1079
0000016,2021-10-20,0101770848,0100902202,Mua điện năng sản xuất,8678000000,0,mua_vao,0,1080
0000015,2021-11-20,0103711478,0100902202,Mua nguyên vật liệu sản xuất,11234000000,1123400000,mua_vao,0,1081
0000013,2021-12-20,0101639000,0100902202,Dịch vụ bảo trì thiết bị,7890000000,789000000,mua_vao,0,1082
0000018,2021-02-25,0102712091,0100902202,Chi phí vận chuyển hàng hóa,6345000000,634500000,mua_vao,0,1084
0000001,2021-03-25,0104976614,0100902202,Mua nguyên vật liệu sản xuất,9789000000,978900000,mua_vao,0,1085
0000001,2021-04-25,0101452549,0100902202,Mua phụ tùng máy móc thay thế,8123000000,812300000,mua_vao,0,1086
0000001,2021-07-25,0106116043,0100902202,Mua nguyên vật liệu sản xuất,9345000000,934500000,mua_vao,0,1089
0000001,2021-08-25,0100101072,0100902202,Mua điện năng sản xuất,8234000000,0,mua_vao,0,1090
0000007,2021-11-25,0101380936,0100902202,Mua nguyên vật liệu sản xuất,9890000000,989000000,mua_vao,0,1093
0000003,2021-10-03,0100902202,0101601092,Bán sản phẩm thành phẩm,18901000000,1890100000,ban_ra,0,1096
0000005,2021-10-05,0100902202,0100101308,Bán sản phẩm thành phẩm,15678000000,1567800000,ban_ra,0,1097
0000006,2021-10-06,0100902202,0103240765,Bán sản phẩm theo đặt hàng,11234000000,1123400000,ban_ra,0,1098
0000007,2021-10-07,0100902202,0104141407,Bán sản phẩm thành phẩm,17890000000,1789000000,ban_ra,0,1099
0000008,2021-10-08,0100902202,0102331787,Bán sản phẩm theo đặt hàng,13456000000,1345600000,ban_ra,0,1100
0000009,2021-10-09,0100902202,0105294741,Bán sản phẩm thành phẩm,19234000000,1923400000,ban_ra,0,1101
0000011,2021-10-11,0100902202,0100105503,Bán sản phẩm thành phẩm,16234000000,1623400000,ban_ra,0,1103
0000012,2021-10-12,0100902202,0102264812,Bán sản phẩm theo đặt hàng,14678000000,1467800000,ban_ra,0,1104
0000013,2021-01-15,0100902202,0101435247,Bán sản phẩm thành phẩm,20234000000,2023400000,ban_ra,0,1105
0000014,2021-02-15,0100902202,0104380966,Bán sản phẩm theo đặt hàng,15234000000,1523400000,ban_ra,0,1106
0000016,2021-04-15,0100902202,0100373485,Xuất khẩu sản phẩm,12678000000,0,ban_ra,0,1108
0000017,2021-05-15,0100902202,0102712091,Bán sản phẩm thành phẩm,18901000000,1890100000,ban_ra,0,1109
0000019,2021-07-15,0100902202,0101225306,Bán sản phẩm thành phẩm,19678000000,1967800000,ban_ra,0,1111
0000020,2021-08-15,0100902202,0103769372,Bán sản phẩm theo đặt hàng,15890000000,1589000000,ban_ra,0,1112
0000022,2021-10-15,0100902202,0106682049,Xuất khẩu sản phẩm,13234000000,0,ban_ra,0,1114
0000023,2021-11-15,0100902202,0101329672,Bán sản phẩm thành phẩm,21234000000,2123400000,ban_ra,0,1115
0000024,2021-12-15,0100902202,0100680623,Bán sản phẩm theo đặt hàng,16234000000,1623400000,ban_ra,0,1116
0000025,2021-01-20,0100902202,0101056111,Bán sản phẩm thành phẩm,19123000000,1912300000,ban_ra,0,1117
0000026,2021-02-20,0100902202,0102159423,Bán sản phẩm theo đặt hàng,14567000000,1456700000,ban_ra,0,1118
0000027,2021-03-20,0100902202,0101437981,Bán sản phẩm thành phẩm,20890000000,2089000000,ban_ra,0,1119
0000029,2021-05-20,0100902202,0102625829,Bán sản phẩm thành phẩm,18234000000,1823400000,ban_ra,0,1121
0000031,2021-07-20,0100902202,0101380936,Bán sản phẩm thành phẩm,21890000000,2189000000,ban_ra,0,1123
0000032,2021-08-20,0100902202,0103711478,Bán sản phẩm theo đặt hàng,16789000000,1678900000,ban_ra,0,1124
0000034,2021-10-20,0100902202,0100902202,Xuất khẩu sản phẩm,15234000000,0,ban_ra,0,1126
0000035,2021-11-20,0100902202,0101601092,Bán sản phẩm thành phẩm,19890000000,1989000000,ban_ra,0,1127
0000036,2021-12-20,0100902202,0105908818,Bán sản phẩm theo đặt hàng,17234000000,1723400000,ban_ra,0,1128
0000037,2021-01-25,0100902202,0106300187,Bán sản phẩm thành phẩm,20234000000,2023400000,ban_ra,0,1129
0000038,2021-02-25,0100902202,0101770848,Bán sản phẩm theo đặt hàng,16890000000,1689000000,ban_ra,0,1130
0000041,2021-05-25,0100902202,0102311149,Bán sản phẩm thành phẩm,20890000000,2089000000,ban_ra,0,1133
0000042,2021-06-25,0100902202,0104220419,Bán sản phẩm theo đặt hàng,17890000000,1789000000,ban_ra,0,1134
0000043,2021-07-25,0100902202,0101452549,Bán sản phẩm thành phẩm,23456000000,2345600000,ban_ra,0,1135
0000044,2021-08-25,0100902202,0104976614,Bán sản phẩm theo đặt hàng,18234000000,1823400000,ban_ra,0,1136
0000046,2021-10-25,0100902202,0106116043,Xuất khẩu sản phẩm,16234000000,0,ban_ra,0,1138
0000048,2021-12-25,0100902202,0105189320,Bán sản phẩm theo đặt hàng,18901000000,1890100000,ban_ra,0,1140
0000049,2021-02-28,0100902202,0101639000,Bán sản phẩm thành phẩm,25234000000,2523400000,ban_ra,0,1141
0000002,2021-10-02,0102191498,0101056111,Dịch vụ logistics vận chuyển,9678000000,967800000,mua_vao,0,1144
0000002,2021-10-03,0100101308,0101056111,Phí khai thuê hải quan,7234000000,723400000,mua_vao,0,1145
0000016,2021-10-04,0103711478,0101056111,Mua hàng hóa trong nước,19890000000,1989000000,mua_vao,0,1146
0000019,2021-10-05,0102712091,0101056111,Chi phí kho bãi lưu trữ,8456000000,845600000,mua_vao,0,1147
0000019,2021-10-06,0101601092,0101056111,Mua hàng hóa nhập khẩu,18567000000,1856700000,mua_vao,0,1148
0000015,2021-10-07,0104141407,0101056111,Dịch vụ logistics vận chuyển,10234000000,1023400000,mua_vao,0,1149
0000001,2021-10-08,0105294741,0101056111,Mua hàng hóa trong nước,20234000000,2023400000,mua_vao,0,1150
0000006,2021-10-09,0100105503,0101056111,Chi phí kho bãi lưu trữ,8901000000,890100000,mua_vao,0,1151
0000001,2021-04-15,0106300187,0101056111,Mua hàng hóa trong nước,20890000000,2089000000,mua_vao,0,1158
0000015,2021-05-15,0102311149,0101056111,Dịch vụ tư vấn thương mại,9890000000,989000000,mua_vao,0,1159
0000015,2021-07-15,0101225306,0101056111,Phí khai thuê hải quan,7890000000,789000000,mua_vao,0,1161
0000019,2021-08-15,0102264812,0101056111,Mua hàng hóa trong nước,19678000000,1967800000,mua_vao,0,1162
0000002,2021-09-15,0104976614,0101056111,Chi phí kho bãi lưu trữ,9123000000,912300000,mua_vao,0,1163
0000004,2021-10-15,0100113494,0101056111,Mua hàng hóa nhập khẩu,18901000000,1890100000,mua_vao,0,1164
0000018,2021-11-15,0102625829,0101056111,Dịch vụ logistics vận chuyển,10456000000,1045600000,mua_vao,0,1165
0000019,2021-12-15,0103769372,0101056111,Mua hàng hóa trong nước,20234000000,2023400000,mua_vao,0,1166
0000015,2021-01-20,0101329672,0101056111,Chi phí kho bãi lưu trữ,9345000000,934500000,mua_vao,0,1167
0000001,2021-02-20,0104220419,0101056111,Mua hàng hóa nhập khẩu,17890000000,1789000000,mua_vao,0,1168
0000015,2021-04-20,0100373485,0101056111,Mua hàng hóa trong nước,20890000000,2089000000,mua_vao,0,1170
0000016,2021-06-20,0101437981,0101056111,Mua hàng hóa nhập khẩu,18456000000,1845600000,mua_vao,0,1172
0000017,2021-07-20,0101770848,0101056111,Chi phí kho bãi lưu trữ,9678000000,967800000,mua_vao,0,1173
0000018,2021-08-20,0102159423,0101056111,Mua hàng hóa trong nước,21234000000,2123400000,mua_vao,0,1174
0000017,2021-09-20,0100680623,0101056111,Dịch vụ logistics vận chuyển,11234000000,1123400000,mua_vao,0,1175
0000008,2021-11-20,0101380936,0101056111,Phí khai thuê hải quan,8456000000,845600000,mua_vao,0,1177
0000001,2021-12-20,0106112810,0101056111,Mua hàng hóa trong nước,21890000000,2189000000,mua_vao,0,1178
0000001,2021-01-25,0105189320,0101056111,Chi phí kho bãi lưu trữ,10234000000,1023400000,mua_vao,0,1179
0000002,2021-02-25,0101452549,0101056111,Mua hàng hóa nhập khẩu,18901000000,1890100000,mua_vao,0,1180
0000002,2021-03-25,0104380966,0101056111,Dịch vụ tư vấn thương mại,11234000000,1123400000,mua_vao,0,1181
0000001,2021-05-25,0106255939,0101056111,Phí khai thuê hải quan,8789000000,878900000,mua_vao,0,1183
0000014,2021-06-25,0101639000,0101056111,Mua hàng hóa nhập khẩu,19234000000,1923400000,mua_vao,0,1184
0000001,2021-07-25,0105327316,0101056111,Chi phí kho bãi lưu trữ,10678000000,1067800000,mua_vao,0,1185
0000020,2021-10-25,0102712091,0101056111,Mua hàng hóa nhập khẩu,19678000000,1967800000,mua_vao,0,1188
0000016,2021-01-28,0102311149,0101056111,Chi phí kho bãi lưu trữ,11234000000,1123400000,mua_vao,0,1191
0000001,2021-02-28,0106980045,0101056111,Mua hàng hóa nhập khẩu,20234000000,2023400000,mua_vao,0,1192
0000017,2021-03-28,0103711478,0101056111,Dịch vụ logistics vận chuyển,13234000000,1323400000,mua_vao,0,1193
0000002,2021-04-28,0100101403,0101056111,Mua hàng hóa trong nước,23890000000,2389000000,mua_vao,0,1194
0000001,2021-05-28,0104630172,0101056111,Phí khai thuê hải quan,9678000000,967800000,mua_vao,0,1195
0000004,2021-07-28,0101377820,0101056111,Mua hàng hóa nhập khẩu,20234000000,2023400000,mua_vao,0,1196
0000001,2021-08-28,0105492983,0101056111,Chi phí kho bãi lưu trữ,11890000000,1189000000,mua_vao,0,1197
0000002,2021-10-28,0101598393,0101056111,Mua hàng hóa trong nước,24567000000,2456700000,mua_vao,0,1198
0000020,2021-01-31,0102264812,0101056111,Dịch vụ logistics vận chuyển,13890000000,1389000000,mua_vao,0,1199
0000016,2021-03-31,0101225306,0101056111,Mua hàng hóa nhập khẩu,21234000000,2123400000,mua_vao,0,1200
0000019,2021-12-31,0102625829,0101056111,Mua hàng hóa trong nước,25234000000,2523400000,mua_vao,0,1202
0000003,2021-10-03,0101056111,0101601092,Bán hàng hóa theo hợp đồng,22345000000,2234500000,ban_ra,0,1205
0000005,2021-10-05,0101056111,0100101308,Xuất khẩu hàng hóa,16234000000,0,ban_ra,0,1206
0000006,2021-10-06,0101056111,0103240765,Bán hàng hóa theo hợp đồng,21234000000,2123400000,ban_ra,0,1207
0000007,2021-10-07,0101056111,0104141407,Bán hàng hóa thương mại nội địa,19890000000,1989000000,ban_ra,0,1208
0000008,2021-10-08,0101056111,0102331787,Xuất khẩu hàng hóa,15678000000,0,ban_ra,0,1209
0000009,2021-10-09,0101056111,0105294741,Bán hàng hóa theo hợp đồng,22890000000,2289000000,ban_ra,0,1210
0000011,2021-10-11,0101056111,0100105503,Xuất khẩu hàng hóa,16789000000,0,ban_ra,0,1212
0000012,2021-10-12,0101056111,0102264812,Cung cấp dịch vụ thương mại,23456000000,2345600000,ban_ra,0,1213
0000013,2021-01-15,0101056111,0101435247,Bán hàng hóa thương mại nội địa,21234000000,2123400000,ban_ra,0,1214
0000014,2021-02-15,0101056111,0104380966,Xuất khẩu hàng hóa,17234000000,0,ban_ra,0,1215
0000016,2021-04-15,0101056111,0100373485,Bán hàng hóa thương mại nội địa,21890000000,2189000000,ban_ra,0,1217
0000017,2021-05-15,0101056111,0102712091,Xuất khẩu hàng hóa,17890000000,0,ban_ra,0,1218
0000019,2021-07-15,0101056111,0101225306,Bán hàng hóa thương mại nội địa,22345000000,2234500000,ban_ra,0,1220
0000020,2021-08-15,0101056111,0103769372,Xuất khẩu hàng hóa,18234000000,0,ban_ra,0,1221
0000022,2021-10-15,0101056111,0106682049,Bán hàng hóa thương mại nội địa,22890000000,2289000000,ban_ra,0,1223
0000023,2021-11-15,0101056111,0101329672,Xuất khẩu hàng hóa,18901000000,0,ban_ra,0,1224
0000024,2021-12-15,0101056111,0100680623,Cung cấp dịch vụ thương mại,25890000000,2589000000,ban_ra,0,1225
0000025,2021-01-20,0101056111,0101056111,Bán hàng hóa thương mại nội địa,23456000000,2345600000,ban_ra,0,1226
0000026,2021-02-20,0101056111,0102159423,Xuất khẩu hàng hóa,19234000000,0,ban_ra,0,1227
0000027,2021-03-20,0101056111,0101437981,Bán hàng hóa theo hợp đồng,26234000000,2623400000,ban_ra,0,1228
0000029,2021-05-20,0101056111,0102625829,Xuất khẩu hàng hóa,19890000000,0,ban_ra,0,1230
0000031,2021-07-20,0101056111,0101380936,Bán hàng hóa thương mại nội địa,24890000000,2489000000,ban_ra,0,1232
0000032,2021-08-20,0101056111,0103711478,Xuất khẩu hàng hóa,20234000000,0,ban_ra,0,1233
0000034,2021-10-20,0101056111,0100902202,Bán hàng hóa thương mại nội địa,25234000000,2523400000,ban_ra,0,1235
0000035,2021-11-20,0101056111,0101601092,Xuất khẩu hàng hóa,20890000000,0,ban_ra,0,1236
0000036,2021-12-20,0101056111,0105908818,Cung cấp dịch vụ thương mại,28234000000,2823400000,ban_ra,0,1237
0000037,2021-01-25,0101056111,0106300187,Bán hàng hóa thương mại nội địa,25890000000,2589000000,ban_ra,0,1238
0000038,2021-02-25,0101056111,0101770848,Xuất khẩu hàng hóa,21234000000,0,ban_ra,0,1239
0000041,2021-05-25,0101056111,0102311149,Xuất khẩu hàng hóa,21890000000,0,ban_ra,0,1242
0000042,2021-06-25,0101056111,0104220419,Cung cấp dịch vụ thương mại,29234000000,2923400000,ban_ra,0,1243
0000043,2021-07-25,0101056111,0101452549,Bán hàng hóa thương mại nội địa,26890000000,2689000000,ban_ra,0,1244
0000044,2021-08-25,0101056111,0104976614,Xuất khẩu hàng hóa,22234000000,0,ban_ra,0,1245
0000046,2021-10-25,0101056111,0106116043,Bán hàng hóa thương mại nội địa,27234000000,2723400000,ban_ra,0,1247
0000048,2021-12-25,0101056111,0105189320,Cung cấp dịch vụ thương mại,30234000000,3023400000,ban_ra,0,1249
0000049,2021-02-28,0101056111,0101639000,Bán hàng hóa thương mại nội địa,27890000000,2789000000,ban_ra,0,1250
0000003,2021-10-01,0102191498,0101225306,Mua nguyên vật liệu sản xuất,68234000000,6823400000,mua_vao,0,1252
0000003,2021-10-02,0100101308,0101225306,Mua phụ tùng máy móc thay thế,45678000000,4567800000,mua_vao,0,1254
0000003,2021-10-04,0101598393,0101225306,Mua điện năng sản xuất,34567000000,0,mua_vao,0,1255
0000021,2021-10-04,0102712091,0101225306,Dịch vụ bảo trì thiết bị,28901000000,2890100000,mua_vao,0,1256
0000009,2021-10-05,0101380936,0101225306,Mua nguyên vật liệu sản xuất,56789000000,5678900000,mua_vao,0,1257
0000003,2021-10-06,0100101403,0101225306,Mua bao bì đóng gói sản phẩm,19234000000,1923400000,mua_vao,0,1258
0000003,2021-10-08,0104380966,0101225306,Mua điện năng sản xuất,35678000000,0,mua_vao,0,1261
0000002,2021-10-08,0101454070,0101225306,Mua nguyên vật liệu sản xuất,61234000000,6123400000,mua_vao,0,1262
0000020,2021-10-09,0102625829,0101225306,Dịch vụ kiểm định chất lượng,22345000000,2234500000,mua_vao,0,1263
0000005,2021-10-10,0100113494,0101225306,Mua nguyên vật liệu sản xuất,58901000000,5890100000,mua_vao,0,1264
0000020,2021-01-15,0103769372,0101225306,Dịch vụ bảo trì thiết bị,26789000000,2678900000,mua_vao,0,1267
0000017,2021-02-15,0101437981,0101225306,Mua điện năng sản xuất,33456000000,0,mua_vao,0,1268
0000002,2021-03-15,0105908818,0101225306,Mua nguyên vật liệu sản xuất,67890000000,6789000000,mua_vao,0,1269
0000019,2021-04-15,0102331787,0101225306,Chi phí vận chuyển hàng hóa,22456000000,2245600000,mua_vao,0,1270
0000018,2021-06-15,0100680623,0101225306,Mua phụ tùng máy móc thay thế,34567000000,3456700000,mua_vao,0,1272
0000016,2021-07-15,0104141407,0101225306,Mua nguyên vật liệu sản xuất,63456000000,6345600000,mua_vao,0,1273
0000002,2021-08-15,0106399994,0101225306,Dịch vụ kiểm định chất lượng,23456000000,2345600000,mua_vao,0,1274
0000021,2021-11-15,0102264812,0101225306,Mua điện năng sản xuất,32345000000,0,mua_vao,0,1277
0000016,2021-12-15,0101329672,0101225306,Mua nguyên vật liệu sản xuất,65678000000,6567800000,mua_vao,0,1278
0000019,2021-01-20,0102159423,0101225306,Dịch vụ bảo trì thiết bị,27890000000,2789000000,mua_vao,0,1279
0000007,2021-03-20,0100105503,0101225306,Chi phí vận chuyển hàng hóa,24567000000,2456700000,mua_vao,0,1281
0000017,2021-04-20,0102311149,0101225306,Mua nguyên vật liệu sản xuất,62345000000,6234500000,mua_vao,0,1282
0000017,2021-05-20,0101225306,0101225306,Mua phụ tùng máy móc thay thế,36789000000,3678900000,mua_vao,0,1283
0000018,2021-06-20,0101056111,0101225306,Mua nguyên vật liệu sản xuất,58234000000,5823400000,mua_vao,0,1284
0000016,2021-09-20,0100373485,0101225306,Mua bao bì đóng gói sản phẩm,20234000000,2023400000,mua_vao,0,1287
0000018,2021-10-20,0101770848,0101225306,Mua điện năng sản xuất,33456000000,0,mua_vao,0,1288
0000018,2021-11-20,0103711478,0101225306,Mua nguyên vật liệu sản xuất,66789000000,6678900000,mua_vao,0,1289
0000015,2021-12-20,0101639000,0101225306,Dịch vụ bảo trì thiết bị,29234000000,2923400000,mua_vao,0,1290
0000022,2021-02-25,0102712091,0101225306,Chi phí vận chuyển hàng hóa,26789000000,2678900000,mua_vao,0,1292
0000003,2021-03-25,0104976614,0101225306,Mua nguyên vật liệu sản xuất,57890000000,5789000000,mua_vao,0,1293
0000003,2021-04-25,0101452549,0101225306,Mua phụ tùng máy móc thay thế,35678000000,3567800000,mua_vao,0,1294
0000002,2021-07-25,0106116043,0101225306,Mua nguyên vật liệu sản xuất,57234000000,5723400000,mua_vao,0,1297
0000002,2021-08-25,0100101072,0101225306,Mua điện năng sản xuất,36789000000,0,mua_vao,0,1298
0000010,2021-11-25,0101380936,0101225306,Mua nguyên vật liệu sản xuất,60890000000,6089000000,mua_vao,0,1301
0000004,2021-01-28,0102191498,0101225306,Chi phí vận chuyển hàng hóa,27890000000,2789000000,mua_vao,0,1302
0000004,2021-03-28,0100101308,0101225306,Dịch vụ bảo trì thiết bị,30234000000,3023400000,mua_vao,0,1304
0000004,2021-04-28,0101598393,0101225306,Mua nguyên vật liệu sản xuất,59890000000,5989000000,mua_vao,0,1305
0000023,2021-07-28,0102712091,0101225306,Mua bao bì đóng gói sản phẩm,22345000000,2234500000,mua_vao,0,1306
0000011,2021-08-28,0101380936,0101225306,Mua điện năng sản xuất,34567000000,0,mua_vao,0,1307
0000004,2021-10-28,0100101403,0101225306,Mua nguyên vật liệu sản xuất,64234000000,6423400000,mua_vao,0,1308
0000004,2021-05-31,0104380966,0101225306,Dịch vụ kiểm định chất lượng,25678000000,2567800000,mua_vao,0,1311
0000003,2021-07-31,0101454070,0101225306,Mua nguyên vật liệu sản xuất,61890000000,6189000000,mua_vao,0,1312
0000021,2021-08-31,0102625829,0101225306,Mua phụ tùng máy móc thay thế,37890000000,3789000000,mua_vao,0,1313
0000006,2021-10-31,0100113494,0101225306,Mua nguyên vật liệu sản xuất,65234000000,6523400000,mua_vao,0,1314
0000021,2021-10-31,0103769372,0101225306,Mua nguyên vật liệu sản xuất,66789000000,6678900000,mua_vao,0,1317
0000018,2021-12-01,0101437981,0101225306,Chi phí vận chuyển hàng hóa,29890000000,2989000000,mua_vao,0,1318
0000003,2021-12-01,0105908818,0101225306,Mua nguyên vật liệu sản xuất,63890000000,6389000000,mua_vao,0,1319
0000020,2021-12-31,0102331787,0101225306,Dịch vụ bảo trì thiết bị,31234000000,3123400000,mua_vao,0,1320
0000019,2021-12-31,0100680623,0101225306,Mua phụ tùng máy móc thay thế,39234000000,3923400000,mua_vao,0,1322
0000017,2021-12-31,0104141407,0101225306,Mua nguyên vật liệu sản xuất,65890000000,6589000000,mua_vao,0,1323
0000003,2021-12-31,0106399994,0101225306,Dịch vụ kiểm định chất lượng,27890000000,2789000000,mua_vao,0,1324
0000022,2021-12-31,0102264812,0101225306,Mua điện năng sản xuất,35234000000,0,mua_vao,0,1327
0000017,2021-12-31,0101329672,0101225306,Mua nguyên vật liệu sản xuất,67890000000,6789000000,mua_vao,0,1328
0000020,2021-12-31,0102159423,0101225306,Chi phí vận chuyển hàng hóa,30890000000,3089000000,mua_vao,0,1329
0000008,2021-12-31,0100105503,0101225306,Dịch vụ bảo trì thiết bị,32345000000,3234500000,mua_vao,0,1331
0000018,2021-12-31,0102311149,0101225306,Mua nguyên vật liệu sản xuất,64234000000,6423400000,mua_vao,0,1332
0000018,2021-12-31,0101225306,0101225306,Mua phụ tùng máy móc thay thế,38901000000,3890100000,mua_vao,0,1333
0000017,2021-12-31,0100373485,0101225306,Mua bao bì đóng gói sản phẩm,23456000000,2345600000,mua_vao,0,1336
0000019,2021-12-31,0101770848,0101225306,Mua điện năng sản xuất,36234000000,0,mua_vao,0,1337
0000019,2021-12-31,0103711478,0101225306,Mua nguyên vật liệu sản xuất,68234000000,6823400000,mua_vao,0,1338
0000016,2021-12-31,0101639000,0101225306,Chi phí vận chuyển hàng hóa,31234000000,3123400000,mua_vao,0,1339
0000024,2021-12-31,0102712091,0101225306,Dịch vụ bảo trì thiết bị,33456000000,3345600000,mua_vao,0,1341
0000004,2021-12-31,0104976614,0101225306,Mua nguyên vật liệu sản xuất,62345000000,6234500000,mua_vao,0,1342
0000004,2021-12-31,0101452549,0101225306,Mua phụ tùng máy móc thay thế,40234000000,4023400000,mua_vao,0,1343
0000003,2021-12-31,0106116043,0101225306,Mua nguyên vật liệu sản xuất,59234000000,5923400000,mua_vao,0,1346
0000003,2021-12-31,0100101072,0101225306,Mua điện năng sản xuất,38234000000,0,mua_vao,0,1347
0000012,2021-12-31,0101380936,0101225306,Mua nguyên vật liệu sản xuất,63456000000,6345600000,mua_vao,0,1350
0000003,2021-10-03,0101225306,0101601092,Xuất khẩu sản phẩm,52345000000,0,ban_ra,0,1353
0000005,2021-10-05,0101225306,0100101308,Bán sản phẩm theo đặt hàng,58901000000,5890100000,ban_ra,0,1354
0000006,2021-10-06,0101225306,0103240765,Bán sản phẩm thành phẩm,74567000000,7456700000,ban_ra,0,1355
0000007,2021-10-07,0101225306,0104141407,Xuất khẩu sản phẩm,54234000000,0,ban_ra,0,1356
0000008,2021-10-08,0101225306,0102331787,Bán sản phẩm thành phẩm,72890000000,7289000000,ban_ra,0,1357
0000009,2021-10-09,0101225306,0105294741,Bán sản phẩm theo đặt hàng,61234000000,6123400000,ban_ra,0,1358
0000011,2021-10-11,0101225306,0100105503,Xuất khẩu sản phẩm,55890000000,0,ban_ra,0,1360
0000012,2021-10-12,0101225306,0102264812,Bán sản phẩm thành phẩm,73456000000,7345600000,ban_ra,0,1361
0000013,2021-01-15,0101225306,0101435247,Bán sản phẩm theo đặt hàng,63456000000,6345600000,ban_ra,0,1362
0000014,2021-02-15,0101225306,0104380966,Bán sản phẩm thành phẩm,76234000000,7623400000,ban_ra,0,1363
0000016,2021-04-15,0101225306,0100373485,Bán sản phẩm thành phẩm,74890000000,7489000000,ban_ra,0,1365
0000017,2021-05-15,0101225306,0102712091,Bán sản phẩm theo đặt hàng,65234000000,6523400000,ban_ra,0,1366
0000019,2021-07-15,0101225306,0101225306,Xuất khẩu sản phẩm,58901000000,0,ban_ra,0,1368
0000020,2021-08-15,0101225306,0103769372,Bán sản phẩm thành phẩm,75234000000,7523400000,ban_ra,0,1369
0000022,2021-10-15,0101225306,0106682049,Bán sản phẩm thành phẩm,79234000000,7923400000,ban_ra,0,1371
0000023,2021-11-15,0101225306,0101329672,Xuất khẩu sản phẩm,61234000000,0,ban_ra,0,1372
0000024,2021-12-15,0101225306,0100680623,Bán sản phẩm thành phẩm,77234000000,7723400000,ban_ra,0,1373
0000025,2021-01-20,0101225306,0101056111,Bán sản phẩm theo đặt hàng,68901000000,6890100000,ban_ra,0,1374
0000026,2021-02-20,0101225306,0102159423,Bán sản phẩm thành phẩm,80234000000,8023400000,ban_ra,0,1375
0000027,2021-03-20,0101225306,0101437981,Xuất khẩu sản phẩm,63234000000,0,ban_ra,0,1376
0000029,2021-05-20,0101225306,0102625829,Bán sản phẩm theo đặt hàng,70234000000,7023400000,ban_ra,0,1378
0000031,2021-07-20,0101225306,0101380936,Xuất khẩu sản phẩm,65234000000,0,ban_ra,0,1380
0000032,2021-08-20,0101225306,0103711478,Bán sản phẩm thành phẩm,80234000000,8023400000,ban_ra,0,1381
0000034,2021-10-20,0101225306,0100902202,Bán sản phẩm thành phẩm,82345000000,8234500000,ban_ra,0,1383
0000035,2021-11-20,0101225306,0101601092,Xuất khẩu sản phẩm,67890000000,0,ban_ra,0,1384
0000036,2021-12-20,0101225306,0105908818,Bán sản phẩm thành phẩm,81890000000,8189000000,ban_ra,0,1385
0000037,2021-01-25,0101225306,0106300187,Bán sản phẩm theo đặt hàng,74234000000,7423400000,ban_ra,0,1386
0000038,2021-02-25,0101225306,0101770848,Bán sản phẩm thành phẩm,83456000000,8345600000,ban_ra,0,1387
0000041,2021-05-25,0101225306,0102311149,Bán sản phẩm theo đặt hàng,75678000000,7567800000,ban_ra,0,1390
0000042,2021-06-25,0101225306,0104220419,Bán sản phẩm thành phẩm,84234000000,8423400000,ban_ra,0,1391
0000043,2021-07-25,0101225306,0101452549,Xuất khẩu sản phẩm,70234000000,0,ban_ra,0,1392
0000044,2021-08-25,0101225306,0104976614,Bán sản phẩm thành phẩm,84890000000,8489000000,ban_ra,0,1393
0000046,2021-10-25,0101225306,0106116043,Bán sản phẩm thành phẩm,85678000000,8567800000,ban_ra,0,1395
0000048,2021-12-25,0101225306,0105189320,Bán sản phẩm thành phẩm,85234000000,8523400000,ban_ra,0,1397
0000049,2021-02-28,0101225306,0101639000,Bán sản phẩm theo đặt hàng,78901000000,7890100000,ban_ra,0,1398
0000051,2021-01-31,0101225306,0100373485,Xuất khẩu sản phẩm,72345000000,0,ban_ra,0,1400
0000052,2021-03-31,0101225306,0102712091,Bán sản phẩm thành phẩm,86789000000,8678900000,ban_ra,0,1401
0000053,2021-05-31,0101225306,0104976614,Bán sản phẩm theo đặt hàng,80234000000,8023400000,ban_ra,0,1402
0000054,2021-07-31,0101225306,0101377820,Bán sản phẩm thành phẩm,88234000000,8823400000,ban_ra,0,1403
0000055,2021-08-31,0101225306,0105492983,Xuất khẩu sản phẩm,74234000000,0,ban_ra,0,1404
0000056,2021-10-31,0101225306,0101598393,Bán sản phẩm thành phẩm,87890000000,8789000000,ban_ra,0,1405
0000057,2021-10-31,0101225306,0102264812,Bán sản phẩm theo đặt hàng,81890000000,8189000000,ban_ra,0,1406
0000058,2021-10-31,0101225306,0101225306,Bán sản phẩm thành phẩm,89234000000,8923400000,ban_ra,0,1407
0000060,2021-12-31,0101225306,0102625829,Bán sản phẩm thành phẩm,90234000000,9023400000,ban_ra,0,1409
0000061,2021-12-31,0101225306,0100113494,Bán sản phẩm theo đặt hàng,83456000000,8345600000,ban_ra,0,1410
0000064,2021-12-31,0101225306,0103769372,Bán sản phẩm thành phẩm,92345000000,9234500000,ban_ra,0,1413
0000065,2021-12-31,0101225306,0101437981,Bán sản phẩm theo đặt hàng,85234000000,8523400000,ban_ra,0,1414
0000066,2021-12-31,0101225306,0105908818,Bán sản phẩm thành phẩm,93456000000,9345600000,ban_ra,0,1415
0000067,2021-12-31,0101225306,0102331787,Xuất khẩu sản phẩm,78234000000,0,ban_ra,0,1416
0000069,2021-12-31,0101225306,0100680623,Bán sản phẩm theo đặt hàng,86789000000,8678900000,ban_ra,0,1418
0000070,2021-12-31,0101225306,0104141407,Bán sản phẩm thành phẩm,95234000000,9523400000,ban_ra,0,1419
0000005,2021-10-01,0102191498,0101329672,Mua nguyên vật liệu sản xuất,45234000000,4523400000,mua_vao,0,1420
0000005,2021-10-03,0100101308,0101329672,Mua phụ tùng máy móc thay thế,28901000000,2890100000,mua_vao,0,1422
0000005,2021-10-04,0101598393,0101329672,Mua điện năng sản xuất,22345000000,0,mua_vao,0,1423
0000025,2021-10-05,0102712091,0101329672,Dịch vụ bảo trì thiết bị,18901000000,1890100000,mua_vao,0,1424
0000013,2021-10-06,0101380936,0101329672,Mua nguyên vật liệu sản xuất,38234000000,3823400000,mua_vao,0,1425
0000005,2021-10-07,0100101403,0101329672,Mua bao bì đóng gói sản phẩm,13456000000,1345600000,mua_vao,0,1426
0000005,2021-10-10,0104380966,0101329672,Mua điện năng sản xuất,23456000000,0,mua_vao,0,1429
0000004,2021-10-11,0101454070,0101329672,Mua nguyên vật liệu sản xuất,40234000000,4023400000,mua_vao,0,1430
0000022,2021-10-12,0102625829,0101329672,Dịch vụ kiểm định chất lượng,15234000000,1523400000,mua_vao,0,1431
0000007,2021-01-15,0100113494,0101329672,Mua nguyên vật liệu sản xuất,37890000000,3789000000,mua_vao,0,1432
0000022,2021-04-15,0103769372,0101329672,Dịch vụ bảo trì thiết bị,17234000000,1723400000,mua_vao,0,1435
0000019,2021-05-15,0101437981,0101329672,Mua điện năng sản xuất,22890000000,0,mua_vao,0,1436
0000004,2021-06-15,0105908818,0101329672,Mua nguyên vật liệu sản xuất,43456000000,4345600000,mua_vao,0,1437
0000021,2021-07-15,0102331787,0101329672,Chi phí vận chuyển hàng hóa,15678000000,1567800000,mua_vao,0,1438
0000020,2021-09-15,0100680623,0101329672,Mua phụ tùng máy móc thay thế,22345000000,2234500000,mua_vao,0,1440
0000018,2021-10-15,0104141407,0101329672,Mua nguyên vật liệu sản xuất,40890000000,4089000000,mua_vao,0,1441
0000004,2021-11-15,0106399994,0101329672,Dịch vụ kiểm định chất lượng,16234000000,1623400000,mua_vao,0,1442
0000023,2021-02-20,0102264812,0101329672,Mua điện năng sản xuất,21890000000,0,mua_vao,0,1445
0000018,2021-03-20,0101329672,0101329672,Mua nguyên vật liệu sản xuất,42345000000,4234500000,mua_vao,0,1446
0000021,2021-04-20,0102159423,0101329672,Dịch vụ bảo trì thiết bị,18234000000,1823400000,mua_vao,0,1447
0000009,2021-06-20,0100105503,0101329672,Chi phí vận chuyển hàng hóa,17234000000,1723400000,mua_vao,0,1449
0000019,2021-07-20,0102311149,0101329672,Mua nguyên vật liệu sản xuất,40234000000,4023400000,mua_vao,0,1450
0000019,2021-08-20,0101225306,0101329672,Mua phụ tùng máy móc thay thế,25678000000,2567800000,mua_vao,0,1451
0000020,2021-09-20,0101056111,0101329672,Mua nguyên vật liệu sản xuất,38234000000,3823400000,mua_vao,0,1452
0000018,2021-12-20,0100373485,0101329672,Mua bao bì đóng gói sản phẩm,13234000000,1323400000,mua_vao,0,1455
0000020,2021-01-25,0101770848,0101329672,Mua điện năng sản xuất,22234000000,0,mua_vao,0,1456
0000020,2021-02-25,0103711478,0101329672,Mua nguyên vật liệu sản xuất,43890000000,4389000000,mua_vao,0,1457
0000017,2021-03-25,0101639000,0101329672,Dịch vụ bảo trì thiết bị,19234000000,1923400000,mua_vao,0,1458
0000026,2021-05-25,0102712091,0101329672,Chi phí vận chuyển hàng hóa,18901000000,1890100000,mua_vao,0,1460
0000005,2021-06-25,0104976614,0101329672,Mua nguyên vật liệu sản xuất,37890000000,3789000000,mua_vao,0,1461
0000005,2021-07-25,0101452549,0101329672,Mua phụ tùng máy móc thay thế,24567000000,2456700000,mua_vao,0,1462
0000004,2021-10-25,0106116043,0101329672,Mua nguyên vật liệu sản xuất,38345000000,3834500000,mua_vao,0,1465
0000004,2021-11-25,0100101072,0101329672,Mua điện năng sản xuất,23456000000,0,mua_vao,0,1466
0000014,2021-02-28,0101380936,0101329672,Mua nguyên vật liệu sản xuất,38901000000,3890100000,mua_vao,0,1469
0000006,2021-03-28,0102191498,0101329672,Chi phí vận chuyển hàng hóa,19890000000,1989000000,mua_vao,0,1470
0000006,2021-07-28,0100101308,0101329672,Dịch vụ bảo trì thiết bị,21234000000,2123400000,mua_vao,0,1472
0000006,2021-08-28,0101598393,0101329672,Mua nguyên vật liệu sản xuất,40234000000,4023400000,mua_vao,0,1473
0000027,2021-10-28,0102712091,0101329672,Mua bao bì đóng gói sản phẩm,15678000000,1567800000,mua_vao,0,1474
0000015,2021-01-31,0101380936,0101329672,Mua điện năng sản xuất,24567000000,0,mua_vao,0,1475
0000006,2021-03-31,0100101403,0101329672,Mua nguyên vật liệu sản xuất,42345000000,4234500000,mua_vao,0,1476
0000006,2021-08-31,0104380966,0101329672,Dịch vụ kiểm định chất lượng,18234000000,1823400000,mua_vao,0,1479
0000005,2021-10-31,0101454070,0101329672,Mua nguyên vật liệu sản xuất,41890000000,4189000000,mua_vao,0,1480
0000023,2021-10-31,0102625829,0101329672,Mua phụ tùng máy móc thay thế,26789000000,2678900000,mua_vao,0,1481
0000008,2021-12-01,0100113494,0101329672,Mua nguyên vật liệu sản xuất,43456000000,4345600000,mua_vao,0,1482
0000023,2021-12-31,0103769372,0101329672,Mua nguyên vật liệu sản xuất,44567000000,4456700000,mua_vao,0,1485
0000020,2021-12-31,0101437981,0101329672,Chi phí vận chuyển hàng hóa,21890000000,2189000000,mua_vao,0,1486
0000005,2021-12-31,0105908818,0101329672,Mua nguyên vật liệu sản xuất,43890000000,4389000000,mua_vao,0,1487
0000022,2021-12-31,0102331787,0101329672,Dịch vụ bảo trì thiết bị,22456000000,2245600000,mua_vao,0,1488
0000003,2021-10-03,0101329672,0101601092,Xuất khẩu sản phẩm,35678000000,0,ban_ra,0,1492
0000005,2021-10-05,0101329672,0100101308,Bán sản phẩm theo đặt hàng,40234000000,4023400000,ban_ra,0,1493
0000006,2021-10-06,0101329672,0103240765,Bán sản phẩm thành phẩm,51234000000,5123400000,ban_ra,0,1494
0000007,2021-10-07,0101329672,0104141407,Xuất khẩu sản phẩm,37890000000,0,ban_ra,0,1495
0000008,2021-10-08,0101329672,0102331787,Bán sản phẩm thành phẩm,50234000000,5023400000,ban_ra,0,1496
0000009,2021-10-09,0101329672,0105294741,Bán sản phẩm theo đặt hàng,42345000000,4234500000,ban_ra,0,1497
0000011,2021-10-11,0101329672,0100105503,Xuất khẩu sản phẩm,39234000000,0,ban_ra,0,1499
0000012,2021-10-12,0101329672,0102264812,Bán sản phẩm thành phẩm,51890000000,5189000000,ban_ra,0,1500
0000013,2021-01-15,0101329672,0101435247,Bán sản phẩm theo đặt hàng,44234000000,4423400000,ban_ra,0,1501
0000014,2021-02-15,0101329672,0104380966,Bán sản phẩm thành phẩm,53456000000,5345600000,ban_ra,0,1502
0000016,2021-04-15,0101329672,0100373485,Bán sản phẩm thành phẩm,52345000000,5234500000,ban_ra,0,1504
0000017,2021-05-15,0101329672,0102712091,Bán sản phẩm theo đặt hàng,45678000000,4567800000,ban_ra,0,1505
0000019,2021-07-15,0101329672,0101225306,Xuất khẩu sản phẩm,41890000000,0,ban_ra,0,1507
0000020,2021-08-15,0101329672,0103769372,Bán sản phẩm thành phẩm,52890000000,5289000000,ban_ra,0,1508
0000022,2021-10-15,0101329672,0106682049,Bán sản phẩm thành phẩm,55234000000,5523400000,ban_ra,0,1510
0000023,2021-11-15,0101329672,0101329672,Xuất khẩu sản phẩm,42890000000,0,ban_ra,0,1511
0000024,2021-12-15,0101329672,0100680623,Bán sản phẩm thành phẩm,53456000000,5345600000,ban_ra,0,1512
0000025,2021-01-20,0101329672,0101056111,Bán sản phẩm theo đặt hàng,47890000000,4789000000,ban_ra,0,1513
0000026,2021-02-20,0101329672,0102159423,Bán sản phẩm thành phẩm,55890000000,5589000000,ban_ra,0,1514
0000027,2021-03-20,0101329672,0101437981,Xuất khẩu sản phẩm,43890000000,0,ban_ra,0,1515
0000029,2021-05-20,0101329672,0102625829,Bán sản phẩm theo đặt hàng,48901000000,4890100000,ban_ra,0,1517
0000031,2021-07-20,0101329672,0101380936,Xuất khẩu sản phẩm,44890000000,0,ban_ra,0,1519
0000032,2021-08-20,0101329672,0103711478,Bán sản phẩm thành phẩm,55678000000,5567800000,ban_ra,0,1520
0000034,2021-10-20,0101329672,0100902202,Bán sản phẩm thành phẩm,57234000000,5723400000,ban_ra,0,1522
0000035,2021-11-20,0101329672,0101601092,Xuất khẩu sản phẩm,45678000000,0,ban_ra,0,1523
0000036,2021-12-20,0101329672,0105908818,Bán sản phẩm thành phẩm,57890000000,5789000000,ban_ra,0,1524
0000037,2021-01-25,0101329672,0106300187,Bán sản phẩm theo đặt hàng,51234000000,5123400000,ban_ra,0,1525
0000038,2021-02-25,0101329672,0101770848,Bán sản phẩm thành phẩm,58234000000,5823400000,ban_ra,0,1526
0000041,2021-05-25,0101329672,0102311149,Bán sản phẩm theo đặt hàng,52345000000,5234500000,ban_ra,0,1529
0000042,2021-06-25,0101329672,0104220419,Bán sản phẩm thành phẩm,59234000000,5923400000,ban_ra,0,1530
0000043,2021-07-25,0101329672,0101452549,Xuất khẩu sản phẩm,47890000000,0,ban_ra,0,1531
0000044,2021-08-25,0101329672,0104976614,Bán sản phẩm thành phẩm,59890000000,5989000000,ban_ra,0,1532
0000046,2021-10-25,0101329672,0106116043,Bán sản phẩm thành phẩm,60234000000,6023400000,ban_ra,0,1534
0000048,2021-12-25,0101329672,0105189320,Bán sản phẩm thành phẩm,60890000000,6089000000,ban_ra,0,1536
0000049,2021-02-28,0101329672,0101639000,Bán sản phẩm theo đặt hàng,54234000000,5423400000,ban_ra,0,1537
0000007,2021-10-01,0102191498,0101377820,Mua nguyên vật liệu sản xuất,20234000000,2023400000,mua_vao,0,1539
0000007,2021-10-03,0100101308,0101377820,Mua phụ tùng máy móc thay thế,12345000000,1234500000,mua_vao,0,1541
0000007,2021-10-04,0101598393,0101377820,Mua điện năng sản xuất,9234000000,0,mua_vao,0,1542
0000028,2021-10-05,0102712091,0101377820,Dịch vụ bảo trì thiết bị,11234000000,1123400000,mua_vao,0,1543
0000016,2021-10-06,0101380936,0101377820,Mua nguyên vật liệu sản xuất,18234000000,1823400000,mua_vao,0,1544
0000007,2021-10-07,0100101403,0101377820,Mua bao bì đóng gói sản phẩm,7234000000,723400000,mua_vao,0,1545
0000007,2021-10-10,0104380966,0101377820,Mua điện năng sản xuất,9890000000,0,mua_vao,0,1548
0000006,2021-10-11,0101454070,0101377820,Mua nguyên vật liệu sản xuất,17890000000,1789000000,mua_vao,0,1549
0000024,2021-10-12,0102625829,0101377820,Dịch vụ kiểm định chất lượng,8901000000,890100000,mua_vao,0,1550
0000009,2021-01-15,0100113494,0101377820,Mua nguyên vật liệu sản xuất,19234000000,1923400000,mua_vao,0,1551
0000024,2021-04-15,0103769372,0101377820,Dịch vụ bảo trì thiết bị,9234000000,923400000,mua_vao,0,1554
0000021,2021-05-15,0101437981,0101377820,Mua điện năng sản xuất,9678000000,0,mua_vao,0,1555
0000006,2021-06-15,0105908818,0101377820,Mua nguyên vật liệu sản xuất,18901000000,1890100000,mua_vao,0,1556
0000023,2021-07-15,0102331787,0101377820,Chi phí vận chuyển hàng hóa,8345000000,834500000,mua_vao,0,1557
0000021,2021-09-15,0100680623,0101377820,Mua phụ tùng máy móc thay thế,11234000000,1123400000,mua_vao,0,1559
0000019,2021-10-15,0104141407,0101377820,Mua nguyên vật liệu sản xuất,18234000000,1823400000,mua_vao,0,1560
0000005,2021-11-15,0106399994,0101377820,Dịch vụ kiểm định chất lượng,8901000000,890100000,mua_vao,0,1561
0000024,2021-02-20,0102264812,0101377820,Mua điện năng sản xuất,9345000000,0,mua_vao,0,1564
0000019,2021-03-20,0101329672,0101377820,Mua nguyên vật liệu sản xuất,19234000000,1923400000,mua_vao,0,1565
0000022,2021-04-20,0102159423,0101377820,Dịch vụ bảo trì thiết bị,9678000000,967800000,mua_vao,0,1566
0000010,2021-06-20,0100105503,0101377820,Chi phí vận chuyển hàng hóa,8901000000,890100000,mua_vao,0,1568
0000020,2021-07-20,0102311149,0101377820,Mua nguyên vật liệu sản xuất,18234000000,1823400000,mua_vao,0,1569
0000020,2021-08-20,0101225306,0101377820,Mua phụ tùng máy móc thay thế,12345000000,1234500000,mua_vao,0,1570
0000021,2021-09-20,0101056111,0101377820,Mua nguyên vật liệu sản xuất,17890000000,1789000000,mua_vao,0,1571
0000019,2021-12-20,0100373485,0101377820,Mua bao bì đóng gói sản phẩm,7890000000,789000000,mua_vao,0,1574
0000021,2021-01-25,0101770848,0101377820,Mua điện năng sản xuất,9890000000,0,mua_vao,0,1575
0000021,2021-02-25,0103711478,0101377820,Mua nguyên vật liệu sản xuất,20234000000,2023400000,mua_vao,0,1576
0000018,2021-03-25,0101639000,0101377820,Dịch vụ bảo trì thiết bị,10234000000,1023400000,mua_vao,0,1577
0000029,2021-05-25,0102712091,0101377820,Chi phí vận chuyển hàng hóa,9678000000,967800000,mua_vao,0,1579
0000006,2021-06-25,0104976614,0101377820,Mua nguyên vật liệu sản xuất,17890000000,1789000000,mua_vao,0,1580
0000006,2021-07-25,0101452549,0101377820,Mua phụ tùng máy móc thay thế,11890000000,1189000000,mua_vao,0,1581
0000005,2021-10-25,0106116043,0101377820,Mua nguyên vật liệu sản xuất,18456000000,1845600000,mua_vao,0,1584
0000005,2021-11-25,0100101072,0101377820,Mua điện năng sản xuất,9890000000,0,mua_vao,0,1585
0000017,2021-02-28,0101380936,0101377820,Mua nguyên vật liệu sản xuất,19345000000,1934500000,mua_vao,0,1588
0000008,2021-01-31,0102191498,0101377820,Chi phí vận chuyển hàng hóa,9234000000,923400000,mua_vao,0,1589
0000008,2021-05-31,0100101308,0101377820,Dịch vụ bảo trì thiết bị,10890000000,1089000000,mua_vao,0,1591
0000008,2021-07-31,0101598393,0101377820,Mua nguyên vật liệu sản xuất,19678000000,1967800000,mua_vao,0,1592
0000030,2021-12-31,0102712091,0101377820,Mua bao bì đóng gói sản phẩm,8345000000,834500000,mua_vao,0,1593
0000003,2021-10-05,0101377820,0101601092,Bán sản phẩm theo đặt hàng,20890000000,2089000000,ban_ra,0,1596
0000004,2021-10-07,0101377820,0100101072,Bán sản phẩm thành phẩm,23456000000,2345600000,ban_ra,0,1597
0000005,2021-10-09,0101377820,0100101308,Xuất khẩu sản phẩm,19234000000,0,ban_ra,0,1598
0000006,2021-10-11,0101377820,0103240765,Bán sản phẩm thành phẩm,21890000000,2189000000,ban_ra,0,1599
0000007,2021-01-15,0101377820,0104141407,Bán sản phẩm theo đặt hàng,19890000000,1989000000,ban_ra,0,1600
0000008,2021-03-15,0101377820,0102331787,Bán sản phẩm thành phẩm,22890000000,2289000000,ban_ra,0,1601
0000009,2021-05-15,0101377820,0105294741,Xuất khẩu sản phẩm,19678000000,0,ban_ra,0,1602
0000011,2021-09-15,0101377820,0100105503,Bán sản phẩm theo đặt hàng,21234000000,2123400000,ban_ra,0,1604
0000012,2021-11-15,0101377820,0102264812,Bán sản phẩm thành phẩm,22456000000,2245600000,ban_ra,0,1605
0000013,2021-01-20,0101377820,0101435247,Xuất khẩu sản phẩm,19890000000,0,ban_ra,0,1606
0000014,2021-03-20,0101377820,0104380966,Bán sản phẩm thành phẩm,24890000000,2489000000,ban_ra,0,1607
0000016,2021-07-20,0101377820,0100373485,Bán sản phẩm thành phẩm,23456000000,2345600000,ban_ra,0,1609
0000017,2021-09-20,0101377820,0102712091,Xuất khẩu sản phẩm,20234000000,0,ban_ra,0,1610
0000019,2021-01-25,0101377820,0101225306,Bán sản phẩm theo đặt hàng,22234000000,2223400000,ban_ra,0,1612
0000020,2021-03-25,0101377820,0103769372,Bán sản phẩm thành phẩm,24234000000,2423400000,ban_ra,0,1613
0000022,2021-07-25,0101377820,0106682049,Bán sản phẩm thành phẩm,25890000000,2589000000,ban_ra,0,1615
0000023,2021-09-25,0101377820,0101329672,Bán sản phẩm theo đặt hàng,22890000000,2289000000,ban_ra,0,1616
0000024,2021-11-25,0101377820,0100680623,Bán sản phẩm thành phẩm,25456000000,2545600000,ban_ra,0,1617
0000025,2021-01-31,0101377820,0101056111,Xuất khẩu sản phẩm,21234000000,0,ban_ra,0,1618
0000026,2021-03-31,0101377820,0102159423,Bán sản phẩm thành phẩm,26234000000,2623400000,ban_ra,0,1619
0000027,2021-05-31,0101377820,0101437981,Bán sản phẩm theo đặt hàng,23456000000,2345600000,ban_ra,0,1620
0000029,2021-10-01,0101377820,0102625829,Xuất khẩu sản phẩm,21890000000,0,ban_ra,0,1622
0000032,2021-12-31,0101377820,0104141407,Xuất khẩu sản phẩm,22234000000,0,ban_ra,0,1625
0000033,2021-12-31,0101377820,0100680623,Bán sản phẩm thành phẩm,27234000000,2723400000,ban_ra,0,1626
0000035,2021-12-31,0101377820,0102264812,Bán sản phẩm thành phẩm,27890000000,2789000000,ban_ra,0,1628
0000036,2021-12-31,0101377820,0101380936,Xuất khẩu sản phẩm,22890000000,0,ban_ra,0,1629
0000037,2021-12-31,0101377820,0103711478,Bán sản phẩm thành phẩm,28234000000,2823400000,ban_ra,0,1630
0000038,2021-12-31,0101377820,0100373485,Bán sản phẩm theo đặt hàng,25456000000,2545600000,ban_ra,0,1631
0000039,2021-12-31,0101377820,0102712091,Bán sản phẩm thành phẩm,28901000000,2890100000,ban_ra,0,1632
0000040,2021-12-31,0101377820,0101639000,Xuất khẩu sản phẩm,23456000000,0,ban_ra,0,1633
0000041,2021-12-31,0101377820,0103240765,Bán sản phẩm thành phẩm,28234000000,2823400000,ban_ra,0,1634
0000042,2021-12-31,0101377820,0101435247,Bán sản phẩm theo đặt hàng,25890000000,2589000000,ban_ra,0,1635
0000044,2021-12-31,0101377820,0102331787,Xuất khẩu sản phẩm,24234000000,0,ban_ra,0,1637
0000045,2021-12-31,0101377820,0100902202,Bán sản phẩm thành phẩm,28901000000,2890100000,ban_ra,0,1638
0000047,2021-12-31,0101377820,0101601092,Bán sản phẩm thành phẩm,29890000000,2989000000,ban_ra,0,1640
0000048,2021-12-31,0101377820,0103769372,Xuất khẩu sản phẩm,24890000000,0,ban_ra,0,1641
0000049,2021-12-31,0101377820,0102625829,Bán sản phẩm thành phẩm,29456000000,2945600000,ban_ra,0,1642
0000050,2021-12-31,0101377820,0101329672,Bán sản phẩm theo đặt hàng,26890000000,2689000000,ban_ra,0,1643
0000009,2021-10-01,0102191498,0101380936,Mua gỗ nguyên liệu,14234000000,1423400000,mua_vao,0,1644
0000009,2021-10-03,0100101308,0101380936,Mua sơn varnish bề mặt,7890000000,789000000,mua_vao,0,1646
0000009,2021-10-05,0101598393,0101380936,Dịch vụ gia công chế biến gỗ,10234000000,1023400000,mua_vao,0,1647
0000031,2021-10-06,0102712091,0101380936,Mua bao bì đóng gói hàng,5678000000,567800000,mua_vao,0,1648
0000018,2021-10-07,0101380936,0101380936,Mua điện sản xuất,8901000000,0,mua_vao,0,1649
0000008,2021-10-08,0100101403,0101380936,Mua gỗ nguyên liệu,15678000000,1567800000,mua_vao,0,1650
0000008,2021-10-11,0104380966,0101380936,Mua gỗ nguyên liệu,14890000000,1489000000,mua_vao,0,1653
0000007,2021-10-12,0101454070,0101380936,Mua sơn varnish bề mặt,7234000000,723400000,mua_vao,0,1654
0000025,2021-01-15,0102625829,0101380936,Mua bao bì đóng gói hàng,5234000000,523400000,mua_vao,0,1655
0000010,2021-02-15,0100113494,0101380936,Mua gỗ nguyên liệu,15234000000,1523400000,mua_vao,0,1656
0000025,2021-05-15,0103769372,0101380936,Mua gỗ nguyên liệu,14567000000,1456700000,mua_vao,0,1659
0000022,2021-06-15,0101437981,0101380936,Dịch vụ gia công chế biến gỗ,9678000000,967800000,mua_vao,0,1660
0000007,2021-07-15,0105908818,0101380936,Mua sơn varnish bề mặt,7890000000,789000000,mua_vao,0,1661
0000024,2021-08-15,0102331787,0101380936,Mua gỗ nguyên liệu,13890000000,1389000000,mua_vao,0,1662
0000022,2021-10-15,0100680623,0101380936,Mua gỗ nguyên liệu,14234000000,1423400000,mua_vao,0,1664
0000020,2021-11-15,0104141407,0101380936,Dịch vụ gia công chế biến gỗ,10234000000,1023400000,mua_vao,0,1665
0000006,2021-12-15,0106399994,0101380936,Mua phụ kiện gỗ nội thất,7890000000,789000000,mua_vao,0,1666
0000025,2021-03-20,0102264812,0101380936,Mua điện sản xuất,9890000000,0,mua_vao,0,1669
0000020,2021-04-20,0101329672,0101380936,Mua gỗ nguyên liệu,14890000000,1489000000,mua_vao,0,1670
0000023,2021-05-20,0102159423,0101380936,Mua bao bì đóng gói hàng,6234000000,623400000,mua_vao,0,1671
0000011,2021-07-20,0100105503,0101380936,Dịch vụ gia công chế biến gỗ,10890000000,1089000000,mua_vao,0,1673
0000021,2021-08-20,0102311149,0101380936,Mua phụ kiện gỗ nội thất,7890000000,789000000,mua_vao,0,1674
0000021,2021-09-20,0101225306,0101380936,Mua gỗ nguyên liệu,14567000000,1456700000,mua_vao,0,1675
0000022,2021-10-20,0101056111,0101380936,Mua sơn varnish bề mặt,8234000000,823400000,mua_vao,0,1676
0000020,2021-01-25,0100373485,0101380936,Mua bao bì đóng gói hàng,5890000000,589000000,mua_vao,0,1679
0000022,2021-02-25,0101770848,0101380936,Dịch vụ gia công chế biến gỗ,11234000000,1123400000,mua_vao,0,1680
0000022,2021-03-25,0103711478,0101380936,Mua gỗ nguyên liệu,15890000000,1589000000,mua_vao,0,1681
0000019,2021-04-25,0101639000,0101380936,Mua phụ kiện gỗ nội thất,8234000000,823400000,mua_vao,0,1682
0000032,2021-06-25,0102712091,0101380936,Mua sơn varnish bề mặt,8901000000,890100000,mua_vao,0,1684
0000007,2021-07-25,0104976614,0101380936,Dịch vụ gia công chế biến gỗ,11890000000,1189000000,mua_vao,0,1685
0000007,2021-08-25,0101452549,0101380936,Mua gỗ nguyên liệu,15456000000,1545600000,mua_vao,0,1686
0000006,2021-11-25,0106116043,0101380936,Mua điện sản xuất,10890000000,0,mua_vao,0,1689
0000006,2021-12-25,0100101072,0101380936,Dịch vụ gia công chế biến gỗ,11456000000,1145600000,mua_vao,0,1690
0000019,2021-03-31,0101380936,0101380936,Mua gỗ nguyên liệu,14890000000,1489000000,mua_vao,0,1693
0000010,2021-05-31,0102191498,0101380936,Mua sơn varnish bề mặt,8901000000,890100000,mua_vao,0,1694
0000010,2021-08-31,0100101308,0101380936,Dịch vụ gia công chế biến gỗ,12234000000,1223400000,mua_vao,0,1696
0000010,2021-10-31,0101598393,0101380936,Mua bao bì đóng gói hàng,6890000000,689000000,mua_vao,0,1697
0000033,2021-12-31,0102712091,0101380936,Mua gỗ nguyên liệu,15456000000,1545600000,mua_vao,0,1698
0000003,2021-10-05,0101380936,0101601092,Bán sản phẩm mỹ nghệ gỗ,12345000000,1234500000,ban_ra,0,1701
0000005,2021-10-09,0101380936,0100101308,Xuất khẩu đồ gỗ,20234000000,0,ban_ra,0,1702
0000006,2021-10-11,0101380936,0103240765,Bán đồ gỗ nội thất thành phẩm,13456000000,1345600000,ban_ra,0,1703
0000007,2021-01-15,0101380936,0104141407,Bán sản phẩm mỹ nghệ gỗ,11890000000,1189000000,ban_ra,0,1704
0000008,2021-03-15,0101380936,0102331787,Bán đồ gỗ nội thất thành phẩm,16234000000,1623400000,ban_ra,0,1705
0000009,2021-05-15,0101380936,0105294741,Xuất khẩu đồ gỗ,21234000000,0,ban_ra,0,1706
0000011,2021-09-15,0101380936,0100105503,Bán sản phẩm mỹ nghệ gỗ,12345000000,1234500000,ban_ra,0,1708
0000012,2021-11-15,0101380936,0102264812,Bán đồ gỗ nội thất thành phẩm,16890000000,1689000000,ban_ra,0,1709
0000013,2021-01-20,0101380936,0101435247,Xuất khẩu đồ gỗ,22234000000,0,ban_ra,0,1710
0000014,2021-03-20,0101380936,0104380966,Bán đồ gỗ nội thất thành phẩm,15234000000,1523400000,ban_ra,0,1711
0000016,2021-07-20,0101380936,0100373485,Bán đồ gỗ nội thất thành phẩm,17234000000,1723400000,ban_ra,0,1713
0000017,2021-09-20,0101380936,0102712091,Xuất khẩu đồ gỗ,22890000000,0,ban_ra,0,1714
0000019,2021-01-25,0101380936,0101225306,Bán sản phẩm mỹ nghệ gỗ,13456000000,1345600000,ban_ra,0,1716
0000020,2021-03-25,0101380936,0103769372,Bán đồ gỗ nội thất thành phẩm,17890000000,1789000000,ban_ra,0,1717
0000022,2021-07-25,0101380936,0106682049,Bán đồ gỗ nội thất thành phẩm,16234000000,1623400000,ban_ra,0,1719
0000023,2021-09-25,0101380936,0101329672,Bán sản phẩm mỹ nghệ gỗ,13890000000,1389000000,ban_ra,0,1720
0000024,2021-11-25,0101380936,0100680623,Bán đồ gỗ nội thất thành phẩm,18234000000,1823400000,ban_ra,0,1721
0000025,2021-01-31,0101380936,0101056111,Xuất khẩu đồ gỗ,24234000000,0,ban_ra,0,1722
0000026,2021-03-31,0101380936,0102159423,Bán đồ gỗ nội thất thành phẩm,16890000000,1689000000,ban_ra,0,1723
0000027,2021-05-31,0101380936,0101437981,Bán sản phẩm mỹ nghệ gỗ,14567000000,1456700000,ban_ra,0,1724
0000029,2021-10-01,0101380936,0102625829,Xuất khẩu đồ gỗ,24890000000,0,ban_ra,0,1726
0000032,2021-12-31,0101380936,0104141407,Xuất khẩu đồ gỗ,25234000000,0,ban_ra,0,1729
0000033,2021-12-31,0101380936,0100680623,Bán đồ gỗ nội thất thành phẩm,17890000000,1789000000,ban_ra,0,1730
0000035,2021-12-31,0101380936,0102264812,Bán đồ gỗ nội thất thành phẩm,19234000000,1923400000,ban_ra,0,1732
0000036,2021-12-31,0101380936,0101380936,Xuất khẩu đồ gỗ,25890000000,0,ban_ra,0,1733
0000037,2021-12-31,0101380936,0103711478,Bán đồ gỗ nội thất thành phẩm,18234000000,1823400000,ban_ra,0,1734
0000038,2021-12-31,0101380936,0100373485,Bán sản phẩm mỹ nghệ gỗ,15678000000,1567800000,ban_ra,0,1735
0000039,2021-12-31,0101380936,0102712091,Bán đồ gỗ nội thất thành phẩm,19890000000,1989000000,ban_ra,0,1736
0000040,2021-12-31,0101380936,0101639000,Xuất khẩu đồ gỗ,26234000000,0,ban_ra,0,1737
0000041,2021-12-31,0101380936,0103240765,Bán đồ gỗ nội thất thành phẩm,18901000000,1890100000,ban_ra,0,1738
0000042,2021-12-31,0101380936,0101435247,Bán sản phẩm mỹ nghệ gỗ,16234000000,1623400000,ban_ra,0,1739
0000044,2021-12-31,0101380936,0102331787,Xuất khẩu đồ gỗ,26890000000,0,ban_ra,0,1741
0000045,2021-12-31,0101380936,0100902202,Bán đồ gỗ nội thất thành phẩm,19234000000,1923400000,ban_ra,0,1742
0000047,2021-12-31,0101380936,0101601092,Bán đồ gỗ nội thất thành phẩm,20890000000,2089000000,ban_ra,0,1744
0000048,2021-12-31,0101380936,0103769372,Xuất khẩu đồ gỗ,27234000000,0,ban_ra,0,1745
0000049,2021-12-31,0101380936,0102625829,Bán đồ gỗ nội thất thành phẩm,19890000000,1989000000,ban_ra,0,1746
0000050,2021-12-31,0101380936,0101329672,Bán sản phẩm mỹ nghệ gỗ,17234000000,1723400000,ban_ra,0,1747
0000008,2021-10-01,0101452549,0101435247,Dịch vụ logistics vận chuyển,9678000000,967800000,mua_vao,0,1749
0000009,2021-10-02,0100101403,0101435247,Phí khai thuê hải quan,7234000000,723400000,mua_vao,0,1750
0000002,2021-10-04,0106300187,0101435247,Chi phí kho bãi lưu trữ,8456000000,845600000,mua_vao,0,1752
0000008,2021-10-06,0104976614,0101435247,Dịch vụ logistics vận chuyển,10234000000,1023400000,mua_vao,0,1754
0000002,2021-10-07,0106980045,0101435247,Mua hàng hóa trong nước,18901000000,1890100000,mua_vao,0,1755
0000023,2021-10-08,0103711478,0101435247,Chi phí kho bãi lưu trữ,9234000000,923400000,mua_vao,0,1756
0000023,2021-10-09,0101056111,0101435247,Mua hàng hóa nhập khẩu,21890000000,2189000000,mua_vao,0,1757
0000020,2021-10-10,0101380936,0101435247,Phí khai thuê hải quan,7890000000,789000000,mua_vao,0,1758
0000012,2021-10-12,0100105503,0101435247,Dịch vụ logistics vận chuyển,9890000000,989000000,mua_vao,0,1760
0000011,2021-01-15,0100113494,0101435247,Mua hàng hóa nhập khẩu,22345000000,2234500000,mua_vao,0,1761
0000034,2021-02-15,0102712091,0101435247,Chi phí kho bãi lưu trữ,9678000000,967800000,mua_vao,0,1762
0000023,2021-07-15,0101437981,0101435247,Mua hàng hóa trong nước,19890000000,1989000000,mua_vao,0,1767
0000001,2021-09-15,0106187171,0101435247,Mua hàng hóa nhập khẩu,22890000000,2289000000,mua_vao,0,1769
0000002,2021-10-15,0106112810,0101435247,Dịch vụ logistics vận chuyển,10456000000,1045600000,mua_vao,0,1770
0000002,2021-12-15,0105294741,0101435247,Chi phí kho bãi lưu trữ,9234000000,923400000,mua_vao,0,1772
0000011,2021-01-20,0100101308,0101435247,Mua hàng hóa nhập khẩu,22345000000,2234500000,mua_vao,0,1773
0000020,2021-02-20,0101601092,0101435247,Phí khai thuê hải quan,8901000000,890100000,mua_vao,0,1774
0000011,2021-05-20,0102191498,0101435247,Mua hàng hóa nhập khẩu,23456000000,2345600000,mua_vao,0,1777
0000007,2021-06-20,0100101072,0101435247,Chi phí kho bãi lưu trữ,10234000000,1023400000,mua_vao,0,1778
0000013,2021-07-20,0103240765,0101435247,Mua hàng hóa trong nước,18456000000,1845600000,mua_vao,0,1779
0000022,2021-09-20,0102311149,0101435247,Mua hàng hóa nhập khẩu,23890000000,2389000000,mua_vao,0,1781
0000022,2021-10-20,0101225306,0101435247,Phí khai thuê hải quan,9234000000,923400000,mua_vao,0,1782
0000021,2021-11-20,0100373485,0101435247,Mua hàng hóa trong nước,18901000000,1890100000,mua_vao,0,1783
0000024,2021-12-20,0102159423,0101435247,Chi phí kho bãi lưu trữ,10890000000,1089000000,mua_vao,0,1784
0000021,2021-01-25,0101329672,0101435247,Mua hàng hóa nhập khẩu,24234000000,2423400000,mua_vao,0,1785
0000023,2021-02-25,0100680623,0101435247,Phí khai thuê hải quan,9890000000,989000000,mua_vao,0,1786
0000021,2021-03-25,0104141407,0101435247,Mua hàng hóa trong nước,19678000000,1967800000,mua_vao,0,1787
0000026,2021-05-25,0102625829,0101435247,Mua hàng hóa nhập khẩu,24890000000,2489000000,mua_vao,0,1789
0000008,2021-06-25,0105908818,0101435247,Chi phí kho bãi lưu trữ,11234000000,1123400000,mua_vao,0,1790
0000023,2021-07-25,0101770848,0101435247,Mua hàng hóa trong nước,18901000000,1890100000,mua_vao,0,1791
0000026,2021-08-25,0102264812,0101435247,Dịch vụ tư vấn thương mại,12890000000,1289000000,mua_vao,0,1792
0000026,2021-09-25,0103769372,0101435247,Mua hàng hóa nhập khẩu,25456000000,2545600000,mua_vao,0,1793
0000020,2021-10-25,0101639000,0101435247,Phí khai thuê hải quan,10456000000,1045600000,mua_vao,0,1794
0000009,2021-11-25,0104380966,0101435247,Mua hàng hóa trong nước,19234000000,1923400000,mua_vao,0,1795
0000008,2021-01-28,0100902202,0101435247,Chi phí kho bãi lưu trữ,11890000000,1189000000,mua_vao,0,1796
0000002,2021-02-28,0104630172,0101435247,Mua hàng hóa nhập khẩu,26234000000,2623400000,mua_vao,0,1797
0000009,2021-07-28,0101452549,0101435247,Mua hàng hóa trong nước,19890000000,1989000000,mua_vao,0,1799
0000010,2021-01-31,0100101403,0101435247,Dịch vụ logistics vận chuyển,12456000000,1245600000,mua_vao,0,1800
0000003,2021-05-31,0106300187,0101435247,Chi phí kho bãi lưu trữ,12234000000,1223400000,mua_vao,0,1802
0000009,2021-08-31,0104976614,0101435247,Phí khai thuê hải quan,11234000000,1123400000,mua_vao,0,1804
0000003,2021-10-31,0106980045,0101435247,Mua hàng hóa nhập khẩu,27234000000,2723400000,mua_vao,0,1805
0000024,2021-12-01,0103711478,0101435247,Dịch vụ logistics vận chuyển,13234000000,1323400000,mua_vao,0,1806
0000024,2021-12-31,0101056111,0101435247,Mua hàng hóa trong nước,19890000000,1989000000,mua_vao,0,1807
0000002,2021-10-02,0101435247,0101452549,Xuất khẩu hàng hóa,14567000000,0,ban_ra,0,1809
0000003,2021-10-03,0101435247,0100101403,Bán hàng hóa theo hợp đồng,21234000000,2123400000,ban_ra,0,1810
0000005,2021-10-05,0101435247,0106300187,Xuất khẩu hàng hóa,16234000000,0,ban_ra,0,1812
0000007,2021-10-07,0101435247,0104976614,Bán hàng hóa thương mại nội địa,19890000000,1989000000,ban_ra,0,1814
0000008,2021-10-08,0101435247,0106980045,Xuất khẩu hàng hóa,17234000000,0,ban_ra,0,1815
0000009,2021-10-09,0101435247,0103711478,Bán hàng hóa theo hợp đồng,23456000000,2345600000,ban_ra,0,1816
0000010,2021-10-10,0101435247,0101056111,Bán hàng hóa thương mại nội địa,20234000000,2023400000,ban_ra,0,1817
0000011,2021-10-11,0101435247,0101380936,Xuất khẩu hàng hóa,17890000000,0,ban_ra,0,1818
0000013,2021-01-15,0101435247,0100105503,Bán hàng hóa thương mại nội địa,21234000000,2123400000,ban_ra,0,1820
0000014,2021-02-15,0101435247,0100113494,Xuất khẩu hàng hóa,18901000000,0,ban_ra,0,1821
0000015,2021-03-15,0101435247,0102712091,Bán hàng hóa theo hợp đồng,25234000000,2523400000,ban_ra,0,1822
0000020,2021-08-15,0101435247,0101437981,Xuất khẩu hàng hóa,19890000000,0,ban_ra,0,1827
0000022,2021-10-15,0101435247,0106187171,Bán hàng hóa thương mại nội địa,22890000000,2289000000,ban_ra,0,1829
0000023,2021-11-15,0101435247,0106112810,Xuất khẩu hàng hóa,20234000000,0,ban_ra,0,1830
0000025,2021-01-20,0101435247,0105294741,Bán hàng hóa thương mại nội địa,23456000000,2345600000,ban_ra,0,1832
0000026,2021-02-20,0101435247,0100101308,Xuất khẩu hàng hóa,20890000000,0,ban_ra,0,1833
0000027,2021-03-20,0101435247,0101601092,Bán hàng hóa theo hợp đồng,28234000000,2823400000,ban_ra,0,1834
0000030,2021-06-20,0101435247,0102191498,Cung cấp dịch vụ thương mại,28890000000,2889000000,ban_ra,0,1837
0000031,2021-07-20,0101435247,0100101072,Bán hàng hóa thương mại nội địa,24234000000,2423400000,ban_ra,0,1838
0000032,2021-08-20,0101435247,0103240765,Xuất khẩu hàng hóa,21890000000,0,ban_ra,0,1839
0000034,2021-10-20,0101435247,0102311149,Bán hàng hóa thương mại nội địa,24890000000,2489000000,ban_ra,0,1841
0000035,2021-11-20,0101435247,0101225306,Xuất khẩu hàng hóa,22234000000,0,ban_ra,0,1842
0000036,2021-12-20,0101435247,0100373485,Cung cấp dịch vụ thương mại,29890000000,2989000000,ban_ra,0,1843
0000037,2021-01-25,0101435247,0102159423,Bán hàng hóa thương mại nội địa,25234000000,2523400000,ban_ra,0,1844
0000038,2021-02-25,0101435247,0101329672,Xuất khẩu hàng hóa,22890000000,0,ban_ra,0,1845
0000039,2021-03-25,0101435247,0100680623,Bán hàng hóa theo hợp đồng,30234000000,3023400000,ban_ra,0,1846
0000040,2021-04-25,0101435247,0104141407,Bán hàng hóa thương mại nội địa,25890000000,2589000000,ban_ra,0,1847
0000042,2021-06-25,0101435247,0102625829,Cung cấp dịch vụ thương mại,30890000000,3089000000,ban_ra,0,1849
0000043,2021-07-25,0101435247,0105908818,Bán hàng hóa thương mại nội địa,26234000000,2623400000,ban_ra,0,1850
0000044,2021-08-25,0101435247,0101770848,Xuất khẩu hàng hóa,23890000000,0,ban_ra,0,1851
0000045,2021-09-25,0101435247,0102264812,Bán hàng hóa theo hợp đồng,31234000000,3123400000,ban_ra,0,1852
0000046,2021-10-25,0101435247,0103769372,Bán hàng hóa thương mại nội địa,26890000000,2689000000,ban_ra,0,1853
0000047,2021-11-25,0101435247,0101639000,Xuất khẩu hàng hóa,24234000000,0,ban_ra,0,1854
0000048,2021-12-25,0101435247,0104380966,Cung cấp dịch vụ thương mại,31890000000,3189000000,ban_ra,0,1855
0000049,2021-02-28,0101435247,0100902202,Bán hàng hóa thương mại nội địa,27234000000,2723400000,ban_ra,0,1856
0000050,2021-12-31,0101435247,0104630172,Xuất khẩu hàng hóa,24890000000,0,ban_ra,0,1857
0000010,2021-10-02,0101452549,0101437981,Mua nhiên liệu phục vụ SX,33456000000,3345600000,mua_vao,0,1859
0000035,2021-10-03,0102712091,0101437981,Mua phụ tùng máy móc thay thế,58901000000,5890100000,mua_vao,0,1860
0000004,2021-10-04,0106980045,0101437981,Mua điện năng sản xuất,47234000000,0,mua_vao,0,1861
0000008,2021-10-05,0101454070,0101437981,Dịch vụ bảo trì thiết bị,41234000000,4123400000,mua_vao,0,1862
0000010,2021-10-10,0104380966,0101437981,Mua điện năng sản xuất,49234000000,0,mua_vao,0,1867
0000009,2021-10-11,0105908818,0101437981,Mua nguyên vật liệu sản xuất,88901000000,8890100000,mua_vao,0,1868
0000001,2021-10-12,0106467242,0101437981,Dịch vụ kiểm định chất lượng,32345000000,3234500000,mua_vao,0,1869
0000012,2021-01-15,0100113494,0101437981,Mua nguyên vật liệu sản xuất,99234000000,9923400000,mua_vao,0,1870
0000027,2021-04-15,0103769372,0101437981,Dịch vụ bảo trì thiết bị,43456000000,4345600000,mua_vao,0,1873
0000024,2021-05-15,0101437981,0101437981,Mua điện năng sản xuất,48901000000,0,mua_vao,0,1874
0000027,2021-06-15,0102625829,0101437981,Mua nguyên vật liệu sản xuất,97345000000,9734500000,mua_vao,0,1875
0000007,2021-07-15,0106116043,0101437981,Chi phí vận chuyển hàng hóa,38901000000,3890100000,mua_vao,0,1876
0000024,2021-09-15,0100680623,0101437981,Mua phụ tùng máy móc thay thế,55678000000,5567800000,mua_vao,0,1878
0000022,2021-10-15,0104141407,0101437981,Mua nguyên vật liệu sản xuất,98901000000,9890100000,mua_vao,0,1879
0000011,2021-11-15,0100101403,0101437981,Dịch vụ kiểm định chất lượng,33456000000,3345600000,mua_vao,0,1880
0000027,2021-02-20,0102264812,0101437981,Mua điện năng sản xuất,50234000000,0,mua_vao,0,1883
0000022,2021-03-20,0101329672,0101437981,Mua nguyên vật liệu sản xuất,96234000000,9623400000,mua_vao,0,1884
0000025,2021-04-20,0102159423,0101437981,Dịch vụ bảo trì thiết bị,47234000000,4723400000,mua_vao,0,1885
0000013,2021-05-20,0100105503,0101437981,Mua nguyên vật liệu sản xuất,100234000000,10023400000,mua_vao,0,1886
0000023,2021-06-20,0102311149,0101437981,Chi phí vận chuyển hàng hóa,39890000000,3989000000,mua_vao,0,1887
0000023,2021-07-20,0101225306,0101437981,Mua nguyên vật liệu sản xuất,94890000000,9489000000,mua_vao,0,1888
0000025,2021-09-20,0101056111,0101437981,Mua nguyên vật liệu sản xuất,92890000000,9289000000,mua_vao,0,1890
0000022,2021-12-20,0100373485,0101437981,Mua bao bì đóng gói sản phẩm,30890000000,3089000000,mua_vao,0,1893
0000024,2021-01-25,0101770848,0101437981,Mua điện năng sản xuất,51234000000,0,mua_vao,0,1894
0000025,2021-02-25,0103711478,0101437981,Mua nguyên vật liệu sản xuất,98234000000,9823400000,mua_vao,0,1895
0000021,2021-03-25,0101639000,0101437981,Dịch vụ bảo trì thiết bị,49234000000,4923400000,mua_vao,0,1896
0000036,2021-05-25,0102712091,0101437981,Chi phí vận chuyển hàng hóa,41890000000,4189000000,mua_vao,0,1898
0000010,2021-06-25,0104976614,0101437981,Mua nguyên vật liệu sản xuất,92345000000,9234500000,mua_vao,0,1899
0000011,2021-07-25,0101452549,0101437981,Mua phụ tùng máy móc thay thế,59890000000,5989000000,mua_vao,0,1900
0000008,2021-10-25,0106116043,0101437981,Mua nguyên vật liệu sản xuất,91890000000,9189000000,mua_vao,0,1903
0000008,2021-11-25,0100101072,0101437981,Mua điện năng sản xuất,52345000000,0,mua_vao,0,1904
0000021,2021-02-28,0101380936,0101437981,Mua nguyên vật liệu sản xuất,95234000000,9523400000,mua_vao,0,1907
0000002,2021-10-02,0101437981,0101452549,Bán sản phẩm theo đặt hàng,73456000000,7345600000,ban_ra,0,1909
0000003,2021-10-03,0101437981,0102712091,Xuất khẩu sản phẩm,58901000000,0,ban_ra,0,1910
0000004,2021-10-04,0101437981,0106980045,Bán sản phẩm thành phẩm,84234000000,8423400000,ban_ra,0,1911
0000005,2021-10-05,0101437981,0101454070,Bán sản phẩm theo đặt hàng,71234000000,7123400000,ban_ra,0,1912
0000010,2021-10-10,0101437981,0104380966,Bán sản phẩm thành phẩm,90234000000,9023400000,ban_ra,0,1917
0000011,2021-10-11,0101437981,0105908818,Xuất khẩu sản phẩm,61234000000,0,ban_ra,0,1918
0000012,2021-10-12,0101437981,0106467242,Bán sản phẩm thành phẩm,86234000000,8623400000,ban_ra,0,1919
0000013,2021-01-15,0101437981,0100113494,Bán sản phẩm theo đặt hàng,73456000000,7345600000,ban_ra,0,1920
0000016,2021-04-15,0101437981,0103769372,Bán sản phẩm thành phẩm,87234000000,8723400000,ban_ra,0,1923
0000017,2021-05-15,0101437981,0101437981,Bán sản phẩm theo đặt hàng,74234000000,7423400000,ban_ra,0,1924
0000018,2021-06-15,0101437981,0102625829,Bán sản phẩm thành phẩm,92345000000,9234500000,ban_ra,0,1925
0000019,2021-07-15,0101437981,0106116043,Xuất khẩu sản phẩm,63456000000,0,ban_ra,0,1926
0000021,2021-09-15,0101437981,0100680623,Bán sản phẩm theo đặt hàng,75234000000,7523400000,ban_ra,0,1928
0000022,2021-10-15,0101437981,0104141407,Bán sản phẩm thành phẩm,93456000000,9345600000,ban_ra,0,1929
0000023,2021-11-15,0101437981,0100101403,Xuất khẩu sản phẩm,64234000000,0,ban_ra,0,1930
0000026,2021-02-20,0101437981,0102264812,Bán sản phẩm thành phẩm,94234000000,9423400000,ban_ra,0,1933
0000027,2021-03-20,0101437981,0101329672,Xuất khẩu sản phẩm,65234000000,0,ban_ra,0,1934
0000028,2021-04-20,0101437981,0102159423,Bán sản phẩm thành phẩm,90234000000,9023400000,ban_ra,0,1935
0000029,2021-05-20,0101437981,0100105503,Bán sản phẩm theo đặt hàng,77345000000,7734500000,ban_ra,0,1936
0000030,2021-06-20,0101437981,0102311149,Bán sản phẩm thành phẩm,95234000000,9523400000,ban_ra,0,1937
0000031,2021-07-20,0101437981,0101225306,Xuất khẩu sản phẩm,66234000000,0,ban_ra,0,1938
0000033,2021-09-20,0101437981,0101056111,Bán sản phẩm theo đặt hàng,78234000000,7823400000,ban_ra,0,1940
0000036,2021-12-20,0101437981,0100373485,Bán sản phẩm thành phẩm,92234000000,9223400000,ban_ra,0,1943
0000037,2021-01-25,0101437981,0101770848,Bán sản phẩm theo đặt hàng,79234000000,7923400000,ban_ra,0,1944
0000038,2021-02-25,0101437981,0103711478,Bán sản phẩm thành phẩm,97234000000,9723400000,ban_ra,0,1945
0000039,2021-03-25,0101437981,0101639000,Xuất khẩu sản phẩm,68234000000,0,ban_ra,0,1946
0000041,2021-05-25,0101437981,0102712091,Bán sản phẩm theo đặt hàng,80234000000,8023400000,ban_ra,0,1948
0000042,2021-06-25,0101437981,0104976614,Bán sản phẩm thành phẩm,98234000000,9823400000,ban_ra,0,1949
0000043,2021-07-25,0101437981,0101452549,Xuất khẩu sản phẩm,69234000000,0,ban_ra,0,1950
0000046,2021-10-25,0101437981,0106116043,Bán sản phẩm thành phẩm,99234000000,9923400000,ban_ra,0,1953
0000048,2021-12-25,0101437981,0105189320,Bán sản phẩm thành phẩm,95234000000,9523400000,ban_ra,0,1955
0000049,2021-02-28,0101437981,0101639000,Bán sản phẩm theo đặt hàng,82234000000,8223400000,ban_ra,0,1956
0000022,2021-05-01,0101380936,0101452549,DV kiểm định CL,65606000000,6560600000,mua_vao,0,1958
0000012,2021-05-02,0100101308,0101452549,Mua điện năng SX,52250000000,5225000000,mua_vao,0,1959
0000023,2021-05-03,0101380936,0101452549,Mua phụ tùng máy móc,114520000000,11452000000,mua_vao,0,1960
0000003,2021-05-04,0104630172,0101452549,Mua nguyên vật liệu SX,77876000000,7787600000,mua_vao,0,1961
0000002,2021-05-06,0105327316,0101452549,DV kiểm định CL,85000000000,8500000000,mua_vao,0,1962
0000013,2021-05-07,0100113494,0101452549,Dịch vụ bảo trì TB,132709000000,13270900000,mua_vao,0,1963
0000012,2021-05-08,0102191498,0101452549,Dịch vụ bảo trì TB,131887000000,13188700000,mua_vao,0,1964
0000013,2021-05-09,0102191498,0101452549,Mua nhiên liệu SX,104407000000,10440700000,mua_vao,0,1965
0000012,2021-05-11,0100101403,0101452549,DV vận chuyển HH,56309000000,5630900000,mua_vao,0,1966
0000023,2021-05-12,0100373485,0101452549,Mua nhiên liệu SX,137337000000,0,mua_vao,0,1967
0000014,2021-10-01,0102191498,0101452549,DV kiểm định CL,105402000000,10540200000,mua_vao,0,1968
0000016,2021-10-02,0101435247,0101452549,Mua nhiên liệu SX,52195000000,5219500000,mua_vao,0,1969
0000009,2021-10-03,0101454070,0101452549,DV kiểm định CL,77900000000,7790000000,mua_vao,0,1970
0000011,2021-10-05,0104976614,0101452549,Mua nhiên liệu SX,86248000000,8624800000,mua_vao,0,1971
0000022,2021-10-06,0101639000,0101452549,Mua điện năng SX,152908000000,15290800000,mua_vao,0,1972
0000005,2021-10-07,0101377820,0101452549,Mua phụ tùng máy móc,95885000000,0,mua_vao,0,1973
0000006,2021-10-08,0101377820,0101452549,Mua nhiên liệu SX,146070000000,14607000000,mua_vao,0,1974
0000017,2021-10-09,0101435247,0101452549,DV vận chuyển HH,112364000000,11236400000,mua_vao,0,1975
0000028,2021-10-10,0103769372,0101452549,Mua nhiên liệu SX,127652000000,12765200000,mua_vao,0,1976
0000002,2021-01-15,0105189320,0101452549,Mua bao bì đóng gói,130453000000,0,mua_vao,0,1977
0000002,2021-03-15,0105492983,0101452549,Mua nhiên liệu SX,83221000000,8322100000,mua_vao,0,1978
0000023,2021-04-15,0104141407,0101452549,Mua nguyên vật liệu SX,66637000000,6663700000,mua_vao,0,1979
0000003,2021-07-15,0105294741,0101452549,Mua nguyên vật liệu SX,111842000000,11184200000,mua_vao,0,1980
0000028,2021-08-15,0102264812,0101452549,Mua điện năng SX,84732000000,8473200000,mua_vao,0,1981
0000029,2021-09-15,0102264812,0101452549,DV kiểm định CL,98028000000,9802800000,mua_vao,0,1982
0000024,2021-10-15,0100373485,0101452549,Mua điện năng SX,125104000000,12510400000,mua_vao,0,1983
0000003,2021-12-15,0105189320,0101452549,DV kiểm định CL,128734000000,12873400000,mua_vao,0,1984
0000021,2021-03-20,0101601092,0101452549,Dịch vụ bảo trì TB,140403000000,0,mua_vao,0,1985
0000010,2021-04-20,0101454070,0101452549,Mua nguyên vật liệu SX,131534000000,13153400000,mua_vao,0,1986
0000025,2021-06-20,0102331787,0101452549,DV kiểm định CL,128792000000,12879200000,mua_vao,0,1987
0000024,2021-07-20,0102311149,0101452549,DV kiểm định CL,117809000000,11780900000,mua_vao,0,1988
0000012,2021-08-20,0104976614,0101452549,DV vận chuyển HH,116604000000,11660400000,mua_vao,0,1989
0000011,2021-09-20,0101454070,0101452549,Dịch vụ bảo trì TB,77174000000,0,mua_vao,0,1990
0000013,2021-11-20,0100101403,0101452549,DV vận chuyển HH,148724000000,14872400000,mua_vao,0,1991
0000025,2021-01-25,0102311149,0101452549,DV kiểm định CL,95853000000,9585300000,mua_vao,0,1992
0000012,2021-02-25,0101452549,0101452549,Mua điện năng SX,86048000000,8604800000,mua_vao,0,1993
0000025,2021-03-25,0100680623,0101452549,Mua bao bì đóng gói,107506000000,10750600000,mua_vao,0,1994
0000026,2021-04-25,0102331787,0101452549,Dịch vụ bảo trì TB,66939000000,6693900000,mua_vao,0,1995
0000029,2021-06-25,0103769372,0101452549,Mua phụ tùng máy móc,71820000000,7182000000,mua_vao,0,1996
0000024,2021-08-25,0101225306,0101452549,Mua nhiên liệu SX,54603000000,5460300000,mua_vao,0,1997
0000015,2021-10-25,0102191498,0101452549,Mua phụ tùng máy móc,114562000000,11456200000,mua_vao,0,1998
0000014,2021-12-25,0100101403,0101452549,Mua nguyên vật liệu SX,59397000000,5939700000,mua_vao,0,1999
0000025,2021-02-28,0101225306,0101452549,Mua điện năng SX,89808000000,8980800000,mua_vao,0,2000
0000013,2021-04-30,0104976614,0101452549,Mua phụ tùng máy móc,90590000000,9059000000,mua_vao,0,2001
0000025,2021-06-30,0101437981,0101452549,Mua nguyên vật liệu SX,65322000000,6532200000,mua_vao,0,2002
0000011,2021-09-30,0101598393,0101452549,DV kiểm định CL,76945000000,7694500000,mua_vao,0,2003
0000026,2021-03-31,0102159423,0101452549,Mua nhiên liệu SX,105696000000,10569600000,mua_vao,0,2004
0000003,2021-05-31,0105492983,0101452549,Mua điện năng SX,90529000000,9052900000,mua_vao,0,2005
0000016,2021-10-31,0102191498,0101452549,Mua nguyên vật liệu SX,140441000000,14044100000,mua_vao,0,2006
0000013,2021-12-31,0100101308,0101452549,DV vận chuyển HH,108709000000,10870900000,mua_vao,0,2007
0000001,2021-05-01,0101452549,0102712091,Xuất khẩu sản phẩm,85850000000,8585000000,ban_ra,0,2008
0000002,2021-05-02,0101452549,0101770848,Bán SP theo đặt hàng,116303000000,11630300000,ban_ra,0,2009
0000003,2021-05-03,0101452549,0100373485,Xuất khẩu sản phẩm,211138000000,21113800000,ban_ra,0,2010
0000004,2021-05-04,0101452549,0102311149,Bán phụ phẩm SX,122464000000,12246400000,ban_ra,0,2011
0000005,2021-05-05,0101452549,0100113494,Bán sản phẩm TP,73379000000,7337900000,ban_ra,0,2012
0000006,2021-05-06,0101452549,0102625829,Bán SP theo đặt hàng,196060000000,19606000000,ban_ra,0,2013
0000007,2021-05-07,0101452549,0103711478,Bán sản phẩm TP,202075000000,20207500000,ban_ra,0,2014
0000008,2021-05-08,0101452549,0100101403,Bán SP theo đặt hàng,147514000000,14751400000,ban_ra,0,2015
0000009,2021-05-09,0101452549,0101452549,Bán SP theo đặt hàng,184401000000,18440100000,ban_ra,0,2016
0000010,2021-05-10,0101452549,0100101308,Bán phụ phẩm SX,202412000000,20241200000,ban_ra,0,2017
0000011,2021-05-11,0101452549,0102264812,Bán sản phẩm TP,103851000000,10385100000,ban_ra,0,2018
0000012,2021-10-02,0101452549,0103711478,Xuất khẩu sản phẩm,198579000000,0,ban_ra,0,2019
0000013,2021-10-03,0101452549,0102264812,Xuất khẩu sản phẩm,90090000000,9009000000,ban_ra,0,2020
0000014,2021-10-05,0101452549,0100101403,Bán phụ phẩm SX,211037000000,21103700000,ban_ra,0,2021
0000015,2021-10-07,0101452549,0103769372,Bán phụ phẩm SX,123670000000,12367000000,ban_ra,0,2022
0000016,2021-10-08,0101452549,0101056111,Xuất khẩu sản phẩm,83154000000,8315400000,ban_ra,0,2023
0000017,2021-10-09,0101452549,0101435247,Bán SP theo đặt hàng,110757000000,11075700000,ban_ra,0,2024
0000018,2021-10-10,0101452549,0103711478,Bán sản phẩm TP,93419000000,9341900000,ban_ra,0,2025
0000019,2021-10-11,0101452549,0101225306,Xuất khẩu sản phẩm,100611000000,10061100000,ban_ra,0,2026
0000020,2021-01-15,0101452549,0101437981,Bán sản phẩm TP,108322000000,10832200000,ban_ra,0,2027
0000021,2021-02-15,0101452549,0102712091,Xuất khẩu sản phẩm,132661000000,13266100000,ban_ra,0,2028
0000022,2021-06-15,0101452549,0105294741,Xuất khẩu sản phẩm,174757000000,17475700000,ban_ra,0,2029
0000023,2021-08-15,0101452549,0101639000,Xuất khẩu sản phẩm,175246000000,17524600000,ban_ra,0,2030
0000024,2021-10-15,0101452549,0103769372,Bán sản phẩm TP,153050000000,15305000000,ban_ra,0,2031
0000025,2021-11-15,0101452549,0101435247,Bán SP theo đặt hàng,129310000000,12931000000,ban_ra,0,2032
0000026,2021-12-15,0101452549,0101225306,Bán phụ phẩm SX,189428000000,18942800000,ban_ra,0,2033
0000027,2021-05-20,0101452549,0100101403,Bán phụ phẩm SX,194088000000,19408800000,ban_ra,0,2034
0000028,2021-06-20,0101452549,0102264812,Bán SP theo đặt hàng,167023000000,16702300000,ban_ra,0,2035
0000029,2021-07-20,0101452549,0101639000,Xuất khẩu sản phẩm,157694000000,15769400000,ban_ra,0,2036
0000030,2021-08-20,0101452549,0103711478,Bán SP theo đặt hàng,113278000000,11327800000,ban_ra,0,2037
0000031,2021-09-20,0101452549,0104976614,Xuất khẩu sản phẩm,185243000000,18524300000,ban_ra,0,2038
0000032,2021-12-20,0101452549,0101056111,Bán SP theo đặt hàng,81434000000,0,ban_ra,0,2039
0000033,2021-01-25,0101452549,0102712091,Bán phụ phẩm SX,130103000000,13010300000,ban_ra,0,2040
0000034,2021-02-25,0101452549,0101639000,Xuất khẩu sản phẩm,97232000000,9723200000,ban_ra,0,2041
0000035,2021-04-25,0101452549,0104976614,Xuất khẩu sản phẩm,103753000000,10375300000,ban_ra,0,2042
0000036,2021-05-25,0101452549,0101056111,Bán SP theo đặt hàng,158704000000,15870400000,ban_ra,0,2043
0000037,2021-06-25,0101452549,0102191498,Bán phụ phẩm SX,201011000000,20101100000,ban_ra,0,2044
0000038,2021-07-25,0101452549,0104220419,Bán sản phẩm TP,132083000000,13208300000,ban_ra,0,2045
0000039,2021-08-25,0101452549,0101437981,Bán phụ phẩm SX,102653000000,10265300000,ban_ra,0,2046
0000040,2021-09-25,0101452549,0101380936,Bán SP theo đặt hàng,199977000000,19997700000,ban_ra,0,2047
0000041,2021-10-25,0101452549,0104220419,Bán sản phẩm TP,134727000000,13472700000,ban_ra,0,2048
0000042,2021-12-25,0101452549,0101056111,Xuất khẩu sản phẩm,124415000000,12441500000,ban_ra,0,2049
0000043,2021-06-30,0101452549,0105327316,Bán sản phẩm TP,96531000000,9653100000,ban_ra,0,2050
0000044,2021-09-30,0101452549,0101377820,Bán SP theo đặt hàng,213222000000,21322200000,ban_ra,0,2051
0000045,2021-11-30,0101452549,0101437981,Xuất khẩu sản phẩm,83371000000,8337100000,ban_ra,0,2052
0000046,2021-05-31,0101452549,0100113494,Bán sản phẩm TP,200444000000,0,ban_ra,0,2053
0000047,2021-07-31,0101452549,0100373485,Bán sản phẩm TP,165424000000,16542400000,ban_ra,0,2054
0000048,2021-08-31,0101452549,0101225306,Bán phụ phẩm SX,156878000000,15687800000,ban_ra,0,2055
0000049,2021-10-31,0101452549,0100373485,Bán phụ phẩm SX,131180000000,13118000000,ban_ra,0,2056
0000050,2021-12-31,0101452549,0102712091,Bán SP theo đặt hàng,129367000000,12936700000,ban_ra,0,2057
0000024,2021-05-01,0101380936,0101454070,DV kiểm định,2025000000,202500000,mua_vao,0,2058
0000014,2021-05-02,0100101308,0101454070,DV vận chuyển,1613000000,161300000,mua_vao,0,2059
0000025,2021-05-03,0101380936,0101454070,Mua hóa chất CB,3534000000,353400000,mua_vao,0,2060
0000004,2021-05-04,0104630172,0101454070,Mua NL nông sản,2404000000,240400000,mua_vao,0,2061
0000003,2021-05-06,0105327316,0101454070,DV kiểm định,2623000000,262300000,mua_vao,0,2062
0000014,2021-05-07,0100113494,0101454070,Mua bao bì,4096000000,409600000,mua_vao,0,2063
0000017,2021-05-08,0102191498,0101454070,Mua bao bì,4070000000,407000000,mua_vao,0,2064
0000018,2021-05-09,0102191498,0101454070,Mua hóa chất CB,3222000000,322200000,mua_vao,0,2065
0000015,2021-05-11,0100101403,0101454070,DV vận chuyển,1738000000,173800000,mua_vao,0,2066
0000025,2021-05-12,0100373485,0101454070,Mua hóa chất CB,4239000000,0,mua_vao,0,2067
0000019,2021-10-01,0102191498,0101454070,DV kiểm định,3253000000,325300000,mua_vao,0,2068
0000018,2021-10-02,0101435247,0101454070,Mua hóa chất CB,1611000000,161100000,mua_vao,0,2069
0000012,2021-10-03,0101454070,0101454070,DV kiểm định,2404000000,240400000,mua_vao,0,2070
0000014,2021-10-05,0104976614,0101454070,Mua hóa chất CB,2662000000,266200000,mua_vao,0,2071
0000023,2021-10-06,0101639000,0101454070,Mua điện lạnh kho,4719000000,471900000,mua_vao,0,2072
0000007,2021-10-07,0101377820,0101454070,Mua bao bì,2959000000,0,mua_vao,0,2073
0000008,2021-10-08,0101377820,0101454070,Mua hóa chất CB,4508000000,450800000,mua_vao,0,2074
0000019,2021-10-09,0101435247,0101454070,DV vận chuyển,3468000000,346800000,mua_vao,0,2075
0000030,2021-10-10,0103769372,0101454070,Mua hóa chất CB,3940000000,394000000,mua_vao,0,2076
0000004,2021-01-15,0105189320,0101454070,Mua điện lạnh kho,4026000000,0,mua_vao,0,2077
0000004,2021-03-15,0105492983,0101454070,Mua hóa chất CB,2568000000,256800000,mua_vao,0,2078
0000024,2021-04-15,0104141407,0101454070,Mua NL nông sản,2057000000,205700000,mua_vao,0,2079
0000004,2021-07-15,0105294741,0101454070,Mua NL nông sản,3452000000,345200000,mua_vao,0,2080
0000030,2021-08-15,0102264812,0101454070,Mua điện lạnh kho,2615000000,261500000,mua_vao,0,2081
0000031,2021-09-15,0102264812,0101454070,DV kiểm định,3025000000,302500000,mua_vao,0,2082
0000026,2021-10-15,0100373485,0101454070,DV vận chuyển,3861000000,386100000,mua_vao,0,2083
0000005,2021-12-15,0105189320,0101454070,DV kiểm định,3973000000,397300000,mua_vao,0,2084
0000022,2021-03-20,0101601092,0101454070,Mua bao bì,4333000000,0,mua_vao,0,2085
0000013,2021-04-20,0101454070,0101454070,Mua NL nông sản,4060000000,406000000,mua_vao,0,2086
0000027,2021-06-20,0102331787,0101454070,DV kiểm định,3975000000,397500000,mua_vao,0,2087
0000026,2021-07-20,0102311149,0101454070,DV kiểm định,3636000000,363600000,mua_vao,0,2088
0000015,2021-08-20,0104976614,0101454070,DV vận chuyển,3599000000,359900000,mua_vao,0,2089
0000014,2021-09-20,0101454070,0101454070,Mua bao bì,2382000000,0,mua_vao,0,2090
0000016,2021-11-20,0100101403,0101454070,DV vận chuyển,4590000000,459000000,mua_vao,0,2091
0000027,2021-01-25,0102311149,0101454070,DV kiểm định,2958000000,295800000,mua_vao,0,2092
0000013,2021-02-25,0101452549,0101454070,Mua điện lạnh kho,2656000000,265600000,mua_vao,0,2093
0000026,2021-03-25,0100680623,0101454070,Mua điện lạnh kho,3318000000,331800000,mua_vao,0,2094
0000028,2021-04-25,0102331787,0101454070,Mua bao bì,2066000000,206600000,mua_vao,0,2095
0000031,2021-06-25,0103769372,0101454070,Mua bao bì,2217000000,221700000,mua_vao,0,2096
0000026,2021-08-25,0101225306,0101454070,Mua hóa chất CB,1685000000,168500000,mua_vao,0,2097
0000020,2021-10-25,0102191498,0101454070,Mua hóa chất CB,3536000000,353600000,mua_vao,0,2098
0000017,2021-12-25,0100101403,0101454070,Mua NL nông sản,1833000000,183300000,mua_vao,0,2099
0000027,2021-02-28,0101225306,0101454070,DV vận chuyển,2772000000,277200000,mua_vao,0,2100
0000016,2021-04-30,0104976614,0101454070,Mua bao bì,2796000000,279600000,mua_vao,0,2101
0000026,2021-06-30,0101437981,0101454070,Mua NL nông sản,2016000000,201600000,mua_vao,0,2102
0000012,2021-09-30,0101598393,0101454070,DV kiểm định,2375000000,237500000,mua_vao,0,2103
0000027,2021-03-31,0102159423,0101454070,Mua hóa chất CB,3262000000,326200000,mua_vao,0,2104
0000005,2021-05-31,0105492983,0101454070,DV vận chuyển,2794000000,279400000,mua_vao,0,2105
0000021,2021-10-31,0102191498,0101454070,Mua NL nông sản,4334000000,433400000,mua_vao,0,2106
0000015,2021-12-31,0100101308,0101454070,DV vận chuyển,3355000000,335500000,mua_vao,0,2107
0000001,2021-05-01,0101454070,0102712091,Bán chè TP,2649000000,264900000,ban_ra,0,2108
0000002,2021-05-02,0101454070,0101770848,Xuất khẩu nông sản,3589000000,358900000,ban_ra,0,2109
0000003,2021-05-03,0101454070,0100373485,Bán chè TP,6515000000,651500000,ban_ra,0,2110
0000004,2021-05-04,0101454070,0102311149,Bán NL nông nghiệp,3779000000,377900000,ban_ra,0,2111
0000005,2021-05-05,0101454070,0100113494,Bán SP nông sản CB,2264000000,226400000,ban_ra,0,2112
0000006,2021-05-06,0101454070,0102625829,Xuất khẩu nông sản,6050000000,605000000,ban_ra,0,2113
0000007,2021-05-07,0101454070,0103711478,Bán SP nông sản CB,6236000000,623600000,ban_ra,0,2114
0000008,2021-05-08,0101454070,0100101403,Xuất khẩu nông sản,4552000000,455200000,ban_ra,0,2115
0000010,2021-05-10,0101454070,0100101308,Bán NL nông nghiệp,6246000000,624600000,ban_ra,0,2116
0000011,2021-05-11,0101454070,0102264812,Bán SP nông sản CB,3205000000,320500000,ban_ra,0,2117
0000012,2021-10-02,0101454070,0103711478,Bán chè TP,6128000000,0,ban_ra,0,2118
0000013,2021-10-03,0101454070,0102264812,Bán chè TP,2780000000,278000000,ban_ra,0,2119
0000014,2021-10-05,0101454070,0100101403,Bán NL nông nghiệp,6512000000,651200000,ban_ra,0,2120
0000015,2021-10-07,0101454070,0103769372,Bán NL nông nghiệp,3816000000,381600000,ban_ra,0,2121
0000016,2021-10-08,0101454070,0101056111,Bán chè TP,2566000000,256600000,ban_ra,0,2122
0000017,2021-10-09,0101454070,0101435247,Xuất khẩu nông sản,3418000000,341800000,ban_ra,0,2123
0000018,2021-10-10,0101454070,0103711478,Bán SP nông sản CB,2883000000,288300000,ban_ra,0,2124
0000019,2021-10-11,0101454070,0101225306,Bán chè TP,3105000000,310500000,ban_ra,0,2125
0000020,2021-01-15,0101454070,0101437981,Bán SP nông sản CB,3343000000,334300000,ban_ra,0,2126
0000021,2021-02-15,0101454070,0102712091,Bán chè TP,4094000000,409400000,ban_ra,0,2127
0000022,2021-06-15,0101454070,0105294741,Bán chè TP,5393000000,539300000,ban_ra,0,2128
0000023,2021-08-15,0101454070,0101639000,Bán chè TP,5408000000,540800000,ban_ra,0,2129
0000024,2021-10-15,0101454070,0103769372,Bán SP nông sản CB,4723000000,472300000,ban_ra,0,2130
0000025,2021-11-15,0101454070,0101435247,Xuất khẩu nông sản,3990000000,399000000,ban_ra,0,2131
0000026,2021-12-15,0101454070,0101225306,Bán NL nông nghiệp,5845000000,584500000,ban_ra,0,2132
0000027,2021-05-20,0101454070,0100101403,Bán NL nông nghiệp,5989000000,598900000,ban_ra,0,2133
0000028,2021-06-20,0101454070,0102264812,Xuất khẩu nông sản,5154000000,515400000,ban_ra,0,2134
0000029,2021-07-20,0101454070,0101639000,Bán chè TP,4866000000,486600000,ban_ra,0,2135
0000030,2021-08-20,0101454070,0103711478,Xuất khẩu nông sản,3495000000,349500000,ban_ra,0,2136
0000031,2021-09-20,0101454070,0104976614,Bán chè TP,5716000000,571600000,ban_ra,0,2137
0000032,2021-12-20,0101454070,0101056111,Xuất khẩu nông sản,2513000000,0,ban_ra,0,2138
0000033,2021-01-25,0101454070,0102712091,Bán NL nông nghiệp,4015000000,401500000,ban_ra,0,2139
0000034,2021-02-25,0101454070,0101639000,Bán chè TP,3000000000,300000000,ban_ra,0,2140
0000035,2021-04-25,0101454070,0104976614,Bán chè TP,3202000000,320200000,ban_ra,0,2141
0000036,2021-05-25,0101454070,0101056111,Xuất khẩu nông sản,4897000000,489700000,ban_ra,0,2142
0000037,2021-06-25,0101454070,0102191498,Bán NL nông nghiệp,6203000000,620300000,ban_ra,0,2143
0000038,2021-07-25,0101454070,0104220419,Bán SP nông sản CB,4076000000,407600000,ban_ra,0,2144
0000039,2021-08-25,0101454070,0101437981,Bán NL nông nghiệp,3168000000,316800000,ban_ra,0,2145
0000040,2021-09-25,0101454070,0101380936,Xuất khẩu nông sản,6171000000,617100000,ban_ra,0,2146
0000041,2021-10-25,0101454070,0104220419,Bán SP nông sản CB,4157000000,415700000,ban_ra,0,2147
0000042,2021-12-25,0101454070,0101056111,Bán chè TP,3839000000,383900000,ban_ra,0,2148
0000043,2021-06-30,0101454070,0105327316,Bán SP nông sản CB,2979000000,297900000,ban_ra,0,2149
0000044,2021-09-30,0101454070,0101377820,Xuất khẩu nông sản,6580000000,658000000,ban_ra,0,2150
0000045,2021-11-30,0101454070,0101437981,Bán chè TP,2573000000,257300000,ban_ra,0,2151
0000046,2021-05-31,0101454070,0100113494,Bán SP nông sản CB,6185000000,0,ban_ra,0,2152
0000047,2021-07-31,0101454070,0100373485,Bán SP nông sản CB,5105000000,510500000,ban_ra,0,2153
0000048,2021-08-31,0101454070,0101225306,Bán NL nông nghiệp,4841000000,484100000,ban_ra,0,2154
0000049,2021-10-31,0101454070,0100373485,Bán NL nông nghiệp,4048000000,404800000,ban_ra,0,2155
0000050,2021-12-31,0101454070,0102712091,Xuất khẩu nông sản,3992000000,399200000,ban_ra,0,2156
0000026,2021-05-01,0101380936,0101598393,Mua điện SX,14337000000,1433700000,mua_vao,0,2157
0000016,2021-05-02,0100101308,0101598393,Mua bao bì chống TĐ,11419000000,1141900000,mua_vao,0,2158
0000027,2021-05-03,0101380936,0101598393,Mua vật liệu bán dẫn,25027000000,2502700000,mua_vao,0,2159
0000005,2021-05-04,0104630172,0101598393,Mua linh kiện ĐT NK,17019000000,1701900000,mua_vao,0,2160
0000004,2021-05-06,0105327316,0101598393,Mua điện SX,18575000000,1857500000,mua_vao,0,2161
0000015,2021-05-07,0100113494,0101598393,Mua hóa chất PCB,29002000000,2900200000,mua_vao,0,2162
0000022,2021-05-08,0102191498,0101598393,Mua hóa chất PCB,28822000000,2882200000,mua_vao,0,2163
0000023,2021-05-09,0102191498,0101598393,Mua vật liệu bán dẫn,22817000000,2281700000,mua_vao,0,2164
0000018,2021-05-11,0100101403,0101598393,Mua bao bì chống TĐ,12305000000,1230500000,mua_vao,0,2165
0000027,2021-05-12,0100373485,0101598393,Mua vật liệu bán dẫn,30013000000,0,mua_vao,0,2166
0000024,2021-10-01,0102191498,0101598393,Mua điện SX,23034000000,2303400000,mua_vao,0,2167
0000020,2021-10-02,0101435247,0101598393,Mua vật liệu bán dẫn,11406000000,1140600000,mua_vao,0,2168
0000015,2021-10-03,0101454070,0101598393,Mua điện SX,17024000000,1702400000,mua_vao,0,2169
0000017,2021-10-05,0104976614,0101598393,Mua vật liệu bán dẫn,18848000000,1884800000,mua_vao,0,2170
0000024,2021-10-06,0101639000,0101598393,DV gia công lắp ráp,33416000000,3341600000,mua_vao,0,2171
0000009,2021-10-07,0101377820,0101598393,Mua hóa chất PCB,20954000000,0,mua_vao,0,2172
0000010,2021-10-08,0101377820,0101598393,Mua vật liệu bán dẫn,31921000000,3192100000,mua_vao,0,2173
0000021,2021-10-09,0101435247,0101598393,Mua bao bì chống TĐ,24555000000,2455500000,mua_vao,0,2174
0000032,2021-10-10,0103769372,0101598393,Mua vật liệu bán dẫn,27897000000,2789700000,mua_vao,0,2175
0000006,2021-01-15,0105189320,0101598393,DV gia công lắp ráp,28509000000,0,mua_vao,0,2176
0000006,2021-03-15,0105492983,0101598393,Mua vật liệu bán dẫn,18187000000,1818700000,mua_vao,0,2177
0000025,2021-04-15,0104141407,0101598393,Mua linh kiện ĐT NK,14563000000,1456300000,mua_vao,0,2178
0000005,2021-07-15,0105294741,0101598393,Mua linh kiện ĐT NK,24441000000,2444100000,mua_vao,0,2179
0000032,2021-08-15,0102264812,0101598393,DV gia công lắp ráp,18517000000,1851700000,mua_vao,0,2180
0000033,2021-09-15,0102264812,0101598393,Mua điện SX,21423000000,2142300000,mua_vao,0,2181
0000028,2021-10-15,0100373485,0101598393,Mua bao bì chống TĐ,27340000000,2734000000,mua_vao,0,2182
0000007,2021-12-15,0105189320,0101598393,Mua điện SX,28133000000,2813300000,mua_vao,0,2183
0000023,2021-03-20,0101601092,0101598393,Mua hóa chất PCB,30683000000,0,mua_vao,0,2184
0000016,2021-04-20,0101454070,0101598393,Mua linh kiện ĐT NK,28745000000,2874500000,mua_vao,0,2185
0000029,2021-06-20,0102331787,0101598393,Mua điện SX,28146000000,2814600000,mua_vao,0,2186
0000028,2021-07-20,0102311149,0101598393,Mua điện SX,25745000000,2574500000,mua_vao,0,2187
0000018,2021-08-20,0104976614,0101598393,Mua bao bì chống TĐ,25482000000,2548200000,mua_vao,0,2188
0000017,2021-09-20,0101454070,0101598393,Mua hóa chất PCB,16865000000,0,mua_vao,0,2189
0000019,2021-11-20,0100101403,0101598393,Mua bao bì chống TĐ,32501000000,3250100000,mua_vao,0,2190
0000029,2021-01-25,0102311149,0101598393,Mua điện SX,20947000000,2094700000,mua_vao,0,2191
0000014,2021-02-25,0101452549,0101598393,DV gia công lắp ráp,18804000000,1880400000,mua_vao,0,2192
0000027,2021-03-25,0100680623,0101598393,DV gia công lắp ráp,23494000000,2349400000,mua_vao,0,2193
0000030,2021-04-25,0102331787,0101598393,Mua hóa chất PCB,14629000000,1462900000,mua_vao,0,2194
0000033,2021-06-25,0103769372,0101598393,Mua hóa chất PCB,15695000000,1569500000,mua_vao,0,2195
0000028,2021-08-25,0101225306,0101598393,Mua vật liệu bán dẫn,11933000000,1193300000,mua_vao,0,2196
0000025,2021-10-25,0102191498,0101598393,Mua vật liệu bán dẫn,25036000000,2503600000,mua_vao,0,2197
0000020,2021-12-25,0100101403,0101598393,Mua linh kiện ĐT NK,12980000000,1298000000,mua_vao,0,2198
0000029,2021-02-28,0101225306,0101598393,Mua bao bì chống TĐ,19626000000,1962600000,mua_vao,0,2199
0000019,2021-04-30,0104976614,0101598393,Mua hóa chất PCB,19797000000,1979700000,mua_vao,0,2200
0000027,2021-06-30,0101437981,0101598393,Mua linh kiện ĐT NK,14275000000,1427500000,mua_vao,0,2201
0000013,2021-09-30,0101598393,0101598393,Mua điện SX,16815000000,1681500000,mua_vao,0,2202
0000028,2021-03-31,0102159423,0101598393,Mua vật liệu bán dẫn,23098000000,2309800000,mua_vao,0,2203
0000007,2021-05-31,0105492983,0101598393,Mua bao bì chống TĐ,19784000000,1978400000,mua_vao,0,2204
0000026,2021-10-31,0102191498,0101598393,Mua linh kiện ĐT NK,30691000000,3069100000,mua_vao,0,2205
0000017,2021-12-31,0100101308,0101598393,Mua bao bì chống TĐ,23757000000,2375700000,mua_vao,0,2206
0000001,2021-05-05,0101598393,0101598393,Bán module ĐT theo đơn,23034000000,2303400000,ban_ra,0,2207
0000002,2021-05-07,0101598393,0105492983,Bán module ĐT theo đơn,29085000000,2908500000,ban_ra,0,2208
0000003,2021-05-08,0101598393,0104220419,Bán module ĐT theo đơn,26721000000,2672100000,ban_ra,0,2209
0000004,2021-05-09,0101598393,0100680623,Bán module ĐT theo đơn,21422000000,2142200000,ban_ra,0,2210
0000005,2021-05-10,0101598393,0102159423,Bán module ĐT theo đơn,44793000000,4479300000,ban_ra,0,2211
0000006,2021-05-11,0101598393,0102264812,Xuất khẩu linh kiện,44303000000,0,ban_ra,0,2212
0000007,2021-05-12,0101598393,0101329672,Bán linh kiện ĐT TP,21856000000,2185600000,ban_ra,0,2213
0000008,2021-10-02,0101598393,0100101308,Bán linh kiện ĐT TP,34882000000,3488200000,ban_ra,0,2214
0000009,2021-10-03,0101598393,0102331787,Xuất khẩu linh kiện,23226000000,2322600000,ban_ra,0,2215
0000010,2021-10-07,0101598393,0101639000,Bán module ĐT theo đơn,34890000000,0,ban_ra,0,2216
0000011,2021-10-08,0101598393,0105853894,Bán linh kiện ĐT TP,18195000000,1819500000,ban_ra,0,2217
0000012,2021-10-09,0101598393,0104220419,Bán linh kiện ĐT TP,24825000000,2482500000,ban_ra,0,2218
0000013,2021-10-10,0101598393,0102264812,Bán module ĐT theo đơn,25729000000,0,ban_ra,0,2219
0000014,2021-10-12,0101598393,0105189320,Xuất khẩu linh kiện,24495000000,2449500000,ban_ra,0,2220
0000015,2021-01-15,0101598393,0100113494,Bán module ĐT theo đơn,36992000000,3699200000,ban_ra,0,2221
0000016,2021-02-15,0101598393,0101377820,Xuất khẩu linh kiện,20411000000,2041100000,ban_ra,0,2222
0000017,2021-05-15,0101598393,0102191498,Bán module ĐT theo đơn,16404000000,1640400000,ban_ra,0,2223
0000018,2021-06-15,0101598393,0105327316,Bán module ĐT theo đơn,35053000000,3505300000,ban_ra,0,2224
0000019,2021-07-15,0101598393,0100101308,Bán module ĐT theo đơn,21525000000,2152500000,ban_ra,0,2225
0000020,2021-09-15,0101598393,0105492983,Bán module ĐT theo đơn,22334000000,2233400000,ban_ra,0,2226
0000021,2021-10-15,0101598393,0100373485,Xuất khẩu linh kiện,33338000000,0,ban_ra,0,2227
0000022,2021-11-15,0101598393,0102625829,Bán module ĐT theo đơn,29130000000,2913000000,ban_ra,0,2228
0000023,2021-12-15,0101598393,0102625829,Xuất khẩu linh kiện,37247000000,3724700000,ban_ra,0,2229
0000024,2021-01-20,0101598393,0104380966,Bán module ĐT theo đơn,38127000000,3812700000,ban_ra,0,2230
0000025,2021-04-20,0101598393,0101770848,Bán linh kiện ĐT TP,37898000000,3789800000,ban_ra,0,2231
0000026,2021-05-20,0101598393,0103711478,Bán module ĐT theo đơn,34205000000,3420500000,ban_ra,0,2232
0000027,2021-06-20,0101598393,0104141407,Bán linh kiện ĐT TP,16567000000,1656700000,ban_ra,0,2233
0000028,2021-07-20,0101598393,0101225306,Bán module ĐT theo đơn,35751000000,3575100000,ban_ra,0,2234
0000029,2021-08-20,0101598393,0101056111,Bán module ĐT theo đơn,44172000000,4417200000,ban_ra,0,2235
0000030,2021-09-20,0101598393,0101639000,Bán module ĐT theo đơn,15927000000,1592700000,ban_ra,0,2236
0000031,2021-10-20,0101598393,0105492983,Bán module ĐT theo đơn,40209000000,4020900000,ban_ra,0,2237
0000032,2021-11-20,0101598393,0100105503,Bán linh kiện ĐT TP,25902000000,0,ban_ra,0,2238
0000033,2021-12-20,0101598393,0104380966,Bán linh kiện ĐT TP,43414000000,4341400000,ban_ra,0,2239
0000034,2021-03-25,0101598393,0102264812,Bán linh kiện ĐT TP,42589000000,4258900000,ban_ra,0,2240
0000035,2021-05-25,0101598393,0104141407,Bán module ĐT theo đơn,41226000000,4122600000,ban_ra,0,2241
0000036,2021-06-25,0101598393,0104141407,Bán module ĐT theo đơn,38102000000,3810200000,ban_ra,0,2242
0000037,2021-07-25,0101598393,0102712091,Xuất khẩu linh kiện,20121000000,2012100000,ban_ra,0,2243
0000038,2021-08-25,0101598393,0101601092,Xuất khẩu linh kiện,25853000000,0,ban_ra,0,2244
0000039,2021-09-25,0101598393,0100105503,Xuất khẩu linh kiện,43239000000,4323900000,ban_ra,0,2245
0000040,2021-10-25,0101598393,0101329672,Bán module ĐT theo đơn,29767000000,2976700000,ban_ra,0,2246
0000041,2021-12-25,0101598393,0105492983,Bán module ĐT theo đơn,27523000000,2752300000,ban_ra,0,2247
0000042,2021-01-28,0101598393,0105327316,Xuất khẩu linh kiện,24444000000,2444400000,ban_ra,0,2248
0000043,2021-04-30,0101598393,0104220419,Xuất khẩu linh kiện,16056000000,1605600000,ban_ra,0,2249
0000044,2021-09-30,0101598393,0105189320,Xuất khẩu linh kiện,36061000000,3606100000,ban_ra,0,2250
0000045,2021-11-30,0101598393,0103240765,Bán linh kiện ĐT TP,43451000000,4345100000,ban_ra,0,2251
0000046,2021-05-31,0101598393,0102625829,Bán linh kiện ĐT TP,40399000000,4039900000,ban_ra,0,2252
0000047,2021-07-31,0101598393,0104141407,Xuất khẩu linh kiện,45585000000,4558500000,ban_ra,0,2253
0000048,2021-08-31,0101598393,0100113494,Bán linh kiện ĐT TP,36126000000,0,ban_ra,0,2254
0000049,2021-10-31,0101598393,0103711478,Xuất khẩu linh kiện,22879000000,2287900000,ban_ra,0,2255
0000050,2021-12-31,0101598393,0101435247,Bán module ĐT theo đơn,28488000000,2848800000,ban_ra,0,2256
0000028,2021-05-01,0101380936,0101601092,Thuê máy chủ,22018000000,2201800000,mua_vao,0,2257
0000018,2021-05-02,0100101308,0101601092,DV tư vấn CN,17536000000,1753600000,mua_vao,0,2258
0000029,2021-05-03,0101380936,0101601092,Mua bản quyền PM,38434000000,3843400000,mua_vao,0,2259
0000006,2021-05-04,0104630172,0101601092,Mua thiết bị phần cứng,26136000000,2613600000,mua_vao,0,2260
0000005,2021-05-06,0105327316,0101601092,Thuê máy chủ,28527000000,2852700000,mua_vao,0,2261
0000016,2021-05-07,0100113494,0101601092,DV bảo trì IT,44539000000,4453900000,mua_vao,0,2262
0000027,2021-05-08,0102191498,0101601092,DV bảo trì IT,44263000000,4426300000,mua_vao,0,2263
0000028,2021-05-09,0102191498,0101601092,Mua bản quyền PM,35040000000,3504000000,mua_vao,0,2264
0000021,2021-05-11,0100101403,0101601092,DV tư vấn CN,18898000000,1889800000,mua_vao,0,2265
0000029,2021-05-12,0100373485,0101601092,Mua bản quyền PM,46092000000,0,mua_vao,0,2266
0000029,2021-10-01,0102191498,0101601092,Thuê máy chủ,35374000000,3537400000,mua_vao,0,2267
0000022,2021-10-02,0101435247,0101601092,Mua bản quyền PM,17517000000,1751700000,mua_vao,0,2268
0000018,2021-10-03,0101454070,0101601092,Thuê máy chủ,26144000000,2614400000,mua_vao,0,2269
0000020,2021-10-05,0104976614,0101601092,Mua bản quyền PM,28946000000,2894600000,mua_vao,0,2270
0000025,2021-10-06,0101639000,0101601092,Mua linh kiện ĐT,51318000000,5131800000,mua_vao,0,2271
0000011,2021-10-07,0101377820,0101601092,DV bảo trì IT,32180000000,0,mua_vao,0,2272
0000012,2021-10-08,0101377820,0101601092,Mua bản quyền PM,49023000000,4902300000,mua_vao,0,2273
0000023,2021-10-09,0101435247,0101601092,DV tư vấn CN,37711000000,3771100000,mua_vao,0,2274
0000034,2021-10-10,0103769372,0101601092,Mua bản quyền PM,42842000000,4284200000,mua_vao,0,2275
0000008,2021-01-15,0105189320,0101601092,Mua linh kiện ĐT,43782000000,0,mua_vao,0,2276
0000008,2021-03-15,0105492983,0101601092,Mua bản quyền PM,27930000000,2793000000,mua_vao,0,2277
0000026,2021-04-15,0104141407,0101601092,Mua thiết bị phần cứng,22364000000,2236400000,mua_vao,0,2278
0000006,2021-07-15,0105294741,0101601092,Mua thiết bị phần cứng,37535000000,3753500000,mua_vao,0,2279
0000034,2021-08-15,0102264812,0101601092,Mua linh kiện ĐT,28437000000,2843700000,mua_vao,0,2280
0000035,2021-09-15,0102264812,0101601092,Thuê máy chủ,32899000000,3289900000,mua_vao,0,2281
0000030,2021-10-15,0100373485,0101601092,DV tư vấn CN,41986000000,4198600000,mua_vao,0,2282
0000009,2021-12-15,0105189320,0101601092,Thuê máy chủ,43205000000,4320500000,mua_vao,0,2283
0000024,2021-03-20,0101601092,0101601092,DV bảo trì IT,47121000000,0,mua_vao,0,2284
0000019,2021-04-20,0101454070,0101601092,Mua thiết bị phần cứng,44144000000,4414400000,mua_vao,0,2285
0000031,2021-06-20,0102331787,0101601092,Thuê máy chủ,43224000000,4322400000,mua_vao,0,2286
0000030,2021-07-20,0102311149,0101601092,Thuê máy chủ,39538000000,3953800000,mua_vao,0,2287
0000021,2021-08-20,0104976614,0101601092,DV tư vấn CN,39134000000,3913400000,mua_vao,0,2288
0000020,2021-09-20,0101454070,0101601092,DV bảo trì IT,25900000000,0,mua_vao,0,2289
0000022,2021-11-20,0100101403,0101601092,DV tư vấn CN,49913000000,4991300000,mua_vao,0,2290
0000031,2021-01-25,0102311149,0101601092,Thuê máy chủ,32169000000,3216900000,mua_vao,0,2291
0000015,2021-02-25,0101452549,0101601092,Mua linh kiện ĐT,28879000000,2887900000,mua_vao,0,2292
0000028,2021-03-25,0100680623,0101601092,Mua linh kiện ĐT,36080000000,3608000000,mua_vao,0,2293
0000032,2021-04-25,0102331787,0101601092,DV bảo trì IT,22465000000,2246500000,mua_vao,0,2294
0000035,2021-06-25,0103769372,0101601092,DV bảo trì IT,24104000000,2410400000,mua_vao,0,2295
0000030,2021-08-25,0101225306,0101601092,Mua bản quyền PM,18325000000,1832500000,mua_vao,0,2296
0000030,2021-10-25,0102191498,0101601092,Mua bản quyền PM,38448000000,3844800000,mua_vao,0,2297
0000023,2021-12-25,0100101403,0101601092,Mua thiết bị phần cứng,19934000000,1993400000,mua_vao,0,2298
0000031,2021-02-28,0101225306,0101601092,DV tư vấn CN,30141000000,3014100000,mua_vao,0,2299
0000022,2021-04-30,0104976614,0101601092,DV bảo trì IT,30403000000,3040300000,mua_vao,0,2300
0000028,2021-06-30,0101437981,0101601092,Mua thiết bị phần cứng,21923000000,2192300000,mua_vao,0,2301
0000014,2021-09-30,0101598393,0101601092,Thuê máy chủ,25823000000,2582300000,mua_vao,0,2302
0000029,2021-03-31,0102159423,0101601092,Mua bản quyền PM,35473000000,3547300000,mua_vao,0,2303
0000009,2021-05-31,0105492983,0101601092,DV tư vấn CN,30382000000,3038200000,mua_vao,0,2304
0000031,2021-10-31,0102191498,0101601092,Mua thiết bị phần cứng,47134000000,4713400000,mua_vao,0,2305
0000019,2021-12-31,0100101308,0101601092,DV tư vấn CN,36484000000,3648400000,mua_vao,0,2306
0000001,2021-05-01,0101601092,0100373485,Bán giải pháp PM,47145000000,4714500000,ban_ra,0,2307
0000002,2021-05-02,0101601092,0101056111,Bán thiết bị CN,68970000000,6897000000,ban_ra,0,2308
0000003,2021-05-04,0101601092,0101435247,DV triển khai hệ thống,70609000000,7060900000,ban_ra,0,2309
0000004,2021-05-05,0101601092,0102264812,Bán DV bảo trì IT,28468000000,2846800000,ban_ra,0,2310
0000005,2021-05-07,0101601092,0101454070,Bán thiết bị CN,24002000000,2400200000,ban_ra,0,2311
0000006,2021-05-08,0101601092,0105189320,Bán thiết bị CN,40116000000,4011600000,ban_ra,0,2312
0000007,2021-05-09,0101601092,0102159423,DV triển khai hệ thống,41560000000,4156000000,ban_ra,0,2313
0000008,2021-05-10,0101601092,0100101308,Bán DV bảo trì IT,46993000000,4699300000,ban_ra,0,2314
0000009,2021-05-11,0101601092,0101329672,Bán giải pháp PM,43083000000,4308300000,ban_ra,0,2315
0000010,2021-05-12,0101601092,0100113494,Bán DV bảo trì IT,65845000000,6584500000,ban_ra,0,2316
0000011,2021-10-02,0101601092,0100902202,Bán DV bảo trì IT,31026000000,0,ban_ra,0,2317
0000012,2021-10-03,0101601092,0101452549,Bán thiết bị CN,37217000000,3721700000,ban_ra,0,2318
0000013,2021-10-05,0101601092,0102625829,DV triển khai hệ thống,36822000000,3682200000,ban_ra,0,2319
0000014,2021-10-06,0101601092,0101329672,DV triển khai hệ thống,37285000000,3728500000,ban_ra,0,2320
0000015,2021-10-07,0101601092,0102712091,DV triển khai hệ thống,35185000000,3518500000,ban_ra,0,2321
0000016,2021-10-08,0101601092,0105853894,DV triển khai hệ thống,41703000000,4170300000,ban_ra,0,2322
0000017,2021-10-09,0101601092,0100373485,DV triển khai hệ thống,49804000000,4980400000,ban_ra,0,2323
0000018,2021-10-10,0101601092,0101329672,Bán giải pháp PM,41385000000,4138500000,ban_ra,0,2324
0000019,2021-10-12,0101601092,0104220419,DV triển khai hệ thống,61832000000,6183200000,ban_ra,0,2325
0000020,2021-04-15,0101601092,0100113494,Bán thiết bị CN,40542000000,0,ban_ra,0,2326
0000022,2021-07-15,0101601092,0102191498,Bán DV bảo trì IT,46316000000,4631600000,ban_ra,0,2327
0000023,2021-08-15,0101601092,0102625829,DV triển khai hệ thống,57975000000,5797500000,ban_ra,0,2328
0000024,2021-09-15,0101601092,0100101308,DV triển khai hệ thống,42281000000,4228100000,ban_ra,0,2329
0000025,2021-10-15,0101601092,0100680623,DV triển khai hệ thống,46042000000,4604200000,ban_ra,0,2330
0000026,2021-01-20,0101601092,0101056111,Bán DV bảo trì IT,29548000000,2954800000,ban_ra,0,2331
0000027,2021-04-20,0101601092,0102159423,DV triển khai hệ thống,49082000000,4908200000,ban_ra,0,2332
0000028,2021-05-20,0101601092,0103711478,Bán DV bảo trì IT,59023000000,5902300000,ban_ra,0,2333
0000029,2021-07-20,0101601092,0101770848,Bán thiết bị CN,26579000000,2657900000,ban_ra,0,2334
0000030,2021-08-20,0101601092,0100105503,Bán DV bảo trì IT,54047000000,5404700000,ban_ra,0,2335
0000031,2021-09-20,0101601092,0100113494,Bán DV bảo trì IT,36574000000,3657400000,ban_ra,0,2336
0000032,2021-10-20,0101601092,0103240765,Bán giải pháp PM,28142000000,2814200000,ban_ra,0,2337
0000033,2021-11-20,0101601092,0101225306,Bán thiết bị CN,39745000000,3974500000,ban_ra,0,2338
0000034,2021-12-20,0101601092,0101639000,DV triển khai hệ thống,51309000000,0,ban_ra,0,2339
0000035,2021-01-25,0101601092,0101435247,DV triển khai hệ thống,31380000000,3138000000,ban_ra,0,2340
0000036,2021-02-25,0101601092,0105492983,Bán giải pháp PM,36135000000,3613500000,ban_ra,0,2341
0000037,2021-03-25,0101601092,0101329672,Bán thiết bị CN,45080000000,4508000000,ban_ra,0,2342
0000038,2021-05-25,0101601092,0100113494,Bán thiết bị CN,24223000000,0,ban_ra,0,2343
0000039,2021-07-25,0101601092,0105189320,Bán thiết bị CN,28119000000,2811900000,ban_ra,0,2344
0000040,2021-08-25,0101601092,0102625829,Bán DV bảo trì IT,58370000000,5837000000,ban_ra,0,2345
0000041,2021-09-25,0101601092,0102625829,Bán giải pháp PM,70161000000,7016100000,ban_ra,0,2346
0000042,2021-11-25,0101601092,0101329672,Bán giải pháp PM,34016000000,3401600000,ban_ra,0,2347
0000043,2021-12-25,0101601092,0104380966,Bán thiết bị CN,50807000000,5080700000,ban_ra,0,2348
0000044,2021-04-30,0101601092,0100101308,Bán giải pháp PM,62417000000,6241700000,ban_ra,0,2349
0000045,2021-06-30,0101601092,0102712091,Bán giải pháp PM,41352000000,0,ban_ra,0,2350
0000046,2021-09-30,0101601092,0103711478,Bán DV bảo trì IT,43104000000,4310400000,ban_ra,0,2351
0000047,2021-11-30,0101601092,0104976614,DV triển khai hệ thống,42987000000,4298700000,ban_ra,0,2352
0000048,2021-07-31,0101601092,0103711478,Bán giải pháp PM,70122000000,0,ban_ra,0,2353
0000049,2021-08-31,0101601092,0102311149,DV triển khai hệ thống,53661000000,5366100000,ban_ra,0,2354
0000050,2021-12-31,0101601092,0104220419,Bán giải pháp PM,42762000000,4276200000,ban_ra,0,2355
0000030,2021-05-01,0101380936,0101639000,Mua điện kho,11406000000,1140600000,mua_vao,0,2356
0000020,2021-05-02,0100101308,0101639000,Mua hóa chất phụ gia,9084000000,908400000,mua_vao,0,2357
0000031,2021-05-03,0101380936,0101639000,DV vận chuyển dầu,19910000000,1991000000,mua_vao,0,2358
0000007,2021-05-04,0104630172,0101639000,Mua xăng dầu NL,13539000000,1353900000,mua_vao,0,2359
0000006,2021-05-06,0105327316,0101639000,Mua điện kho,14778000000,1477800000,mua_vao,0,2360
0000017,2021-05-07,0100113494,0101639000,Mua thiết bị bồn,23072000000,2307200000,mua_vao,0,2361
0000032,2021-05-08,0102191498,0101639000,Mua thiết bị bồn,22929000000,2292900000,mua_vao,0,2362
0000033,2021-05-09,0102191498,0101639000,DV vận chuyển dầu,18152000000,1815200000,mua_vao,0,2363
0000024,2021-05-11,0100101403,0101639000,Mua hóa chất phụ gia,9790000000,979000000,mua_vao,0,2364
0000031,2021-05-12,0100373485,0101639000,DV vận chuyển dầu,23877000000,0,mua_vao,0,2365
0000034,2021-10-01,0102191498,0101639000,Mua điện kho,18325000000,1832500000,mua_vao,0,2366
0000024,2021-10-02,0101435247,0101639000,DV vận chuyển dầu,9074000000,907400000,mua_vao,0,2367
0000021,2021-10-03,0101454070,0101639000,Mua điện kho,13543000000,1354300000,mua_vao,0,2368
0000023,2021-10-05,0104976614,0101639000,DV vận chuyển dầu,14995000000,1499500000,mua_vao,0,2369
0000026,2021-10-06,0101639000,0101639000,DV kiểm định,26584000000,2658400000,mua_vao,0,2370
0000013,2021-10-07,0101377820,0101639000,Mua thiết bị bồn,16670000000,0,mua_vao,0,2371
0000014,2021-10-08,0101377820,0101639000,DV vận chuyển dầu,25395000000,2539500000,mua_vao,0,2372
0000025,2021-10-09,0101435247,0101639000,Mua hóa chất phụ gia,19535000000,1953500000,mua_vao,0,2373
0000036,2021-10-10,0103769372,0101639000,DV vận chuyển dầu,22193000000,2219300000,mua_vao,0,2374
0000010,2021-01-15,0105189320,0101639000,DV kiểm định,22680000000,0,mua_vao,0,2375
0000010,2021-03-15,0105492983,0101639000,DV vận chuyển dầu,14469000000,1446900000,mua_vao,0,2376
0000027,2021-04-15,0104141407,0101639000,Mua xăng dầu NL,11585000000,1158500000,mua_vao,0,2377
0000007,2021-07-15,0105294741,0101639000,Mua xăng dầu NL,19444000000,1944400000,mua_vao,0,2378
0000036,2021-08-15,0102264812,0101639000,DV kiểm định,14731000000,1473100000,mua_vao,0,2379
0000037,2021-09-15,0102264812,0101639000,Mua điện kho,17043000000,1704300000,mua_vao,0,2380
0000032,2021-10-15,0100373485,0101639000,Mua hóa chất phụ gia,21750000000,2175000000,mua_vao,0,2381
0000011,2021-12-15,0105189320,0101639000,Mua điện kho,22381000000,2238100000,mua_vao,0,2382
0000025,2021-03-20,0101601092,0101639000,Mua thiết bị bồn,24410000000,0,mua_vao,0,2383
0000022,2021-04-20,0101454070,0101639000,Mua xăng dầu NL,22868000000,2286800000,mua_vao,0,2384
0000033,2021-06-20,0102331787,0101639000,Mua điện kho,22391000000,2239100000,mua_vao,0,2385
0000032,2021-07-20,0102311149,0101639000,Mua điện kho,20482000000,2048200000,mua_vao,0,2386
0000024,2021-08-20,0104976614,0101639000,Mua hóa chất phụ gia,20272000000,2027200000,mua_vao,0,2387
0000025,2021-11-20,0100101403,0101639000,Mua hóa chất phụ gia,25857000000,2585700000,mua_vao,0,2388
0000033,2021-01-25,0102311149,0101639000,Mua điện kho,16665000000,1666500000,mua_vao,0,2389
0000016,2021-02-25,0101452549,0101639000,DV kiểm định,14960000000,1496000000,mua_vao,0,2390
0000029,2021-03-25,0100680623,0101639000,DV kiểm định,18691000000,1869100000,mua_vao,0,2391
0000034,2021-04-25,0102331787,0101639000,Mua thiết bị bồn,11638000000,1163800000,mua_vao,0,2392
0000037,2021-06-25,0103769372,0101639000,Mua thiết bị bồn,12486000000,1248600000,mua_vao,0,2393
0000032,2021-08-25,0101225306,0101639000,DV vận chuyển dầu,9493000000,949300000,mua_vao,0,2394
0000035,2021-10-25,0102191498,0101639000,DV vận chuyển dầu,19917000000,1991700000,mua_vao,0,2395
0000026,2021-12-25,0100101403,0101639000,Mua xăng dầu NL,10326000000,1032600000,mua_vao,0,2396
0000033,2021-02-28,0101225306,0101639000,Mua hóa chất phụ gia,15614000000,1561400000,mua_vao,0,2397
0000025,2021-04-30,0104976614,0101639000,Mua thiết bị bồn,15750000000,1575000000,mua_vao,0,2398
0000029,2021-06-30,0101437981,0101639000,Mua xăng dầu NL,11357000000,1135700000,mua_vao,0,2399
0000015,2021-09-30,0101598393,0101639000,Mua điện kho,13377000000,1337700000,mua_vao,0,2400
0000030,2021-03-31,0102159423,0101639000,DV vận chuyển dầu,18376000000,1837600000,mua_vao,0,2401
0000011,2021-05-31,0105492983,0101639000,Mua hóa chất phụ gia,15739000000,1573900000,mua_vao,0,2402
0000036,2021-10-31,0102191498,0101639000,Mua xăng dầu NL,24417000000,2441700000,mua_vao,0,2403
0000021,2021-12-31,0100101308,0101639000,Mua hóa chất phụ gia,18900000000,1890000000,mua_vao,0,2404
0000001,2021-05-01,0101639000,0100373485,Bán xăng dầu TP,24422000000,2442200000,ban_ra,0,2405
0000002,2021-05-02,0101639000,0101056111,Bán dầu diesel CN,35728000000,3572800000,ban_ra,0,2406
0000003,2021-05-04,0101639000,0101435247,Bán LPG,36578000000,3657800000,ban_ra,0,2407
0000004,2021-05-05,0101639000,0102264812,DV cấp phát NL,14747000000,1474700000,ban_ra,0,2408
0000005,2021-05-07,0101639000,0101454070,Bán dầu diesel CN,12433000000,1243300000,ban_ra,0,2409
0000006,2021-05-08,0101639000,0105189320,Bán dầu diesel CN,20781000000,2078100000,ban_ra,0,2410
0000007,2021-05-09,0101639000,0102159423,Bán LPG,21529000000,2152900000,ban_ra,0,2411
0000008,2021-05-10,0101639000,0100101308,DV cấp phát NL,24344000000,2434400000,ban_ra,0,2412
0000009,2021-05-11,0101639000,0101329672,Bán xăng dầu TP,22318000000,2231800000,ban_ra,0,2413
0000010,2021-05-12,0101639000,0100113494,DV cấp phát NL,34109000000,3410900000,ban_ra,0,2414
0000011,2021-10-02,0101639000,0100902202,DV cấp phát NL,16072000000,0,ban_ra,0,2415
0000012,2021-10-03,0101639000,0101452549,Bán dầu diesel CN,19279000000,1927900000,ban_ra,0,2416
0000013,2021-10-05,0101639000,0102625829,Bán LPG,19075000000,1907500000,ban_ra,0,2417
0000014,2021-10-06,0101639000,0101329672,Bán LPG,19315000000,1931500000,ban_ra,0,2418
0000015,2021-10-07,0101639000,0102712091,Bán LPG,18227000000,1822700000,ban_ra,0,2419
0000016,2021-10-08,0101639000,0105853894,Bán LPG,21603000000,2160300000,ban_ra,0,2420
0000017,2021-10-09,0101639000,0100373485,Bán LPG,25800000000,2580000000,ban_ra,0,2421
0000018,2021-10-10,0101639000,0101329672,Bán xăng dầu TP,21438000000,2143800000,ban_ra,0,2422
0000019,2021-10-12,0101639000,0104220419,Bán LPG,32031000000,3203100000,ban_ra,0,2423
0000020,2021-04-15,0101639000,0100113494,Bán dầu diesel CN,21002000000,0,ban_ra,0,2424
0000021,2021-06-15,0101639000,0101452549,Bán LPG,20017000000,2001700000,ban_ra,0,2425
0000022,2021-07-15,0101639000,0102191498,DV cấp phát NL,23993000000,2399300000,ban_ra,0,2426
0000023,2021-08-15,0101639000,0102625829,Bán LPG,30033000000,3003300000,ban_ra,0,2427
0000024,2021-09-15,0101639000,0100101308,Bán LPG,21903000000,2190300000,ban_ra,0,2428
0000025,2021-10-15,0101639000,0100680623,Bán LPG,23851000000,2385100000,ban_ra,0,2429
0000026,2021-01-20,0101639000,0101056111,DV cấp phát NL,15306000000,1530600000,ban_ra,0,2430
0000027,2021-04-20,0101639000,0102159423,Bán LPG,25426000000,2542600000,ban_ra,0,2431
0000028,2021-05-20,0101639000,0103711478,DV cấp phát NL,30576000000,3057600000,ban_ra,0,2432
0000029,2021-07-20,0101639000,0101770848,Bán dầu diesel CN,13769000000,1376900000,ban_ra,0,2433
0000030,2021-08-20,0101639000,0100105503,DV cấp phát NL,27998000000,2799800000,ban_ra,0,2434
0000031,2021-09-20,0101639000,0100113494,DV cấp phát NL,18946000000,1894600000,ban_ra,0,2435
0000032,2021-10-20,0101639000,0103240765,Bán xăng dầu TP,14578000000,1457800000,ban_ra,0,2436
0000033,2021-11-20,0101639000,0101225306,Bán dầu diesel CN,20589000000,2058900000,ban_ra,0,2437
0000034,2021-12-20,0101639000,0101639000,Bán LPG,26579000000,0,ban_ra,0,2438
0000035,2021-01-25,0101639000,0101435247,Bán LPG,16256000000,1625600000,ban_ra,0,2439
0000036,2021-02-25,0101639000,0105492983,Bán xăng dầu TP,18719000000,1871900000,ban_ra,0,2440
0000037,2021-03-25,0101639000,0101329672,Bán dầu diesel CN,23353000000,2335300000,ban_ra,0,2441
0000038,2021-05-25,0101639000,0100113494,Bán dầu diesel CN,12548000000,0,ban_ra,0,2442
0000039,2021-07-25,0101639000,0105189320,Bán dầu diesel CN,14566000000,1456600000,ban_ra,0,2443
0000040,2021-08-25,0101639000,0102625829,DV cấp phát NL,30237000000,3023700000,ban_ra,0,2444
0000041,2021-09-25,0101639000,0102625829,Bán xăng dầu TP,36345000000,3634500000,ban_ra,0,2445
0000042,2021-11-25,0101639000,0101329672,Bán xăng dầu TP,17621000000,1762100000,ban_ra,0,2446
0000043,2021-12-25,0101639000,0104380966,Bán dầu diesel CN,26319000000,2631900000,ban_ra,0,2447
0000044,2021-04-30,0101639000,0100101308,Bán xăng dầu TP,32333000000,3233300000,ban_ra,0,2448
0000045,2021-06-30,0101639000,0102712091,Bán xăng dầu TP,21422000000,0,ban_ra,0,2449
0000046,2021-09-30,0101639000,0103711478,DV cấp phát NL,22329000000,2232900000,ban_ra,0,2450
0000047,2021-11-30,0101639000,0104976614,Bán LPG,22268000000,2226800000,ban_ra,0,2451
0000048,2021-07-31,0101639000,0103711478,Bán xăng dầu TP,36325000000,0,ban_ra,0,2452
0000049,2021-08-31,0101639000,0102311149,Bán LPG,27798000000,2779800000,ban_ra,0,2453
0000050,2021-12-31,0101639000,0104220419,Bán xăng dầu TP,22152000000,2215200000,ban_ra,0,2454
0000002,2021-05-01,0106255939,0101770848,DV vận chuyển,9741000000,974100000,mua_vao,0,2455
0000028,2021-05-02,0102625829,0101770848,Mua mực in CN,4707000000,0,mua_vao,0,2456
0000023,2021-10-03,0101329672,0101770848,Mua giấy carton NL,3000000000,300000000,mua_vao,0,2457
0000001,2021-10-04,0106395904,0101770848,Mua điện SX,9986000000,0,mua_vao,0,2458
0000024,2021-10-05,0101454070,0101770848,Mua giấy carton NL,6517000000,651700000,mua_vao,0,2459
0000029,2021-10-06,0102625829,0101770848,DV vận chuyển,2746000000,274600000,mua_vao,0,2460
0000038,2021-10-07,0102264812,0101770848,Mua giấy carton NL,5890000000,589000000,mua_vao,0,2461
0000007,2021-10-08,0106399994,0101770848,Mua mực in CN,3941000000,394100000,mua_vao,0,2462
0000034,2021-10-09,0102311149,0101770848,Mua điện SX,8878000000,887800000,mua_vao,0,2463
0000038,2021-10-10,0103769372,0101770848,Mua giấy carton NL,10416000000,1041600000,mua_vao,0,2464
0000008,2021-10-11,0106399994,0101770848,Mua hóa chất tráng,8160000000,816000000,mua_vao,0,2465
0000033,2021-10-12,0100373485,0101770848,Mua mực in CN,6039000000,603900000,mua_vao,0,2466
0000014,2021-01-15,0103240765,0101770848,Mua hóa chất tráng,10829000000,1082900000,mua_vao,0,2467
0000034,2021-02-15,0101225306,0101770848,Mua giấy carton NL,3911000000,391100000,mua_vao,0,2468
0000003,2021-03-20,0106255939,0101770848,DV bảo trì máy in,10736000000,1073600000,mua_vao,0,2469
0000007,2021-04-20,0105327316,0101770848,DV vận chuyển,9342000000,934200000,mua_vao,0,2470
0000025,2021-05-20,0101454070,0101770848,Mua hóa chất tráng,4978000000,497800000,mua_vao,0,2471
0000008,2021-06-20,0105327316,0101770848,DV vận chuyển,6942000000,694200000,mua_vao,0,2472
0000028,2021-07-20,0104141407,0101770848,Mua hóa chất tráng,3428000000,342800000,mua_vao,0,2473
0000015,2021-08-20,0103240765,0101770848,Mua điện SX,5817000000,581700000,mua_vao,0,2474
0000025,2021-09-20,0101770848,0101770848,DV vận chuyển,6361000000,0,mua_vao,0,2475
0000001,2021-10-20,0105853894,0101770848,Mua giấy carton NL,2795000000,0,mua_vao,0,2476
0000012,2021-11-20,0105189320,0101770848,DV bảo trì máy in,8116000000,811600000,mua_vao,0,2477
0000008,2021-12-20,0104630172,0101770848,Mua mực in CN,3595000000,359500000,mua_vao,0,2478
0000026,2021-01-25,0103711478,0101770848,DV bảo trì máy in,3755000000,375500000,mua_vao,0,2479
0000016,2021-02-28,0103240765,0101770848,DV vận chuyển,6111000000,611100000,mua_vao,0,2480
0000016,2021-04-30,0101598393,0101770848,Mua điện SX,3997000000,399700000,mua_vao,0,2481
0000030,2021-06-30,0102625829,0101770848,DV bảo trì máy in,8597000000,859700000,mua_vao,0,2482
0000017,2021-09-30,0101598393,0101770848,Mua giấy carton NL,7625000000,762500000,mua_vao,0,2483
0000008,2021-11-30,0105294741,0101770848,Mua giấy carton NL,10392000000,1039200000,mua_vao,0,2484
0000011,2021-03-31,0104380966,0101770848,DV bảo trì máy in,10790000000,1079000000,mua_vao,0,2485
0000027,2021-05-31,0100101403,0101770848,Mua mực in CN,10239000000,1023900000,mua_vao,0,2486
0000026,2021-07-31,0101770848,0101770848,Mua giấy carton NL,10040000000,1004000000,mua_vao,0,2487
0000027,2021-08-31,0101770848,0101770848,Mua mực in CN,7719000000,771900000,mua_vao,0,2488
0000004,2021-10-31,0106255939,0101770848,Mua điện SX,5243000000,524300000,mua_vao,0,2489
0000017,2021-12-31,0103240765,0101770848,Mua giấy carton NL,3083000000,308300000,mua_vao,0,2490
0000034,2021-12-31,0100373485,0101770848,Mua điện SX,3788000000,378800000,mua_vao,0,2491
0000018,2021-12-31,0103240765,0101770848,Mua điện SX,3099000000,309900000,mua_vao,0,2492
0000026,2021-12-31,0104976614,0101770848,DV bảo trì máy in,6417000000,0,mua_vao,0,2493
0000030,2021-12-31,0100680623,0101770848,DV bảo trì máy in,4627000000,462700000,mua_vao,0,2494
0000039,2021-12-31,0102264812,0101770848,DV bảo trì máy in,7960000000,796000000,mua_vao,0,2495
0000026,2021-12-31,0101601092,0101770848,DV vận chuyển,5072000000,507200000,mua_vao,0,2496
0000035,2021-12-31,0101225306,0101770848,Mua giấy carton NL,4119000000,411900000,mua_vao,0,2497
0000037,2021-12-31,0102712091,0101770848,DV vận chuyển,2904000000,0,mua_vao,0,2498
0000027,2021-12-31,0103711478,0101770848,Mua mực in CN,4916000000,491600000,mua_vao,0,2499
0000031,2021-12-31,0102625829,0101770848,Mua hóa chất tráng,4953000000,495300000,mua_vao,0,2500
0000003,2021-12-31,0106112810,0101770848,Mua hóa chất tráng,6146000000,614600000,mua_vao,0,2501
0000031,2021-12-31,0102159423,0101770848,Mua hóa chất tráng,5471000000,547100000,mua_vao,0,2502
0000031,2021-12-31,0100680623,0101770848,Mua hóa chất tráng,5543000000,554300000,mua_vao,0,2503
0000032,2021-12-31,0100680623,0101770848,Mua điện SX,8353000000,0,mua_vao,0,2504
0000001,2021-05-01,0101770848,0104141407,Bán bao bì in mẫu,10713000000,1071300000,ban_ra,0,2505
0000002,2021-05-02,0101770848,0101435247,Xuất khẩu bao bì,7909000000,790900000,ban_ra,0,2506
0000003,2021-10-03,0101770848,0106399994,Bán bao bì carton TP,8349000000,834900000,ban_ra,0,2507
0000004,2021-10-04,0101770848,0105189320,Xuất khẩu bao bì,5486000000,0,ban_ra,0,2508
0000005,2021-10-05,0101770848,0100902202,Bán thùng carton ĐH,8237000000,823700000,ban_ra,0,2509
0000006,2021-10-06,0101770848,0100105503,Bán bao bì in mẫu,8551000000,855100000,ban_ra,0,2510
0000007,2021-10-07,0101770848,0100902202,Xuất khẩu bao bì,3763000000,376300000,ban_ra,0,2511
0000008,2021-10-08,0101770848,0101601092,Bán bao bì carton TP,7615000000,761500000,ban_ra,0,2512
0000009,2021-10-09,0101770848,0103769372,Bán thùng carton ĐH,10278000000,1027800000,ban_ra,0,2513
0000010,2021-10-10,0101770848,0101056111,Bán bao bì in mẫu,10367000000,1036700000,ban_ra,0,2514
0000011,2021-10-11,0101770848,0104141407,Xuất khẩu bao bì,13576000000,0,ban_ra,0,2515
0000012,2021-10-12,0101770848,0106467242,Bán bao bì carton TP,14636000000,1463600000,ban_ra,0,2516
0000013,2021-01-15,0101770848,0105189320,Bán thùng carton ĐH,13713000000,1371300000,ban_ra,0,2517
0000014,2021-02-15,0101770848,0103769372,Bán bao bì carton TP,7347000000,734700000,ban_ra,0,2518
0000015,2021-03-20,0101770848,0103240765,Bán bao bì in mẫu,6751000000,675100000,ban_ra,0,2519
0000017,2021-05-20,0101770848,0104976614,Bán bao bì carton TP,5789000000,578900000,ban_ra,0,2520
0000018,2021-06-20,0101770848,0105189320,Bán bao bì in mẫu,13385000000,1338500000,ban_ra,0,2521
0000019,2021-07-20,0101770848,0105189320,Xuất khẩu bao bì,13343000000,1334300000,ban_ra,0,2522
0000020,2021-08-20,0101770848,0103711478,Bán bao bì in mẫu,7335000000,733500000,ban_ra,0,2523
0000021,2021-09-20,0101770848,0105327316,Bán thùng carton ĐH,6523000000,652300000,ban_ra,0,2524
0000022,2021-10-20,0101770848,0106300187,Bán bao bì in mẫu,6524000000,652400000,ban_ra,0,2525
0000023,2021-11-20,0101770848,0106187171,Bán bao bì carton TP,13320000000,1332000000,ban_ra,0,2526
0000024,2021-12-20,0101770848,0105853894,Xuất khẩu bao bì,8267000000,826700000,ban_ra,0,2527
0000025,2021-01-25,0101770848,0101435247,Bán bao bì in mẫu,12286000000,1228600000,ban_ra,0,2528
0000026,2021-02-28,0101770848,0106116043,Bán bao bì carton TP,6157000000,615700000,ban_ra,0,2529
0000027,2021-04-30,0101770848,0103240765,Bán bao bì carton TP,13278000000,1327800000,ban_ra,0,2530
0000028,2021-06-30,0101770848,0106399994,Bán bao bì in mẫu,8125000000,0,ban_ra,0,2531
0000029,2021-09-30,0101770848,0104976614,Bán bao bì in mẫu,4311000000,431100000,ban_ra,0,2532
0000030,2021-11-30,0101770848,0102625829,Xuất khẩu bao bì,13076000000,1307600000,ban_ra,0,2533
0000031,2021-03-31,0101770848,0106255939,Bán bao bì in mẫu,4370000000,437000000,ban_ra,0,2534
0000032,2021-05-31,0101770848,0101437981,Bán bao bì carton TP,10757000000,1075700000,ban_ra,0,2535
0000033,2021-07-31,0101770848,0102191498,Bán bao bì carton TP,14300000000,0,ban_ra,0,2536
0000034,2021-08-31,0101770848,0101225306,Bán thùng carton ĐH,5310000000,531000000,ban_ra,0,2537
0000035,2021-10-31,0101770848,0104630172,Bán thùng carton ĐH,6689000000,668900000,ban_ra,0,2538
0000036,2021-12-31,0101770848,0101437981,Bán bao bì in mẫu,10334000000,1033400000,ban_ra,0,2539
0000037,2021-12-31,0101770848,0101435247,Bán bao bì carton TP,4369000000,436900000,ban_ra,0,2540
0000038,2021-12-31,0101770848,0104380966,Bán bao bì carton TP,14191000000,0,ban_ra,0,2541
0000039,2021-12-31,0101770848,0102712091,Xuất khẩu bao bì,4055000000,0,ban_ra,0,2542
0000040,2021-12-31,0101770848,0102311149,Bán bao bì in mẫu,12693000000,1269300000,ban_ra,0,2543
0000041,2021-12-31,0101770848,0102712091,Bán bao bì in mẫu,11416000000,1141600000,ban_ra,0,2544
0000042,2021-12-31,0101770848,0101598393,Bán bao bì in mẫu,9918000000,991800000,ban_ra,0,2545
0000043,2021-12-31,0101770848,0104976614,Bán bao bì carton TP,11887000000,1188700000,ban_ra,0,2546
0000044,2021-12-31,0101770848,0101452549,Bán bao bì in mẫu,6771000000,677100000,ban_ra,0,2547
0000045,2021-12-31,0101770848,0101435247,Bán thùng carton ĐH,4640000000,464000000,ban_ra,0,2548
0000046,2021-12-31,0101770848,0105294741,Bán bao bì in mẫu,10565000000,1056500000,ban_ra,0,2549
0000047,2021-12-31,0101770848,0101225306,Bán bao bì in mẫu,3922000000,392200000,ban_ra,0,2550
0000048,2021-12-31,0101770848,0101454070,Bán bao bì in mẫu,4786000000,478600000,ban_ra,0,2551
0000049,2021-12-31,0101770848,0103711478,Xuất khẩu bao bì,5421000000,542100000,ban_ra,0,2552
0000050,2021-12-31,0101770848,0101380936,Bán thùng carton ĐH,3919000000,391900000,ban_ra,0,2553
0000010,2021-05-01,0105908818,0102159423,Mua linh kiện ĐT,5242000000,524200000,mua_vao,0,2554
0000032,2021-05-02,0102625829,0102159423,Mua linh kiện ĐT,7496000000,749600000,mua_vao,0,2555
0000014,2021-10-03,0100105503,0102159423,DV bảo trì IT,8464000000,846400000,mua_vao,0,2556
0000012,2021-10-04,0105492983,0102159423,DV bảo trì IT,3208000000,320800000,mua_vao,0,2557
0000035,2021-10-05,0102331787,0102159423,Mua thiết bị phần cứng,6827000000,682700000,mua_vao,0,2558
0000015,2021-10-06,0100105503,0102159423,Mua bản quyền PM,6255000000,625500000,mua_vao,0,2559
0000002,2021-10-07,0104220419,0102159423,Thuê máy chủ,2266000000,226600000,mua_vao,0,2560
0000039,2021-10-08,0103769372,0102159423,Thuê máy chủ,4070000000,407000000,mua_vao,0,2561
0000022,2021-10-09,0100101308,0102159423,Mua thiết bị phần cứng,6654000000,665400000,mua_vao,0,2562
0000019,2021-10-10,0103240765,0102159423,Mua bản quyền PM,5426000000,542600000,mua_vao,0,2563
0000004,2021-10-11,0106300187,0102159423,Mua thiết bị phần cứng,4913000000,491300000,mua_vao,0,2564
0000040,2021-10-12,0102264812,0102159423,Thuê máy chủ,6504000000,650400000,mua_vao,0,2565
0000032,2021-01-15,0101380936,0102159423,Thuê máy chủ,8759000000,875900000,mua_vao,0,2566
0000035,2021-03-20,0100373485,0102159423,Mua linh kiện ĐT,6769000000,676900000,mua_vao,0,2567
0000020,2021-04-20,0103240765,0102159423,Mua thiết bị phần cứng,5529000000,552900000,mua_vao,0,2568
0000002,2021-05-20,0106187171,0102159423,Mua linh kiện ĐT,2848000000,284800000,mua_vao,0,2569
0000028,2021-06-20,0101639000,0102159423,DV bảo trì IT,8436000000,843600000,mua_vao,0,2570
0000004,2021-07-20,0106112810,0102159423,Mua bản quyền PM,5720000000,572000000,mua_vao,0,2571
0000036,2021-08-20,0102331787,0102159423,Thuê máy chủ,4813000000,481300000,mua_vao,0,2572
0000038,2021-09-20,0102712091,0102159423,Mua linh kiện ĐT,7864000000,786400000,mua_vao,0,2573
0000026,2021-10-20,0101435247,0102159423,Thuê máy chủ,3950000000,395000000,mua_vao,0,2574
0000002,2021-11-20,0106467242,0102159423,DV tư vấn CN,5773000000,577300000,mua_vao,0,2575
0000015,2021-12-20,0101377820,0102159423,Thuê máy chủ,4970000000,497000000,mua_vao,0,2576
0000028,2021-01-25,0103711478,0102159423,DV tư vấn CN,5224000000,522400000,mua_vao,0,2577
0000003,2021-02-28,0106187171,0102159423,Mua linh kiện ĐT,2417000000,241700000,mua_vao,0,2578
0000003,2021-04-30,0104220419,0102159423,Thuê máy chủ,3944000000,394400000,mua_vao,0,2579
0000041,2021-09-30,0102264812,0102159423,DV bảo trì IT,4799000000,479900000,mua_vao,0,2580
0000002,2021-11-30,0105853894,0102159423,Thuê máy chủ,6073000000,607300000,mua_vao,0,2581
0000017,2021-03-31,0101452549,0102159423,Mua bản quyền PM,7574000000,757400000,mua_vao,0,2582
0000002,2021-05-31,0106395904,0102159423,DV tư vấn CN,2263000000,226300000,mua_vao,0,2583
0000024,2021-07-31,0101329672,0102159423,DV tư vấn CN,3007000000,300700000,mua_vao,0,2584
0000018,2021-08-31,0101598393,0102159423,Mua bản quyền PM,5927000000,592700000,mua_vao,0,2585
0000035,2021-10-31,0102311149,0102159423,Mua thiết bị phần cứng,8353000000,835300000,mua_vao,0,2586
0000016,2021-12-31,0100105503,0102159423,DV tư vấn CN,2607000000,0,mua_vao,0,2587
0000028,2021-12-31,0101770848,0102159423,Mua bản quyền PM,5343000000,534300000,mua_vao,0,2588
0000001,2021-12-31,0106682049,0102159423,DV tư vấn CN,3737000000,373700000,mua_vao,0,2589
0000028,2021-12-31,0101601092,0102159423,DV tư vấn CN,4795000000,479500000,mua_vao,0,2590
0000005,2021-12-31,0106300187,0102159423,Thuê máy chủ,6908000000,690800000,mua_vao,0,2591
0000036,2021-12-31,0102311149,0102159423,Mua linh kiện ĐT,6527000000,652700000,mua_vao,0,2592
0000032,2021-12-31,0102159423,0102159423,DV bảo trì IT,5088000000,508800000,mua_vao,0,2593
0000030,2021-12-31,0101437981,0102159423,DV tư vấn CN,8709000000,870900000,mua_vao,0,2594
0000029,2021-12-31,0101770848,0102159423,Mua linh kiện ĐT,7399000000,739900000,mua_vao,0,2595
0000033,2021-12-31,0101380936,0102159423,Mua linh kiện ĐT,6114000000,611400000,mua_vao,0,2596
0000013,2021-12-31,0105492983,0102159423,DV tư vấn CN,4084000000,408400000,mua_vao,0,2597
0000039,2021-12-31,0102712091,0102159423,Mua linh kiện ĐT,4569000000,456900000,mua_vao,0,2598
0000033,2021-12-31,0102159423,0102159423,Thuê máy chủ,3358000000,335800000,mua_vao,0,2599
0000023,2021-12-31,0100101308,0102159423,DV bảo trì IT,8198000000,819800000,mua_vao,0,2600
0000001,2021-05-01,0102159423,0106682049,Bán thiết bị CN,6458000000,645800000,ban_ra,0,2601
0000002,2021-05-02,0102159423,0101598393,Bán thiết bị CN,11721000000,1172100000,ban_ra,0,2602
0000003,2021-10-03,0102159423,0106300187,Bán DV bảo trì IT,4849000000,484900000,ban_ra,0,2603
0000004,2021-10-04,0102159423,0101452549,DV triển khai,7722000000,772200000,ban_ra,0,2604
0000005,2021-10-05,0102159423,0105853894,Bán giải pháp PM,11260000000,0,ban_ra,0,2605
0000006,2021-10-06,0102159423,0101437981,Bán giải pháp PM,3688000000,368800000,ban_ra,0,2606
0000007,2021-10-07,0102159423,0101437981,Bán giải pháp PM,3282000000,328200000,ban_ra,0,2607
0000008,2021-10-08,0102159423,0100113494,Bán giải pháp PM,4787000000,478700000,ban_ra,0,2608
0000009,2021-10-09,0102159423,0101225306,DV triển khai,3275000000,327500000,ban_ra,0,2609
0000010,2021-10-10,0102159423,0102191498,Bán thiết bị CN,5519000000,551900000,ban_ra,0,2610
0000011,2021-10-11,0102159423,0101329672,Bán DV bảo trì IT,6753000000,675300000,ban_ra,0,2611
0000012,2021-10-12,0102159423,0103769372,Bán giải pháp PM,8863000000,886300000,ban_ra,0,2612
0000013,2021-01-15,0102159423,0100105503,Bán giải pháp PM,7918000000,791800000,ban_ra,0,2613
0000014,2021-02-15,0102159423,0106255939,Bán DV bảo trì IT,3351000000,335100000,ban_ra,0,2614
0000015,2021-03-20,0102159423,0101770848,DV triển khai,7848000000,784800000,ban_ra,0,2615
0000016,2021-04-20,0102159423,0106255939,Bán DV bảo trì IT,5269000000,526900000,ban_ra,0,2616
0000017,2021-05-20,0102159423,0104380966,Bán giải pháp PM,11580000000,1158000000,ban_ra,0,2617
0000018,2021-06-20,0102159423,0103240765,DV triển khai,11237000000,1123700000,ban_ra,0,2618
0000019,2021-07-20,0102159423,0106116043,Bán DV bảo trì IT,10754000000,1075400000,ban_ra,0,2619
0000020,2021-08-20,0102159423,0101329672,DV triển khai,10545000000,0,ban_ra,0,2620
0000021,2021-09-20,0102159423,0103240765,DV triển khai,4818000000,481800000,ban_ra,0,2621
0000022,2021-10-20,0102159423,0101380936,Bán thiết bị CN,5681000000,568100000,ban_ra,0,2622
0000023,2021-11-20,0102159423,0106255939,Bán DV bảo trì IT,4690000000,469000000,ban_ra,0,2623
0000024,2021-12-20,0102159423,0106467242,Bán DV bảo trì IT,10718000000,1071800000,ban_ra,0,2624
0000025,2021-01-25,0102159423,0106116043,Bán thiết bị CN,7154000000,715400000,ban_ra,0,2625
0000026,2021-02-28,0102159423,0101437981,DV triển khai,11304000000,1130400000,ban_ra,0,2626
0000027,2021-04-30,0102159423,0104976614,Bán DV bảo trì IT,6858000000,685800000,ban_ra,0,2627
0000028,2021-06-30,0102159423,0106116043,Bán thiết bị CN,6932000000,693200000,ban_ra,0,2628
0000029,2021-09-30,0102159423,0104380966,Bán DV bảo trì IT,7585000000,758500000,ban_ra,0,2629
0000030,2021-11-30,0102159423,0100101308,DV triển khai,10285000000,1028500000,ban_ra,0,2630
0000031,2021-03-31,0102159423,0106116043,Bán DV bảo trì IT,9402000000,940200000,ban_ra,0,2631
0000032,2021-05-31,0102159423,0102191498,DV triển khai,7824000000,782400000,ban_ra,0,2632
0000033,2021-07-31,0102159423,0100373485,Bán thiết bị CN,4529000000,452900000,ban_ra,0,2633
0000034,2021-08-31,0102159423,0105189320,DV triển khai,3806000000,380600000,ban_ra,0,2634
0000035,2021-10-31,0102159423,0106682049,Bán DV bảo trì IT,6366000000,636600000,ban_ra,0,2635
0000036,2021-12-31,0102159423,0101452549,DV triển khai,11668000000,1166800000,ban_ra,0,2636
0000037,2021-12-31,0102159423,0105294741,Bán thiết bị CN,9113000000,911300000,ban_ra,0,2637
0000038,2021-12-31,0102159423,0100105503,DV triển khai,11714000000,1171400000,ban_ra,0,2638
0000039,2021-12-31,0102159423,0101377820,Bán thiết bị CN,3461000000,346100000,ban_ra,0,2639
0000040,2021-12-31,0102159423,0101454070,Bán thiết bị CN,10832000000,1083200000,ban_ra,0,2640
0000041,2021-12-31,0102159423,0104220419,Bán giải pháp PM,9657000000,965700000,ban_ra,0,2641
0000042,2021-12-31,0102159423,0101639000,DV triển khai,11926000000,1192600000,ban_ra,0,2642
0000043,2021-12-31,0102159423,0103711478,DV triển khai,7377000000,737700000,ban_ra,0,2643
0000044,2021-12-31,0102159423,0102264812,Bán giải pháp PM,8279000000,827900000,ban_ra,0,2644
0000045,2021-12-31,0102159423,0100105503,Bán giải pháp PM,3751000000,375100000,ban_ra,0,2645
0000046,2021-12-31,0102159423,0106187171,Bán giải pháp PM,5125000000,512500000,ban_ra,0,2646
0000047,2021-12-31,0102159423,0106116043,DV triển khai,7617000000,761700000,ban_ra,0,2647
0000048,2021-12-31,0102159423,0102311149,Bán giải pháp PM,3597000000,359700000,ban_ra,0,2648
0000049,2021-12-31,0102159423,0102625829,Bán giải pháp PM,8986000000,898600000,ban_ra,0,2649
0000050,2021-12-31,0102159423,0100101403,Bán giải pháp PM,9852000000,985200000,ban_ra,0,2650
0000018,2021-05-01,0101452549,0102191498,DV gia công may,5677000000,567700000,mua_vao,0,2651
0000027,2021-05-02,0101056111,0102191498,Mua điện SX,7439000000,743900000,mua_vao,0,2652
0000028,2021-10-03,0100101403,0102191498,Mua chỉ phụ liệu,6413000000,641300000,mua_vao,0,2653
0000009,2021-10-04,0104630172,0102191498,Mua vải NL,7104000000,710400000,mua_vao,0,2654
0000040,2021-10-05,0103769372,0102191498,Mua chỉ phụ liệu,6513000000,651300000,mua_vao,0,2655
0000004,2021-10-06,0106187171,0102191498,Mua hóa chất nhuộm,8154000000,815400000,mua_vao,0,2656
0000042,2021-10-07,0102264812,0102191498,Mua bao bì,10754000000,1075400000,mua_vao,0,2657
0000041,2021-10-08,0103769372,0102191498,Mua điện SX,11000000000,1100000000,mua_vao,0,2658
0000029,2021-10-09,0101601092,0102191498,Mua hóa chất nhuộm,6406000000,640600000,mua_vao,0,2659
0000029,2021-10-10,0103711478,0102191498,Mua điện SX,10438000000,1043800000,mua_vao,0,2660
0000019,2021-10-11,0101598393,0102191498,Mua hóa chất nhuộm,6257000000,625700000,mua_vao,0,2661
0000017,2021-10-12,0100105503,0102191498,Mua vải NL,6667000000,666700000,mua_vao,0,2662
0000020,2021-01-15,0101598393,0102191498,Mua chỉ phụ liệu,10672000000,1067200000,mua_vao,0,2663
0000009,2021-02-15,0105294741,0102191498,Mua bao bì,5607000000,560700000,mua_vao,0,2664
0000026,2021-03-20,0101454070,0102191498,Mua bao bì,7907000000,790700000,mua_vao,0,2665
0000037,2021-04-20,0102191498,0102191498,Mua bao bì,3814000000,381400000,mua_vao,0,2666
0000037,2021-05-20,0102331787,0102191498,Mua chỉ phụ liệu,4447000000,444700000,mua_vao,0,2667
0000003,2021-06-20,0106467242,0102191498,Mua vải NL,7423000000,742300000,mua_vao,0,2668
0000004,2021-07-20,0106467242,0102191498,Mua chỉ phụ liệu,11184000000,1118400000,mua_vao,0,2669
0000024,2021-08-20,0100101308,0102191498,Mua bao bì,6238000000,623800000,mua_vao,0,2670
0000006,2021-09-20,0106300187,0102191498,Mua hóa chất nhuộm,6602000000,660200000,mua_vao,0,2671
0000034,2021-10-20,0102159423,0102191498,Mua hóa chất nhuộm,4966000000,496600000,mua_vao,0,2672
0000004,2021-11-20,0104220419,0102191498,Mua vải NL,11195000000,1119500000,mua_vao,0,2673
0000038,2021-12-20,0102331787,0102191498,Mua chỉ phụ liệu,5427000000,542700000,mua_vao,0,2674
0000031,2021-01-25,0101437981,0102191498,Mua hóa chất nhuộm,10888000000,1088800000,mua_vao,0,2675
0000002,2021-02-28,0106682049,0102191498,Mua hóa chất nhuộm,10626000000,1062600000,mua_vao,0,2676
0000018,2021-04-30,0100105503,0102191498,Mua điện SX,4971000000,497100000,mua_vao,0,2677
0000019,2021-06-30,0100105503,0102191498,Mua bao bì,6578000000,657800000,mua_vao,0,2678
0000028,2021-09-30,0101056111,0102191498,Mua vải NL,7883000000,788300000,mua_vao,0,2679
0000029,2021-11-30,0104141407,0102191498,DV gia công may,5939000000,593900000,mua_vao,0,2680
0000029,2021-03-31,0101056111,0102191498,Mua bao bì,6628000000,662800000,mua_vao,0,2681
0000036,2021-05-31,0101225306,0102191498,Mua điện SX,3266000000,326600000,mua_vao,0,2682
0000019,2021-07-31,0101452549,0102191498,Mua hóa chất nhuộm,10072000000,1007200000,mua_vao,0,2683
0000009,2021-08-31,0105327316,0102191498,DV gia công may,5765000000,576500000,mua_vao,0,2684
0000033,2021-10-31,0100680623,0102191498,Mua chỉ phụ liệu,10143000000,1014300000,mua_vao,0,2685
0000037,2021-12-31,0102311149,0102191498,Mua vải NL,11129000000,1112900000,mua_vao,0,2686
0000003,2021-12-31,0106395904,0102191498,Mua vải NL,6779000000,677900000,mua_vao,0,2687
0000005,2021-12-31,0106112810,0102191498,Mua bao bì,3297000000,329700000,mua_vao,0,2688
0000021,2021-12-31,0101598393,0102191498,Mua bao bì,9987000000,998700000,mua_vao,0,2689
0000003,2021-12-31,0106682049,0102191498,Mua hóa chất nhuộm,11266000000,1126600000,mua_vao,0,2690
0000035,2021-12-31,0102159423,0102191498,DV gia công may,6324000000,632400000,mua_vao,0,2691
0000010,2021-12-31,0104630172,0102191498,DV gia công may,3520000000,352000000,mua_vao,0,2692
0000018,2021-12-31,0100113494,0102191498,Mua hóa chất nhuộm,4833000000,0,mua_vao,0,2693
0000030,2021-12-31,0101056111,0102191498,Mua điện SX,4092000000,409200000,mua_vao,0,2694
0000042,2021-12-31,0103769372,0102191498,Mua bao bì,8456000000,845600000,mua_vao,0,2695
0000010,2021-12-31,0105294741,0102191498,Mua vải NL,7075000000,707500000,mua_vao,0,2696
0000005,2021-12-31,0106255939,0102191498,Mua bao bì,3752000000,375200000,mua_vao,0,2697
0000014,2021-12-31,0105492983,0102191498,Mua bao bì,8928000000,892800000,mua_vao,0,2698
0000032,2021-12-31,0101437981,0102191498,Mua chỉ phụ liệu,10530000000,1053000000,mua_vao,0,2699
0000038,2021-12-31,0102191498,0102191498,Mua vải NL,6722000000,672200000,mua_vao,0,2700
0000001,2021-05-01,0102191498,0105492983,Bán SP may mặc TP,11090000000,1109000000,ban_ra,0,2701
0000002,2021-05-02,0102191498,0101437981,Bán vải dệt,6854000000,685400000,ban_ra,0,2702
0000003,2021-10-03,0102191498,0106112810,Bán vải dệt,15017000000,1501700000,ban_ra,0,2703
0000004,2021-10-04,0102191498,0104220419,Bán SP may mặc TP,12254000000,1225400000,ban_ra,0,2704
0000005,2021-10-05,0102191498,0106682049,Bán đồng phục ĐH,5498000000,549800000,ban_ra,0,2705
0000006,2021-10-06,0102191498,0106399994,Bán vải dệt,4564000000,456400000,ban_ra,0,2706
0000007,2021-10-07,0102191498,0101329672,Bán đồng phục ĐH,5365000000,0,ban_ra,0,2707
0000008,2021-10-08,0102191498,0105492983,Bán đồng phục ĐH,7877000000,787700000,ban_ra,0,2708
0000009,2021-10-09,0102191498,0106112810,Bán đồng phục ĐH,10776000000,1077600000,ban_ra,0,2709
0000010,2021-10-10,0102191498,0101056111,Bán SP may mặc TP,5571000000,557100000,ban_ra,0,2710
0000011,2021-10-11,0102191498,0106255939,Bán HH may XK,11034000000,1103400000,ban_ra,0,2711
0000012,2021-10-12,0102191498,0103769372,Bán vải dệt,15284000000,1528400000,ban_ra,0,2712
0000013,2021-01-15,0102191498,0105327316,Bán vải dệt,12258000000,1225800000,ban_ra,0,2713
0000015,2021-03-20,0102191498,0100373485,Bán vải dệt,10214000000,1021400000,ban_ra,0,2714
0000016,2021-04-20,0102191498,0102331787,Bán SP may mặc TP,5464000000,546400000,ban_ra,0,2715
0000017,2021-05-20,0102191498,0101639000,Bán HH may XK,12012000000,1201200000,ban_ra,0,2716
0000018,2021-06-20,0102191498,0101437981,Bán SP may mặc TP,12062000000,1206200000,ban_ra,0,2717
0000019,2021-07-20,0102191498,0103240765,Bán vải dệt,12076000000,1207600000,ban_ra,0,2718
0000020,2021-08-20,0102191498,0101225306,Bán đồng phục ĐH,10583000000,1058300000,ban_ra,0,2719
0000021,2021-09-20,0102191498,0101056111,Bán vải dệt,12545000000,1254500000,ban_ra,0,2720
0000022,2021-10-20,0102191498,0101380936,Bán HH may XK,14572000000,1457200000,ban_ra,0,2721
0000023,2021-11-20,0102191498,0105189320,Bán HH may XK,14042000000,1404200000,ban_ra,0,2722
0000024,2021-12-20,0102191498,0106116043,Bán đồng phục ĐH,12976000000,1297600000,ban_ra,0,2723
0000025,2021-01-25,0102191498,0101452549,Bán vải dệt,6714000000,671400000,ban_ra,0,2724
0000026,2021-02-28,0102191498,0101225306,Bán đồng phục ĐH,13782000000,1378200000,ban_ra,0,2725
0000027,2021-04-30,0102191498,0105853894,Bán HH may XK,10331000000,1033100000,ban_ra,0,2726
0000028,2021-06-30,0102191498,0104380966,Bán HH may XK,14867000000,1486700000,ban_ra,0,2727
0000029,2021-09-30,0102191498,0106187171,Bán vải dệt,11864000000,0,ban_ra,0,2728
0000030,2021-11-30,0102191498,0100373485,Bán HH may XK,9774000000,977400000,ban_ra,0,2729
0000031,2021-03-31,0102191498,0101437981,Bán vải dệt,14263000000,0,ban_ra,0,2730
0000032,2021-05-31,0102191498,0100105503,Bán SP may mặc TP,7096000000,709600000,ban_ra,0,2731
0000033,2021-07-31,0102191498,0102264812,Bán đồng phục ĐH,8939000000,893900000,ban_ra,0,2732
0000034,2021-08-31,0102191498,0101329672,Bán đồng phục ĐH,5757000000,575700000,ban_ra,0,2733
0000036,2021-12-31,0102191498,0101601092,Bán vải dệt,6920000000,692000000,ban_ra,0,2734
0000037,2021-12-31,0102191498,0106112810,Bán đồng phục ĐH,6879000000,0,ban_ra,0,2735
0000038,2021-12-31,0102191498,0106300187,Bán vải dệt,11557000000,1155700000,ban_ra,0,2736
0000039,2021-12-31,0102191498,0100113494,Bán đồng phục ĐH,9949000000,0,ban_ra,0,2737
0000040,2021-12-31,0102191498,0101056111,Bán SP may mặc TP,9447000000,944700000,ban_ra,0,2738
0000041,2021-12-31,0102191498,0102625829,Bán HH may XK,10087000000,1008700000,ban_ra,0,2739
0000042,2021-12-31,0102191498,0101225306,Bán HH may XK,7710000000,771000000,ban_ra,0,2740
0000043,2021-12-31,0102191498,0102331787,Bán vải dệt,11812000000,1181200000,ban_ra,0,2741
0000044,2021-12-31,0102191498,0100105503,Bán đồng phục ĐH,7240000000,724000000,ban_ra,0,2742
0000045,2021-12-31,0102191498,0100373485,Bán SP may mặc TP,6728000000,0,ban_ra,0,2743
0000046,2021-12-31,0102191498,0101601092,Bán đồng phục ĐH,12454000000,1245400000,ban_ra,0,2744
0000047,2021-12-31,0102191498,0106467242,Bán vải dệt,5944000000,0,ban_ra,0,2745
0000048,2021-12-31,0102191498,0106399994,Bán SP may mặc TP,7464000000,746400000,ban_ra,0,2746
0000049,2021-12-31,0102191498,0101380936,Bán SP may mặc TP,10641000000,1064100000,ban_ra,0,2747
0000050,2021-12-31,0102191498,0101601092,Bán HH may XK,6624000000,0,ban_ra,0,2748
0000011,2021-05-01,0105908818,0102264812,DV gia công cơ khí,17971000000,0,mua_vao,0,2749
0000004,2021-05-02,0106682049,0102264812,Mua điện SX,11496000000,1149600000,mua_vao,0,2750
0000021,2021-10-03,0103240765,0102264812,DV gia công cơ khí,4927000000,492700000,mua_vao,0,2751
0000003,2021-10-04,0105853894,0102264812,Mua điện SX,12594000000,1259400000,mua_vao,0,2752
0000043,2021-10-05,0102264812,0102264812,Mua vật liệu ống thép,11106000000,1110600000,mua_vao,0,2753
0000007,2021-10-06,0106300187,0102264812,Mua thiết bị cơ điện,17202000000,0,mua_vao,0,2754
0000005,2021-10-07,0106187171,0102264812,Mua thiết bị cơ điện,9417000000,0,mua_vao,0,2755
0000030,2021-10-08,0101601092,0102264812,DV gia công cơ khí,5158000000,515800000,mua_vao,0,2756
0000043,2021-10-09,0103769372,0102264812,DV gia công cơ khí,9466000000,0,mua_vao,0,2757
0000044,2021-10-10,0103769372,0102264812,Mua điện SX,12341000000,1234100000,mua_vao,0,2758
0000030,2021-10-11,0104141407,0102264812,Mua thiết bị điện CN,16810000000,0,mua_vao,0,2759
0000013,2021-10-12,0105189320,0102264812,DV gia công cơ khí,17559000000,1755900000,mua_vao,0,2760
0000036,2021-01-15,0100373485,0102264812,Mua thiết bị điện CN,13618000000,1361800000,mua_vao,0,2761
0000009,2021-02-15,0100902202,0102264812,DV gia công cơ khí,18085000000,1808500000,mua_vao,0,2762
0000039,2021-03-20,0102191498,0102264812,Mua vật liệu ống thép,13684000000,1368400000,mua_vao,0,2763
0000040,2021-04-20,0102191498,0102264812,Mua thiết bị cơ điện,6498000000,649800000,mua_vao,0,2764
0000039,2021-05-20,0102331787,0102264812,Mua thiết bị điện CN,9689000000,968900000,mua_vao,0,2765
0000031,2021-06-20,0101601092,0102264812,Mua bao bì linh kiện,15232000000,1523200000,mua_vao,0,2766
0000006,2021-07-20,0106255939,0102264812,Mua vật liệu ống thép,14949000000,0,mua_vao,0,2767
0000008,2021-08-20,0106300187,0102264812,Mua thiết bị điện CN,15319000000,1531900000,mua_vao,0,2768
0000009,2021-09-20,0106399994,0102264812,Mua thiết bị điện CN,7515000000,751500000,mua_vao,0,2769
0000007,2021-10-20,0106255939,0102264812,Mua điện SX,6780000000,678000000,mua_vao,0,2770
0000004,2021-11-20,0105853894,0102264812,Mua điện SX,9337000000,933700000,mua_vao,0,2771
0000027,2021-12-20,0101454070,0102264812,Mua thiết bị cơ điện,14992000000,1499200000,mua_vao,0,2772
0000012,2021-01-25,0105908818,0102264812,Mua điện SX,13447000000,1344700000,mua_vao,0,2773
0000030,2021-02-28,0103711478,0102264812,Mua thiết bị điện CN,13956000000,1395600000,mua_vao,0,2774
0000020,2021-04-30,0100105503,0102264812,DV gia công cơ khí,5063000000,506300000,mua_vao,0,2775
0000034,2021-06-30,0100680623,0102264812,Mua thiết bị điện CN,9249000000,924900000,mua_vao,0,2776
0000005,2021-09-30,0106682049,0102264812,Mua vật liệu ống thép,12484000000,1248400000,mua_vao,0,2777
0000021,2021-03-31,0100105503,0102264812,Mua thiết bị cơ điện,18358000000,1835800000,mua_vao,0,2778
0000011,2021-05-31,0104630172,0102264812,Mua thiết bị cơ điện,16899000000,1689900000,mua_vao,0,2779
0000033,2021-07-31,0101437981,0102264812,Mua thiết bị cơ điện,6403000000,0,mua_vao,0,2780
0000010,2021-08-31,0105327316,0102264812,DV gia công cơ khí,11441000000,1144100000,mua_vao,0,2781
0000040,2021-10-31,0102331787,0102264812,Mua thiết bị cơ điện,16325000000,1632500000,mua_vao,0,2782
0000006,2021-12-31,0106682049,0102264812,Mua vật liệu ống thép,17710000000,1771000000,mua_vao,0,2783
0000009,2021-12-31,0106300187,0102264812,Mua vật liệu ống thép,13916000000,1391600000,mua_vao,0,2784
0000011,2021-12-31,0105327316,0102264812,Mua bao bì linh kiện,9734000000,973400000,mua_vao,0,2785
0000007,2021-12-31,0106682049,0102264812,Mua thiết bị cơ điện,8846000000,884600000,mua_vao,0,2786
0000037,2021-12-31,0101225306,0102264812,Mua thiết bị điện CN,6906000000,690600000,mua_vao,0,2787
0000031,2021-12-31,0104141407,0102264812,Mua điện SX,5241000000,524100000,mua_vao,0,2788
0000031,2021-12-31,0103711478,0102264812,Mua điện SX,14821000000,1482100000,mua_vao,0,2789
0000010,2021-12-31,0106399994,0102264812,Mua điện SX,12906000000,1290600000,mua_vao,0,2790
0000031,2021-12-31,0101056111,0102264812,Mua thiết bị điện CN,10660000000,1066000000,mua_vao,0,2791
0000010,2021-12-31,0100902202,0102264812,Mua bao bì linh kiện,10669000000,1066900000,mua_vao,0,2792
0000036,2021-12-31,0100680623,0102264812,Mua thiết bị cơ điện,14214000000,1421400000,mua_vao,0,2793
0000011,2021-12-31,0106399994,0102264812,Mua thiết bị cơ điện,17076000000,1707600000,mua_vao,0,2794
0000014,2021-12-31,0105189320,0102264812,DV gia công cơ khí,15624000000,1562400000,mua_vao,0,2795
0000037,2021-12-31,0100680623,0102264812,Mua bao bì linh kiện,6155000000,0,mua_vao,0,2796
0000001,2021-05-01,0102264812,0100373485,Bán thiết bị CN,12096000000,1209600000,ban_ra,0,2797
0000002,2021-05-02,0102264812,0101435247,Bán hệ thống M&E,19106000000,1910600000,ban_ra,0,2798
0000003,2021-10-03,0102264812,0105294741,Bán thiết bị CN,10770000000,1077000000,ban_ra,0,2799
0000004,2021-10-04,0102264812,0106116043,DV lắp đặt thiết bị,12500000000,1250000000,ban_ra,0,2800
0000005,2021-10-05,0102264812,0102159423,Bán DV cơ điện CT,16166000000,1616600000,ban_ra,0,2801
0000006,2021-10-06,0102264812,0102264812,DV lắp đặt thiết bị,18269000000,1826900000,ban_ra,0,2802
0000007,2021-10-07,0102264812,0106116043,DV lắp đặt thiết bị,24341000000,2434100000,ban_ra,0,2803
0000008,2021-10-08,0102264812,0106300187,Bán DV cơ điện CT,24364000000,2436400000,ban_ra,0,2804
0000009,2021-10-09,0102264812,0103240765,DV lắp đặt thiết bị,6759000000,675900000,ban_ra,0,2805
0000010,2021-10-10,0102264812,0104976614,Bán hệ thống M&E,20711000000,2071100000,ban_ra,0,2806
0000011,2021-10-11,0102264812,0105189320,Bán hệ thống M&E,19435000000,1943500000,ban_ra,0,2807
0000012,2021-10-12,0102264812,0100680623,Bán thiết bị CN,22773000000,2277300000,ban_ra,0,2808
0000013,2021-01-15,0102264812,0106467242,Bán thiết bị CN,9730000000,973000000,ban_ra,0,2809
0000014,2021-02-15,0102264812,0105294741,Bán hệ thống M&E,10677000000,1067700000,ban_ra,0,2810
0000015,2021-03-20,0102264812,0101380936,Bán DV cơ điện CT,15299000000,1529900000,ban_ra,0,2811
0000016,2021-04-20,0102264812,0101454070,Bán DV cơ điện CT,23398000000,2339800000,ban_ra,0,2812
0000017,2021-05-20,0102264812,0104380966,Bán DV cơ điện CT,21001000000,2100100000,ban_ra,0,2813
0000018,2021-06-20,0102264812,0100113494,Bán thiết bị CN,24106000000,2410600000,ban_ra,0,2814
0000019,2021-07-20,0102264812,0104220419,Bán DV cơ điện CT,13637000000,1363700000,ban_ra,0,2815
0000020,2021-08-20,0102264812,0105492983,Bán thiết bị CN,17285000000,0,ban_ra,0,2816
0000021,2021-09-20,0102264812,0105853894,Bán DV cơ điện CT,13545000000,1354500000,ban_ra,0,2817
0000022,2021-10-20,0102264812,0104220419,DV lắp đặt thiết bị,9820000000,982000000,ban_ra,0,2818
0000023,2021-11-20,0102264812,0105294741,Bán DV cơ điện CT,17274000000,1727400000,ban_ra,0,2819
0000024,2021-12-20,0102264812,0101770848,Bán DV cơ điện CT,10027000000,1002700000,ban_ra,0,2820
0000025,2021-01-25,0102264812,0104380966,Bán DV cơ điện CT,11099000000,1109900000,ban_ra,0,2821
0000026,2021-02-28,0102264812,0103240765,Bán thiết bị CN,15436000000,1543600000,ban_ra,0,2822
0000027,2021-04-30,0102264812,0100373485,Bán thiết bị CN,25256000000,2525600000,ban_ra,0,2823
0000028,2021-06-30,0102264812,0104380966,Bán thiết bị CN,9305000000,930500000,ban_ra,0,2824
0000029,2021-09-30,0102264812,0105189320,Bán thiết bị CN,13914000000,1391400000,ban_ra,0,2825
0000030,2021-11-30,0102264812,0100105503,Bán hệ thống M&E,14485000000,1448500000,ban_ra,0,2826
0000031,2021-03-31,0102264812,0101601092,Bán thiết bị CN,25423000000,0,ban_ra,0,2827
0000032,2021-05-31,0102264812,0101435247,Bán hệ thống M&E,17231000000,1723100000,ban_ra,0,2828
0000033,2021-07-31,0102264812,0101452549,Bán DV cơ điện CT,22935000000,2293500000,ban_ra,0,2829
0000034,2021-08-31,0102264812,0101380936,DV lắp đặt thiết bị,23990000000,2399000000,ban_ra,0,2830
0000035,2021-10-31,0102264812,0102311149,Bán thiết bị CN,14565000000,0,ban_ra,0,2831
0000036,2021-12-31,0102264812,0104380966,DV lắp đặt thiết bị,22142000000,2214200000,ban_ra,0,2832
0000037,2021-12-31,0102264812,0102712091,Bán DV cơ điện CT,7800000000,780000000,ban_ra,0,2833
0000038,2021-12-31,0102264812,0102191498,DV lắp đặt thiết bị,16052000000,1605200000,ban_ra,0,2834
0000039,2021-12-31,0102264812,0106395904,Bán thiết bị CN,15612000000,1561200000,ban_ra,0,2835
0000040,2021-12-31,0102264812,0106112810,Bán thiết bị CN,24893000000,0,ban_ra,0,2836
0000041,2021-12-31,0102264812,0102311149,Bán hệ thống M&E,16540000000,1654000000,ban_ra,0,2837
0000042,2021-12-31,0102264812,0106682049,Bán hệ thống M&E,16794000000,1679400000,ban_ra,0,2838
0000043,2021-12-31,0102264812,0106399994,Bán thiết bị CN,23132000000,2313200000,ban_ra,0,2839
0000044,2021-12-31,0102264812,0103769372,Bán hệ thống M&E,8356000000,835600000,ban_ra,0,2840
0000045,2021-12-31,0102264812,0102191498,Bán thiết bị CN,20658000000,2065800000,ban_ra,0,2841
0000046,2021-12-31,0102264812,0100902202,Bán DV cơ điện CT,26414000000,2641400000,ban_ra,0,2842
0000047,2021-12-31,0102264812,0101770848,Bán DV cơ điện CT,21667000000,2166700000,ban_ra,0,2843
0000048,2021-12-31,0102264812,0106116043,Bán hệ thống M&E,17383000000,1738300000,ban_ra,0,2844
0000049,2021-12-31,0102264812,0102311149,Bán hệ thống M&E,16799000000,1679900000,ban_ra,0,2845
0000050,2021-12-31,0102264812,0101380936,DV lắp đặt thiết bị,12892000000,1289200000,ban_ra,0,2846
0000029,2021-05-01,0100101403,0102311149,Mua điện kho,33060000000,3306000000,mua_vao,0,2847
0000012,2021-05-02,0104380966,0102311149,Mua điện kho,80688000000,8068800000,mua_vao,0,2848
0000032,2021-10-03,0101601092,0102311149,DV vận chuyển dầu,51325000000,5132500000,mua_vao,0,2849
0000025,2021-10-04,0100101308,0102311149,Mua hóa chất phụ,65346000000,6534600000,mua_vao,0,2850
0000016,2021-10-05,0101377820,0102311149,DV kiểm định,64609000000,6460900000,mua_vao,0,2851
0000041,2021-10-06,0102191498,0102311149,Mua xăng dầu NL,51541000000,5154100000,mua_vao,0,2852
0000038,2021-10-07,0101225306,0102311149,Mua hóa chất phụ,49740000000,4974000000,mua_vao,0,2853
0000027,2021-10-08,0101435247,0102311149,Mua thiết bị bồn,33173000000,3317300000,mua_vao,0,2854
0000029,2021-10-09,0101454070,0102311149,Mua xăng dầu NL,37357000000,0,mua_vao,0,2855
0000012,2021-10-10,0105327316,0102311149,DV kiểm định,90708000000,9070800000,mua_vao,0,2856
0000009,2021-10-11,0106116043,0102311149,DV kiểm định,94695000000,9469500000,mua_vao,0,2857
0000039,2021-10-12,0101225306,0102311149,Mua xăng dầu NL,27711000000,2771100000,mua_vao,0,2858
0000038,2021-01-15,0102311149,0102311149,DV kiểm định,44913000000,4491300000,mua_vao,0,2859
0000005,2021-02-15,0105853894,0102311149,Mua điện kho,26937000000,2693700000,mua_vao,0,2860
0000015,2021-03-20,0105492983,0102311149,Mua thiết bị bồn,91262000000,9126200000,mua_vao,0,2861
0000033,2021-04-20,0102625829,0102311149,DV vận chuyển dầu,83657000000,8365700000,mua_vao,0,2862
0000040,2021-05-20,0102712091,0102311149,Mua thiết bị bồn,37660000000,3766000000,mua_vao,0,2863
0000013,2021-06-20,0105908818,0102311149,Mua xăng dầu NL,68142000000,6814200000,mua_vao,0,2864
0000037,2021-07-20,0100373485,0102311149,DV kiểm định,35308000000,3530800000,mua_vao,0,2865
0000032,2021-08-20,0103711478,0102311149,Mua điện kho,60788000000,6078800000,mua_vao,0,2866
0000040,2021-09-20,0101225306,0102311149,Mua thiết bị bồn,49058000000,4905800000,mua_vao,0,2867
0000028,2021-10-20,0101435247,0102311149,Mua hóa chất phụ,37061000000,3706100000,mua_vao,0,2868
0000013,2021-11-20,0104380966,0102311149,Mua thiết bị bồn,86182000000,0,mua_vao,0,2869
0000004,2021-12-20,0106395904,0102311149,DV kiểm định,63773000000,6377300000,mua_vao,0,2870
0000005,2021-01-25,0106395904,0102311149,DV vận chuyển dầu,94793000000,9479300000,mua_vao,0,2871
0000029,2021-02-28,0101639000,0102311149,Mua điện kho,76629000000,7662900000,mua_vao,0,2872
0000008,2021-04-30,0106682049,0102311149,DV vận chuyển dầu,84286000000,8428600000,mua_vao,0,2873
0000022,2021-06-30,0101598393,0102311149,DV kiểm định,72261000000,7226100000,mua_vao,0,2874
0000017,2021-09-30,0101377820,0102311149,Mua điện kho,68560000000,6856000000,mua_vao,0,2875
0000010,2021-11-30,0106116043,0102311149,DV kiểm định,91982000000,9198200000,mua_vao,0,2876
0000042,2021-03-31,0102191498,0102311149,Mua thiết bị bồn,38998000000,3899800000,mua_vao,0,2877
0000030,2021-05-31,0101770848,0102311149,Mua thiết bị bồn,57593000000,5759300000,mua_vao,0,2878
0000005,2021-07-31,0106467242,0102311149,Mua hóa chất phụ,84199000000,8419900000,mua_vao,0,2879
0000023,2021-08-31,0101598393,0102311149,DV vận chuyển dầu,44854000000,4485400000,mua_vao,0,2880
0000036,2021-10-31,0102159423,0102311149,Mua điện kho,73434000000,7343400000,mua_vao,0,2881
0000006,2021-12-31,0106395904,0102311149,DV vận chuyển dầu,72023000000,0,mua_vao,0,2882
0000044,2021-12-31,0102264812,0102311149,Mua thiết bị bồn,37757000000,3775700000,mua_vao,0,2883
0000014,2021-12-31,0105908818,0102311149,Mua thiết bị bồn,32201000000,3220100000,mua_vao,0,2884
0000008,2021-12-31,0106255939,0102311149,Mua xăng dầu NL,80133000000,8013300000,mua_vao,0,2885
0000024,2021-12-31,0101598393,0102311149,Mua thiết bị bồn,47053000000,4705300000,mua_vao,0,2886
0000006,2021-12-31,0106112810,0102311149,Mua điện kho,73471000000,7347100000,mua_vao,0,2887
0000030,2021-12-31,0101454070,0102311149,Mua thiết bị bồn,81987000000,8198700000,mua_vao,0,2888
0000012,2021-12-31,0104630172,0102311149,Mua xăng dầu NL,92938000000,9293800000,mua_vao,0,2889
0000025,2021-12-31,0101329672,0102311149,Mua điện kho,92896000000,9289600000,mua_vao,0,2890
0000013,2021-12-31,0104630172,0102311149,Mua thiết bị bồn,67772000000,0,mua_vao,0,2891
0000018,2021-12-31,0101377820,0102311149,Mua thiết bị bồn,53916000000,5391600000,mua_vao,0,2892
0000014,2021-12-31,0104380966,0102311149,DV vận chuyển dầu,78603000000,7860300000,mua_vao,0,2893
0000015,2021-12-31,0104380966,0102311149,Mua thiết bị bồn,61349000000,6134900000,mua_vao,0,2894
0000006,2021-12-31,0106187171,0102311149,DV vận chuyển dầu,65157000000,6515700000,mua_vao,0,2895
0000011,2021-12-31,0105294741,0102311149,Mua hóa chất phụ,79888000000,7988800000,mua_vao,0,2896
0000001,2021-05-01,0102311149,0106399994,DV cấp phát NL,42891000000,4289100000,ban_ra,0,2897
0000002,2021-05-02,0102311149,0104630172,Bán dầu diesel CN,57749000000,5774900000,ban_ra,0,2898
0000003,2021-10-03,0102311149,0105327316,Bán xăng dầu TP,85589000000,8558900000,ban_ra,0,2899
0000004,2021-10-04,0102311149,0106112810,Bán dầu diesel CN,102904000000,10290400000,ban_ra,0,2900
0000005,2021-10-05,0102311149,0101601092,Bán LPG,117433000000,11743300000,ban_ra,0,2901
0000006,2021-10-06,0102311149,0105908818,Bán xăng dầu TP,47047000000,4704700000,ban_ra,0,2902
0000007,2021-10-07,0102311149,0104380966,Bán dầu diesel CN,90288000000,0,ban_ra,0,2903
0000008,2021-10-08,0102311149,0100902202,Bán dầu diesel CN,118102000000,11810200000,ban_ra,0,2904
0000009,2021-10-09,0102311149,0102712091,Bán LPG,119388000000,11938800000,ban_ra,0,2905
0000010,2021-10-10,0102311149,0105294741,DV cấp phát NL,56132000000,5613200000,ban_ra,0,2906
0000011,2021-10-11,0102311149,0100105503,DV cấp phát NL,88584000000,8858400000,ban_ra,0,2907
0000012,2021-10-12,0102311149,0103769372,Bán xăng dầu TP,59911000000,5991100000,ban_ra,0,2908
0000013,2021-01-15,0102311149,0102191498,Bán LPG,99485000000,9948500000,ban_ra,0,2909
0000014,2021-02-15,0102311149,0102311149,Bán LPG,74175000000,7417500000,ban_ra,0,2910
0000015,2021-03-20,0102311149,0106187171,DV cấp phát NL,50695000000,5069500000,ban_ra,0,2911
0000016,2021-04-20,0102311149,0106187171,Bán xăng dầu TP,45907000000,4590700000,ban_ra,0,2912
0000017,2021-05-20,0102311149,0101437981,Bán xăng dầu TP,57279000000,5727900000,ban_ra,0,2913
0000018,2021-06-20,0102311149,0100113494,Bán dầu diesel CN,48285000000,4828500000,ban_ra,0,2914
0000019,2021-07-20,0102311149,0100105503,DV cấp phát NL,80122000000,8012200000,ban_ra,0,2915
0000020,2021-08-20,0102311149,0101380936,Bán LPG,122318000000,12231800000,ban_ra,0,2916
0000021,2021-09-20,0102311149,0106682049,DV cấp phát NL,58979000000,5897900000,ban_ra,0,2917
0000022,2021-10-20,0102311149,0100105503,Bán dầu diesel CN,52307000000,5230700000,ban_ra,0,2918
0000023,2021-11-20,0102311149,0106116043,Bán LPG,122716000000,12271600000,ban_ra,0,2919
0000024,2021-12-20,0102311149,0101056111,Bán dầu diesel CN,34860000000,3486000000,ban_ra,0,2920
0000025,2021-01-25,0102311149,0104380966,Bán xăng dầu TP,53824000000,5382400000,ban_ra,0,2921
0000026,2021-02-28,0102311149,0100113494,Bán LPG,127368000000,12736800000,ban_ra,0,2922
0000027,2021-04-30,0102311149,0101380936,Bán xăng dầu TP,65495000000,6549500000,ban_ra,0,2923
0000028,2021-06-30,0102311149,0100113494,Bán xăng dầu TP,125191000000,12519100000,ban_ra,0,2924
0000029,2021-09-30,0102311149,0106112810,Bán dầu diesel CN,118885000000,11888500000,ban_ra,0,2925
0000030,2021-11-30,0102311149,0106395904,DV cấp phát NL,112700000000,0,ban_ra,0,2926
0000031,2021-03-31,0102311149,0106116043,Bán xăng dầu TP,120283000000,12028300000,ban_ra,0,2927
0000032,2021-05-31,0102311149,0106300187,Bán dầu diesel CN,128927000000,12892700000,ban_ra,0,2928
0000033,2021-07-31,0102311149,0101770848,Bán dầu diesel CN,61434000000,6143400000,ban_ra,0,2929
0000034,2021-08-31,0102311149,0106467242,DV cấp phát NL,59270000000,5927000000,ban_ra,0,2930
0000035,2021-10-31,0102311149,0101435247,Bán LPG,78882000000,7888200000,ban_ra,0,2931
0000036,2021-12-31,0102311149,0100101403,DV cấp phát NL,44005000000,4400500000,ban_ra,0,2932
0000037,2021-12-31,0102311149,0104220419,DV cấp phát NL,130369000000,13036900000,ban_ra,0,2933
0000038,2021-12-31,0102311149,0106255939,Bán dầu diesel CN,62305000000,6230500000,ban_ra,0,2934
0000039,2021-12-31,0102311149,0105189320,DV cấp phát NL,129966000000,0,ban_ra,0,2935
0000040,2021-12-31,0102311149,0100101403,Bán xăng dầu TP,78356000000,7835600000,ban_ra,0,2936
0000041,2021-12-31,0102311149,0104220419,Bán dầu diesel CN,43653000000,4365300000,ban_ra,0,2937
0000042,2021-12-31,0102311149,0105908818,Bán dầu diesel CN,106513000000,10651300000,ban_ra,0,2938
0000043,2021-12-31,0102311149,0106682049,DV cấp phát NL,72088000000,7208800000,ban_ra,0,2939
0000044,2021-12-31,0102311149,0101601092,Bán dầu diesel CN,97313000000,9731300000,ban_ra,0,2940
0000045,2021-12-31,0102311149,0101770848,Bán LPG,115683000000,11568300000,ban_ra,0,2941
0000046,2021-12-31,0102311149,0106187171,DV cấp phát NL,72222000000,0,ban_ra,0,2942
0000047,2021-12-31,0102311149,0101452549,Bán xăng dầu TP,64695000000,6469500000,ban_ra,0,2943
0000048,2021-12-31,0102311149,0106682049,Bán LPG,63066000000,6306600000,ban_ra,0,2944
0000049,2021-12-31,0102311149,0100373485,DV cấp phát NL,115618000000,11561800000,ban_ra,0,2945
0000050,2021-12-31,0102311149,0100373485,DV cấp phát NL,126746000000,12674600000,ban_ra,0,2946
0000041,2021-05-01,0102712091,0102331787,Mua chỉ phụ liệu,5576000000,557600000,mua_vao,0,2947
0000033,2021-05-02,0103711478,0102331787,Mua bao bì,8203000000,0,mua_vao,0,2948
0000033,2021-10-03,0101601092,0102331787,Mua vải NL,5359000000,535900000,mua_vao,0,2949
0000025,2021-10-04,0101598393,0102331787,Mua hóa chất nhuộm,5639000000,563900000,mua_vao,0,2950
0000032,2021-10-05,0104141407,0102331787,DV gia công may,8615000000,0,mua_vao,0,2951
0000006,2021-10-06,0105853894,0102331787,Mua hóa chất nhuộm,7395000000,739500000,mua_vao,0,2952
0000014,2021-10-07,0104630172,0102331787,DV gia công may,4344000000,434400000,mua_vao,0,2953
0000045,2021-10-08,0103769372,0102331787,Mua chỉ phụ liệu,4029000000,402900000,mua_vao,0,2954
0000026,2021-10-09,0101598393,0102331787,Mua điện SX,6255000000,625500000,mua_vao,0,2955
0000009,2021-10-10,0106682049,0102331787,Mua hóa chất nhuộm,4119000000,411900000,mua_vao,0,2956
0000019,2021-10-11,0101377820,0102331787,Mua chỉ phụ liệu,3814000000,381400000,mua_vao,0,2957
0000009,2021-10-12,0106255939,0102331787,DV gia công may,3925000000,392500000,mua_vao,0,2958
0000031,2021-01-15,0101770848,0102331787,Mua hóa chất nhuộm,6065000000,606500000,mua_vao,0,2959
0000034,2021-02-15,0101380936,0102331787,Mua bao bì,8222000000,822200000,mua_vao,0,2960
0000010,2021-03-20,0106682049,0102331787,Mua bao bì,6535000000,653500000,mua_vao,0,2961
0000042,2021-04-20,0102712091,0102331787,Mua bao bì,8293000000,829300000,mua_vao,0,2962
0000043,2021-05-20,0102712091,0102331787,Mua chỉ phụ liệu,3751000000,375100000,mua_vao,0,2963
0000030,2021-06-20,0101639000,0102331787,Mua điện SX,6031000000,603100000,mua_vao,0,2964
0000046,2021-07-20,0103769372,0102331787,Mua hóa chất nhuộm,3445000000,344500000,mua_vao,0,2965
0000047,2021-08-20,0103769372,0102331787,DV gia công may,7834000000,783400000,mua_vao,0,2966
0000015,2021-09-20,0105189320,0102331787,Mua bao bì,6805000000,680500000,mua_vao,0,2967
0000010,2021-10-20,0106300187,0102331787,Mua vải NL,8726000000,872600000,mua_vao,0,2968
0000020,2021-11-20,0101452549,0102331787,Mua bao bì,8516000000,851600000,mua_vao,0,2969
0000020,2021-12-20,0101377820,0102331787,Mua vải NL,3054000000,305400000,mua_vao,0,2970
0000011,2021-01-25,0106682049,0102331787,DV gia công may,8285000000,828500000,mua_vao,0,2971
0000016,2021-02-28,0105492983,0102331787,DV gia công may,8247000000,824700000,mua_vao,0,2972
0000032,2021-04-30,0101056111,0102331787,Mua hóa chất nhuộm,8982000000,898200000,mua_vao,0,2973
0000005,2021-06-30,0104220419,0102331787,Mua bao bì,2611000000,261100000,mua_vao,0,2974
0000012,2021-09-30,0106682049,0102331787,Mua chỉ phụ liệu,8241000000,824100000,mua_vao,0,2975
0000027,2021-11-30,0104976614,0102331787,Mua bao bì,4529000000,452900000,mua_vao,0,2976
0000028,2021-03-31,0104976614,0102331787,Mua vải NL,9135000000,913500000,mua_vao,0,2977
0000017,2021-05-31,0105492983,0102331787,DV gia công may,6292000000,0,mua_vao,0,2978
0000007,2021-07-31,0106112810,0102331787,Mua điện SX,4332000000,433200000,mua_vao,0,2979
0000034,2021-08-31,0101601092,0102331787,Mua bao bì,6391000000,639100000,mua_vao,0,2980
0000011,2021-10-31,0106300187,0102331787,Mua vải NL,9002000000,900200000,mua_vao,0,2981
0000038,2021-12-31,0100373485,0102331787,DV gia công may,8757000000,875700000,mua_vao,0,2982
0000016,2021-12-31,0104380966,0102331787,Mua vải NL,9899000000,989900000,mua_vao,0,2983
0000034,2021-12-31,0101437981,0102331787,Mua hóa chất nhuộm,7857000000,785700000,mua_vao,0,2984
0000031,2021-12-31,0101454070,0102331787,Mua điện SX,6527000000,652700000,mua_vao,0,2985
0000016,2021-12-31,0105189320,0102331787,Mua hóa chất nhuộm,7350000000,735000000,mua_vao,0,2986
0000015,2021-12-31,0104630172,0102331787,DV gia công may,5331000000,533100000,mua_vao,0,2987
0000022,2021-12-31,0103240765,0102331787,DV gia công may,9698000000,969800000,mua_vao,0,2988
0000021,2021-12-31,0101377820,0102331787,Mua vải NL,2512000000,251200000,mua_vao,0,2989
0000039,2021-12-31,0100373485,0102331787,Mua bao bì,7107000000,710700000,mua_vao,0,2990
0000019,2021-12-31,0100113494,0102331787,DV gia công may,8381000000,838100000,mua_vao,0,2991
0000041,2021-12-31,0102331787,0102331787,DV gia công may,3783000000,0,mua_vao,0,2992
0000040,2021-12-31,0100373485,0102331787,DV gia công may,6924000000,692400000,mua_vao,0,2993
0000031,2021-12-31,0101639000,0102331787,Mua điện SX,6327000000,632700000,mua_vao,0,2994
0000007,2021-12-31,0106395904,0102331787,DV gia công may,4837000000,483700000,mua_vao,0,2995
0000010,2021-12-31,0106255939,0102331787,Mua vải NL,4669000000,466900000,mua_vao,0,2996
0000001,2021-05-01,0102331787,0106112810,Bán đồng phục ĐH,6388000000,638800000,ban_ra,0,2997
0000002,2021-05-02,0102331787,0100373485,Bán vải dệt,11394000000,1139400000,ban_ra,0,2998
0000003,2021-10-03,0102331787,0106187171,Bán SP may mặc TP,6234000000,0,ban_ra,0,2999
0000004,2021-10-04,0102331787,0104630172,Bán HH may XK,6071000000,0,ban_ra,0,3000
0000005,2021-10-05,0102331787,0104141407,Bán đồng phục ĐH,4154000000,415400000,ban_ra,0,3001
0000006,2021-10-06,0102331787,0104220419,Bán vải dệt,5172000000,0,ban_ra,0,3002
0000008,2021-10-08,0102331787,0104976614,Bán SP may mặc TP,5339000000,533900000,ban_ra,0,3003
0000009,2021-10-09,0102331787,0106395904,Bán HH may XK,9491000000,949100000,ban_ra,0,3004
0000010,2021-10-10,0102331787,0102191498,Bán đồng phục ĐH,3992000000,399200000,ban_ra,0,3005
0000011,2021-10-11,0102331787,0101225306,Bán vải dệt,12544000000,0,ban_ra,0,3006
0000012,2021-10-12,0102331787,0103769372,Bán vải dệt,7414000000,741400000,ban_ra,0,3007
0000013,2021-01-15,0102331787,0105294741,Bán HH may XK,12513000000,1251300000,ban_ra,0,3008
0000014,2021-02-15,0102331787,0100101308,Bán HH may XK,10014000000,1001400000,ban_ra,0,3009
0000015,2021-03-20,0102331787,0106112810,Bán vải dệt,9068000000,906800000,ban_ra,0,3010
0000016,2021-04-20,0102331787,0106187171,Bán SP may mặc TP,11980000000,1198000000,ban_ra,0,3011
0000017,2021-05-20,0102331787,0100902202,Bán đồng phục ĐH,5410000000,541000000,ban_ra,0,3012
0000018,2021-06-20,0102331787,0106255939,Bán vải dệt,8918000000,891800000,ban_ra,0,3013
0000019,2021-07-20,0102331787,0106300187,Bán SP may mặc TP,5814000000,581400000,ban_ra,0,3014
0000020,2021-08-20,0102331787,0102159423,Bán đồng phục ĐH,12521000000,1252100000,ban_ra,0,3015
0000021,2021-09-20,0102331787,0106395904,Bán vải dệt,13359000000,1335900000,ban_ra,0,3016
0000022,2021-10-20,0102331787,0101377820,Bán đồng phục ĐH,12029000000,1202900000,ban_ra,0,3017
0000023,2021-11-20,0102331787,0101639000,Bán SP may mặc TP,6067000000,606700000,ban_ra,0,3018
0000024,2021-12-20,0102331787,0102331787,Bán vải dệt,10378000000,1037800000,ban_ra,0,3019
0000025,2021-01-25,0102331787,0101225306,Bán đồng phục ĐH,12008000000,1200800000,ban_ra,0,3020
0000026,2021-02-28,0102331787,0104630172,Bán vải dệt,10034000000,1003400000,ban_ra,0,3021
0000027,2021-04-30,0102331787,0106187171,Bán HH may XK,3412000000,341200000,ban_ra,0,3022
0000028,2021-06-30,0102331787,0105327316,Bán SP may mặc TP,11993000000,1199300000,ban_ra,0,3023
0000029,2021-09-30,0102331787,0105908818,Bán HH may XK,7813000000,781300000,ban_ra,0,3024
0000030,2021-11-30,0102331787,0101452549,Bán vải dệt,4351000000,435100000,ban_ra,0,3025
0000031,2021-03-31,0102331787,0100101403,Bán SP may mặc TP,10567000000,1056700000,ban_ra,0,3026
0000032,2021-05-31,0102331787,0100373485,Bán HH may XK,13426000000,1342600000,ban_ra,0,3027
0000033,2021-07-31,0102331787,0103769372,Bán HH may XK,6350000000,635000000,ban_ra,0,3028
0000034,2021-08-31,0102331787,0101380936,Bán vải dệt,10790000000,1079000000,ban_ra,0,3029
0000035,2021-10-31,0102331787,0100680623,Bán đồng phục ĐH,3811000000,381100000,ban_ra,0,3030
0000036,2021-12-31,0102331787,0100105503,Bán HH may XK,5579000000,0,ban_ra,0,3031
0000037,2021-12-31,0102331787,0105908818,Bán vải dệt,6524000000,652400000,ban_ra,0,3032
0000038,2021-12-31,0102331787,0105327316,Bán SP may mặc TP,9833000000,983300000,ban_ra,0,3033
0000039,2021-12-31,0102331787,0101225306,Bán đồng phục ĐH,7123000000,712300000,ban_ra,0,3034
0000040,2021-12-31,0102331787,0101437981,Bán SP may mặc TP,9206000000,920600000,ban_ra,0,3035
0000041,2021-12-31,0102331787,0100113494,Bán đồng phục ĐH,7970000000,797000000,ban_ra,0,3036
0000042,2021-12-31,0102331787,0100105503,Bán đồng phục ĐH,3933000000,0,ban_ra,0,3037
0000043,2021-12-31,0102331787,0101601092,Bán HH may XK,12283000000,1228300000,ban_ra,0,3038
0000044,2021-12-31,0102331787,0103769372,Bán vải dệt,11989000000,1198900000,ban_ra,0,3039
0000045,2021-12-31,0102331787,0101329672,Bán vải dệt,8146000000,0,ban_ra,0,3040
0000046,2021-12-31,0102331787,0101601092,Bán HH may XK,8561000000,856100000,ban_ra,0,3041
0000047,2021-12-31,0102331787,0103240765,Bán HH may XK,3763000000,376300000,ban_ra,0,3042
0000048,2021-12-31,0102331787,0105327316,Bán SP may mặc TP,10336000000,1033600000,ban_ra,0,3043
0000049,2021-12-31,0102331787,0101770848,Bán vải dệt,4084000000,408400000,ban_ra,0,3044
0000050,2021-12-31,0102331787,0105853894,Bán HH may XK,7757000000,0,ban_ra,0,3045
0000021,2021-05-01,0101452549,0102625829,Mua bao bì,15975000000,1597500000,mua_vao,0,3046
0000033,2021-05-02,0101056111,0102625829,DV vận chuyển,20932000000,2093200000,mua_vao,0,3047
0000030,2021-10-03,0100101403,0102625829,Mua hóa chất phụ gia,18046000000,1804600000,mua_vao,0,3048
0000016,2021-10-04,0104630172,0102625829,Mua hạt nhựa NL,19991000000,1999100000,mua_vao,0,3049
0000048,2021-10-05,0103769372,0102625829,Mua hóa chất phụ gia,18328000000,1832800000,mua_vao,0,3050
0000007,2021-10-06,0106187171,0102625829,Mua điện SX,22944000000,2294400000,mua_vao,0,3051
0000045,2021-10-07,0102264812,0102625829,DV bảo trì máy ép,30261000000,3026100000,mua_vao,0,3052
0000049,2021-10-08,0103769372,0102625829,DV vận chuyển,30953000000,3095300000,mua_vao,0,3053
0000035,2021-10-09,0101601092,0102625829,Mua điện SX,18027000000,1802700000,mua_vao,0,3054
0000034,2021-10-10,0103711478,0102625829,DV vận chuyển,29372000000,2937200000,mua_vao,0,3055
0000027,2021-10-11,0101598393,0102625829,Mua điện SX,17606000000,1760600000,mua_vao,0,3056
0000022,2021-10-12,0100105503,0102625829,Mua hạt nhựa NL,18761000000,1876100000,mua_vao,0,3057
0000028,2021-01-15,0101598393,0102625829,Mua hóa chất phụ gia,30029000000,3002900000,mua_vao,0,3058
0000012,2021-02-15,0105294741,0102625829,DV bảo trì máy ép,15778000000,1577800000,mua_vao,0,3059
0000032,2021-03-20,0101454070,0102625829,DV bảo trì máy ép,22249000000,2224900000,mua_vao,0,3060
0000043,2021-04-20,0102191498,0102625829,DV bảo trì máy ép,10731000000,1073100000,mua_vao,0,3061
0000042,2021-05-20,0102331787,0102625829,Mua hóa chất phụ gia,12514000000,1251400000,mua_vao,0,3062
0000006,2021-06-20,0106467242,0102625829,Mua hạt nhựa NL,20889000000,2088900000,mua_vao,0,3063
0000007,2021-07-20,0106467242,0102625829,Mua hóa chất phụ gia,31471000000,3147100000,mua_vao,0,3064
0000026,2021-08-20,0100101308,0102625829,DV bảo trì máy ép,17553000000,1755300000,mua_vao,0,3065
0000012,2021-09-20,0106300187,0102625829,Mua điện SX,18576000000,1857600000,mua_vao,0,3066
0000037,2021-10-20,0102159423,0102625829,Mua điện SX,13973000000,1397300000,mua_vao,0,3067
0000006,2021-11-20,0104220419,0102625829,Mua hạt nhựa NL,31503000000,3150300000,mua_vao,0,3068
0000043,2021-12-20,0102331787,0102625829,Mua hóa chất phụ gia,15270000000,1527000000,mua_vao,0,3069
0000035,2021-01-25,0101437981,0102625829,Mua điện SX,30638000000,3063800000,mua_vao,0,3070
0000013,2021-02-28,0106682049,0102625829,Mua điện SX,29902000000,2990200000,mua_vao,0,3071
0000023,2021-04-30,0100105503,0102625829,DV vận chuyển,13988000000,1398800000,mua_vao,0,3072
0000024,2021-06-30,0100105503,0102625829,DV bảo trì máy ép,18509000000,1850900000,mua_vao,0,3073
0000034,2021-09-30,0101056111,0102625829,Mua hạt nhựa NL,22181000000,2218100000,mua_vao,0,3074
0000033,2021-11-30,0104141407,0102625829,Mua bao bì,16711000000,1671100000,mua_vao,0,3075
0000035,2021-03-31,0101056111,0102625829,DV bảo trì máy ép,18651000000,1865100000,mua_vao,0,3076
0000041,2021-05-31,0101225306,0102625829,DV vận chuyển,9191000000,919100000,mua_vao,0,3077
0000022,2021-07-31,0101452549,0102625829,Mua điện SX,28341000000,2834100000,mua_vao,0,3078
0000013,2021-08-31,0105327316,0102625829,Mua bao bì,16221000000,1622100000,mua_vao,0,3079
0000038,2021-10-31,0100680623,0102625829,Mua hóa chất phụ gia,28541000000,2854100000,mua_vao,0,3080
0000039,2021-12-31,0102311149,0102625829,Mua hạt nhựa NL,31315000000,3131500000,mua_vao,0,3081
0000008,2021-12-31,0106395904,0102625829,Mua hạt nhựa NL,19076000000,1907600000,mua_vao,0,3082
0000008,2021-12-31,0106112810,0102625829,DV bảo trì máy ép,9278000000,927800000,mua_vao,0,3083
0000029,2021-12-31,0101598393,0102625829,DV bảo trì máy ép,28103000000,2810300000,mua_vao,0,3084
0000014,2021-12-31,0106682049,0102625829,Mua điện SX,31703000000,3170300000,mua_vao,0,3085
0000038,2021-12-31,0102159423,0102625829,Mua bao bì,17795000000,1779500000,mua_vao,0,3086
0000017,2021-12-31,0104630172,0102625829,Mua bao bì,9904000000,990400000,mua_vao,0,3087
0000020,2021-12-31,0100113494,0102625829,Mua điện SX,13600000000,0,mua_vao,0,3088
0000036,2021-12-31,0101056111,0102625829,DV vận chuyển,11515000000,1151500000,mua_vao,0,3089
0000050,2021-12-31,0103769372,0102625829,DV bảo trì máy ép,23796000000,2379600000,mua_vao,0,3090
0000013,2021-12-31,0105294741,0102625829,Mua hạt nhựa NL,19907000000,1990700000,mua_vao,0,3091
0000011,2021-12-31,0106255939,0102625829,DV bảo trì máy ép,10557000000,1055700000,mua_vao,0,3092
0000018,2021-12-31,0105492983,0102625829,DV bảo trì máy ép,25124000000,2512400000,mua_vao,0,3093
0000036,2021-12-31,0101437981,0102625829,Mua hóa chất phụ gia,29631000000,2963100000,mua_vao,0,3094
0000044,2021-12-31,0102191498,0102625829,Mua hạt nhựa NL,18916000000,1891600000,mua_vao,0,3095
0000001,2021-05-01,0102625829,0105492983,Bán SP nhựa TP,31207000000,3120700000,ban_ra,0,3096
0000002,2021-05-02,0102625829,0101437981,Xuất khẩu SP nhựa,19288000000,1928800000,ban_ra,0,3097
0000003,2021-10-03,0102625829,0106112810,Xuất khẩu SP nhựa,42258000000,4225800000,ban_ra,0,3098
0000004,2021-10-04,0102625829,0104220419,Bán SP nhựa TP,34481000000,3448100000,ban_ra,0,3099
0000005,2021-10-05,0102625829,0106682049,Bán hạt nhựa tái chế,15471000000,1547100000,ban_ra,0,3100
0000006,2021-10-06,0102625829,0106399994,Xuất khẩu SP nhựa,12843000000,1284300000,ban_ra,0,3101
0000007,2021-10-07,0102625829,0101329672,Bán hạt nhựa tái chế,15096000000,0,ban_ra,0,3102
0000008,2021-10-08,0102625829,0105492983,Bán hạt nhựa tái chế,22165000000,2216500000,ban_ra,0,3103
0000009,2021-10-09,0102625829,0106112810,Bán hạt nhựa tái chế,30323000000,3032300000,ban_ra,0,3104
0000010,2021-10-10,0102625829,0101056111,Bán SP nhựa TP,15675000000,1567500000,ban_ra,0,3105
0000011,2021-10-11,0102625829,0106255939,Bán bao bì nhựa CN,31048000000,3104800000,ban_ra,0,3106
0000012,2021-10-12,0102625829,0103769372,Xuất khẩu SP nhựa,43008000000,4300800000,ban_ra,0,3107
0000013,2021-01-15,0102625829,0105327316,Xuất khẩu SP nhựa,34493000000,3449300000,ban_ra,0,3108
0000014,2021-02-15,0102625829,0101452549,Bán hạt nhựa tái chế,29992000000,2999200000,ban_ra,0,3109
0000015,2021-03-20,0102625829,0100373485,Xuất khẩu SP nhựa,28741000000,2874100000,ban_ra,0,3110
0000016,2021-04-20,0102625829,0102331787,Bán SP nhựa TP,15376000000,1537600000,ban_ra,0,3111
0000017,2021-05-20,0102625829,0101639000,Bán bao bì nhựa CN,33800000000,3380000000,ban_ra,0,3112
0000018,2021-06-20,0102625829,0101437981,Bán SP nhựa TP,33941000000,3394100000,ban_ra,0,3113
0000019,2021-07-20,0102625829,0103240765,Xuất khẩu SP nhựa,33980000000,3398000000,ban_ra,0,3114
0000021,2021-09-20,0102625829,0101056111,Xuất khẩu SP nhựa,35302000000,3530200000,ban_ra,0,3115
0000022,2021-10-20,0102625829,0101380936,Bán bao bì nhựa CN,41005000000,4100500000,ban_ra,0,3116
0000023,2021-11-20,0102625829,0105189320,Bán bao bì nhựa CN,39513000000,3951300000,ban_ra,0,3117
0000024,2021-12-20,0102625829,0106116043,Bán hạt nhựa tái chế,36514000000,3651400000,ban_ra,0,3118
0000025,2021-01-25,0102625829,0101452549,Xuất khẩu SP nhựa,18893000000,1889300000,ban_ra,0,3119
0000026,2021-02-28,0102625829,0101225306,Bán hạt nhựa tái chế,38783000000,3878300000,ban_ra,0,3120
0000027,2021-04-30,0102625829,0105853894,Bán bao bì nhựa CN,29072000000,2907200000,ban_ra,0,3121
0000028,2021-06-30,0102625829,0104380966,Bán bao bì nhựa CN,41835000000,4183500000,ban_ra,0,3122
0000029,2021-09-30,0102625829,0106187171,Xuất khẩu SP nhựa,33385000000,0,ban_ra,0,3123
0000030,2021-11-30,0102625829,0100373485,Bán bao bì nhựa CN,27504000000,2750400000,ban_ra,0,3124
0000031,2021-03-31,0102625829,0101437981,Xuất khẩu SP nhựa,40134000000,0,ban_ra,0,3125
0000032,2021-05-31,0102625829,0100105503,Bán SP nhựa TP,19968000000,1996800000,ban_ra,0,3126
0000033,2021-07-31,0102625829,0102264812,Bán hạt nhựa tái chế,25153000000,2515300000,ban_ra,0,3127
0000034,2021-08-31,0102625829,0101329672,Bán hạt nhựa tái chế,16199000000,1619900000,ban_ra,0,3128
0000035,2021-10-31,0102625829,0101639000,Bán SP nhựa TP,33114000000,3311400000,ban_ra,0,3129
0000036,2021-12-31,0102625829,0101601092,Xuất khẩu SP nhựa,19471000000,1947100000,ban_ra,0,3130
0000037,2021-12-31,0102625829,0106112810,Bán hạt nhựa tái chế,19357000000,0,ban_ra,0,3131
0000038,2021-12-31,0102625829,0106300187,Xuất khẩu SP nhựa,32521000000,3252100000,ban_ra,0,3132
0000039,2021-12-31,0102625829,0100113494,Bán hạt nhựa tái chế,27994000000,0,ban_ra,0,3133
0000040,2021-12-31,0102625829,0101056111,Bán SP nhựa TP,26583000000,2658300000,ban_ra,0,3134
0000041,2021-12-31,0102625829,0102625829,Bán bao bì nhựa CN,28383000000,2838300000,ban_ra,0,3135
0000042,2021-12-31,0102625829,0101225306,Bán bao bì nhựa CN,21696000000,2169600000,ban_ra,0,3136
0000043,2021-12-31,0102625829,0102331787,Xuất khẩu SP nhựa,33238000000,3323800000,ban_ra,0,3137
0000044,2021-12-31,0102625829,0100105503,Bán hạt nhựa tái chế,20372000000,2037200000,ban_ra,0,3138
0000045,2021-12-31,0102625829,0100373485,Bán SP nhựa TP,18932000000,0,ban_ra,0,3139
0000046,2021-12-31,0102625829,0101601092,Bán hạt nhựa tái chế,35044000000,3504400000,ban_ra,0,3140
0000047,2021-12-31,0102625829,0106467242,Xuất khẩu SP nhựa,16726000000,0,ban_ra,0,3141
0000048,2021-12-31,0102625829,0106399994,Bán SP nhựa TP,21003000000,2100300000,ban_ra,0,3142
0000049,2021-12-31,0102625829,0101380936,Bán SP nhựa TP,29944000000,2994400000,ban_ra,0,3143
0000050,2021-12-31,0102625829,0101601092,Bán bao bì nhựa CN,18639000000,0,ban_ra,0,3144
0000015,2021-05-01,0106682049,0102712091,DV thiết kế tư vấn,8048000000,804800000,mua_vao,0,3145
0000037,2021-10-03,0101437981,0102712091,DV vận chuyển VL,23885000000,2388500000,mua_vao,0,3146
0000044,2021-10-04,0102331787,0102712091,Mua xi măng thép,14324000000,1432400000,mua_vao,0,3147
0000039,2021-10-05,0102159423,0102712091,DV thiết kế tư vấn,7395000000,739500000,mua_vao,0,3148
0000034,2021-10-06,0102625829,0102712091,Mua điện nước CT,24364000000,2436400000,mua_vao,0,3149
0000036,2021-10-08,0101601092,0102712091,Mua sơn hoàn thiện,22807000000,2280700000,mua_vao,0,3150
0000011,2021-10-09,0106116043,0102712091,DV vận chuyển VL,24045000000,2404500000,mua_vao,0,3151
0000029,2021-10-10,0101435247,0102712091,Mua gạch đá cát,7370000000,737000000,mua_vao,0,3152
0000031,2021-10-11,0100101403,0102712091,Mua điện nước CT,9600000000,960000000,mua_vao,0,3153
0000012,2021-10-12,0106255939,0102712091,Thuê máy thi công,7036000000,703600000,mua_vao,0,3154
0000040,2021-01-15,0102311149,0102712091,Mua xi măng thép,20960000000,2096000000,mua_vao,0,3155
0000027,2021-02-15,0100101308,0102712091,Mua xi măng thép,10526000000,1052600000,mua_vao,0,3156
0000032,2021-03-20,0101770848,0102712091,Thuê máy thi công,24497000000,2449700000,mua_vao,0,3157
0000037,2021-04-20,0101056111,0102712091,Mua gạch đá cát,11085000000,1108500000,mua_vao,0,3158
0000014,2021-05-20,0105327316,0102712091,Mua gạch đá cát,9678000000,967800000,mua_vao,0,3159
0000009,2021-06-20,0106395904,0102712091,DV thiết kế tư vấn,9194000000,919400000,mua_vao,0,3160
0000018,2021-07-20,0104630172,0102712091,Thuê máy thi công,19298000000,1929800000,mua_vao,0,3161
0000040,2021-08-20,0102159423,0102712091,Mua xi măng thép,15626000000,1562600000,mua_vao,0,3162
0000016,2021-09-20,0106682049,0102712091,Mua sơn hoàn thiện,24831000000,2483100000,mua_vao,0,3163
0000038,2021-10-20,0101056111,0102712091,Mua sơn hoàn thiện,16580000000,1658000000,mua_vao,0,3164
0000008,2021-11-20,0106467242,0102712091,Mua xi măng thép,13812000000,1381200000,mua_vao,0,3165
0000015,2021-12-20,0105908818,0102712091,DV thiết kế tư vấn,24453000000,2445300000,mua_vao,0,3166
0000038,2021-01-25,0101437981,0102712091,Mua gạch đá cát,7915000000,791500000,mua_vao,0,3167
0000035,2021-02-28,0102625829,0102712091,Mua xi măng thép,25168000000,2516800000,mua_vao,0,3168
0000041,2021-04-30,0100373485,0102712091,DV vận chuyển VL,22173000000,2217300000,mua_vao,0,3169
0000032,2021-06-30,0101639000,0102712091,Mua gạch đá cát,20514000000,0,mua_vao,0,3170
0000046,2021-09-30,0102264812,0102712091,DV vận chuyển VL,6379000000,637900000,mua_vao,0,3171
0000028,2021-11-30,0100101308,0102712091,Mua xi măng thép,6411000000,641100000,mua_vao,0,3172
0000017,2021-03-31,0104380966,0102712091,Thuê máy thi công,12076000000,1207600000,mua_vao,0,3173
0000040,2021-05-31,0100680623,0102712091,DV vận chuyển VL,10369000000,0,mua_vao,0,3174
0000011,2021-07-31,0100902202,0102712091,DV vận chuyển VL,9525000000,952500000,mua_vao,0,3175
0000041,2021-08-31,0102159423,0102712091,Mua điện nước CT,24473000000,2447300000,mua_vao,0,3176
0000039,2021-10-31,0101056111,0102712091,Mua xi măng thép,13961000000,1396100000,mua_vao,0,3177
0000017,2021-12-31,0105189320,0102712091,Mua điện nước CT,13738000000,1373800000,mua_vao,0,3178
0000051,2021-12-31,0103769372,0102712091,Mua điện nước CT,18118000000,1811800000,mua_vao,0,3179
0000010,2021-12-31,0106395904,0102712091,Mua xi măng thép,13307000000,1330700000,mua_vao,0,3180
0000017,2021-12-31,0106682049,0102712091,DV vận chuyển VL,23825000000,2382500000,mua_vao,0,3181
0000013,2021-12-31,0106300187,0102712091,Mua xi măng thép,23751000000,2375100000,mua_vao,0,3182
0000013,2021-12-31,0106255939,0102712091,Mua điện nước CT,11657000000,1165700000,mua_vao,0,3183
0000034,2021-12-31,0104141407,0102712091,Thuê máy thi công,14969000000,1496900000,mua_vao,0,3184
0000034,2021-12-31,0101454070,0102712091,Mua gạch đá cát,25271000000,2527100000,mua_vao,0,3185
0000025,2021-12-31,0100105503,0102712091,Mua xi măng thép,20271000000,2027100000,mua_vao,0,3186
0000012,2021-12-31,0100902202,0102712091,DV thiết kế tư vấn,13941000000,1394100000,mua_vao,0,3187
0000026,2021-12-31,0100105503,0102712091,Mua điện nước CT,19936000000,1993600000,mua_vao,0,3188
0000047,2021-12-31,0102264812,0102712091,DV thiết kế tư vấn,6921000000,692100000,mua_vao,0,3189
0000035,2021-12-31,0101380936,0102712091,DV thiết kế tư vấn,18454000000,1845400000,mua_vao,0,3190
0000007,2021-12-31,0104220419,0102712091,Mua điện nước CT,16439000000,1643900000,mua_vao,0,3191
0000023,2021-12-31,0101452549,0102712091,DV thiết kế tư vấn,24919000000,2491900000,mua_vao,0,3192
0000001,2021-05-01,0102712091,0100101403,Bán công trình HT,16982000000,1698200000,ban_ra,0,3193
0000003,2021-10-03,0102712091,0106467242,Bán VL xây dựng,20516000000,2051600000,ban_ra,0,3194
0000004,2021-10-04,0102712091,0100373485,Bán công trình HT,20577000000,2057700000,ban_ra,0,3195
0000005,2021-10-05,0102712091,0102712091,Bán VL xây dựng,33884000000,3388400000,ban_ra,0,3196
0000006,2021-10-06,0102712091,0106187171,Bán công trình HT,24244000000,2424400000,ban_ra,0,3197
0000007,2021-10-07,0102712091,0104630172,Bán VL xây dựng,13116000000,1311600000,ban_ra,0,3198
0000008,2021-10-08,0102712091,0101377820,Bán công trình HT,10817000000,0,ban_ra,0,3199
0000009,2021-10-09,0102712091,0102331787,Bán công trình HT,9000000000,900000000,ban_ra,0,3200
0000010,2021-10-10,0102712091,0106467242,Bán DV thi công XD,11664000000,1166400000,ban_ra,0,3201
0000011,2021-10-11,0102712091,0104141407,Bán DV thi công XD,28112000000,2811200000,ban_ra,0,3202
0000012,2021-10-12,0102712091,0102625829,Bán công trình HT,20018000000,2001800000,ban_ra,0,3203
0000013,2021-01-15,0102712091,0101225306,Bán DV thi công XD,33320000000,3332000000,ban_ra,0,3204
0000014,2021-02-15,0102712091,0101770848,DV SC cải tạo,8764000000,876400000,ban_ra,0,3205
0000015,2021-03-20,0102712091,0105853894,Bán DV thi công XD,11006000000,1100600000,ban_ra,0,3206
0000016,2021-04-20,0102712091,0104141407,Bán VL xây dựng,29821000000,2982100000,ban_ra,0,3207
0000017,2021-05-20,0102712091,0103240765,Bán công trình HT,26169000000,2616900000,ban_ra,0,3208
0000018,2021-06-20,0102712091,0101452549,Bán VL xây dựng,33718000000,3371800000,ban_ra,0,3209
0000019,2021-07-20,0102712091,0102331787,DV SC cải tạo,9368000000,936800000,ban_ra,0,3210
0000020,2021-08-20,0102712091,0102625829,DV SC cải tạo,23670000000,2367000000,ban_ra,0,3211
0000022,2021-10-20,0102712091,0106682049,Bán DV thi công XD,25251000000,2525100000,ban_ra,0,3212
0000023,2021-11-20,0102712091,0105189320,DV SC cải tạo,23548000000,2354800000,ban_ra,0,3213
0000024,2021-12-20,0102712091,0100113494,Bán DV thi công XD,19846000000,0,ban_ra,0,3214
0000025,2021-01-25,0102712091,0106187171,Bán VL xây dựng,31352000000,3135200000,ban_ra,0,3215
0000026,2021-02-28,0102712091,0102712091,Bán VL xây dựng,33606000000,3360600000,ban_ra,0,3216
0000027,2021-04-30,0102712091,0106116043,Bán VL xây dựng,19824000000,0,ban_ra,0,3217
0000028,2021-06-30,0102712091,0101056111,Bán công trình HT,23405000000,2340500000,ban_ra,0,3218
0000029,2021-09-30,0102712091,0102625829,DV SC cải tạo,34600000000,3460000000,ban_ra,0,3219
0000030,2021-11-30,0102712091,0106682049,Bán VL xây dựng,18215000000,1821500000,ban_ra,0,3220
0000031,2021-03-31,0102712091,0104380966,DV SC cải tạo,33661000000,3366100000,ban_ra,0,3221
0000032,2021-05-31,0102712091,0101454070,Bán DV thi công XD,23675000000,2367500000,ban_ra,0,3222
0000033,2021-07-31,0102712091,0100373485,Bán VL xây dựng,32706000000,3270600000,ban_ra,0,3223
0000034,2021-08-31,0102712091,0101639000,Bán công trình HT,25165000000,2516500000,ban_ra,0,3224
0000035,2021-10-31,0102712091,0104220419,Bán DV thi công XD,19331000000,1933100000,ban_ra,0,3225
0000036,2021-12-31,0102712091,0100680623,DV SC cải tạo,24084000000,0,ban_ra,0,3226
0000037,2021-12-31,0102712091,0102331787,Bán VL xây dựng,28683000000,2868300000,ban_ra,0,3227
0000038,2021-12-31,0102712091,0102331787,Bán công trình HT,24865000000,2486500000,ban_ra,0,3228
0000039,2021-12-31,0102712091,0105189320,DV SC cải tạo,19893000000,1989300000,ban_ra,0,3229
0000040,2021-12-31,0102712091,0106116043,Bán DV thi công XD,23628000000,2362800000,ban_ra,0,3230
0000041,2021-12-31,0102712091,0101454070,Bán DV thi công XD,17870000000,1787000000,ban_ra,0,3231
0000042,2021-12-31,0102712091,0102712091,Bán công trình HT,18428000000,1842800000,ban_ra,0,3232
0000043,2021-12-31,0102712091,0100373485,DV SC cải tạo,10872000000,1087200000,ban_ra,0,3233
0000044,2021-12-31,0102712091,0106112810,Bán công trình HT,25689000000,2568900000,ban_ra,0,3234
0000045,2021-12-31,0102712091,0101056111,DV SC cải tạo,26408000000,0,ban_ra,0,3235
0000046,2021-12-31,0102712091,0106467242,Bán công trình HT,9060000000,906000000,ban_ra,0,3236
0000047,2021-12-31,0102712091,0106116043,Bán DV thi công XD,9522000000,952200000,ban_ra,0,3237
0000048,2021-12-31,0102712091,0102191498,Bán VL xây dựng,10484000000,1048400000,ban_ra,0,3238
0000049,2021-12-31,0102712091,0102625829,Bán VL xây dựng,25427000000,2542700000,ban_ra,0,3239
0000050,2021-12-31,0102712091,0103769372,Bán công trình HT,9760000000,976000000,ban_ra,0,3240
0000008,2021-05-01,0104220419,0103240765,DV vận chuyển,6574000000,657400000,mua_vao,0,3241
0000007,2021-05-02,0105853894,0103240765,Mua NL SX,9234000000,923400000,mua_vao,0,3242
0000042,2021-10-03,0100373485,0103240765,Mua NVL SX,6175000000,617500000,mua_vao,0,3243
0000024,2021-10-04,0101452549,0103240765,DV bảo trì,7189000000,718900000,mua_vao,0,3244
0000015,2021-10-05,0105327316,0103240765,DV vận chuyển,7779000000,777900000,mua_vao,0,3245
0000032,2021-10-06,0100101403,0103240765,DV bảo trì,13224000000,1322400000,mua_vao,0,3246
0000023,2021-10-07,0103240765,0103240765,DV bảo trì,14465000000,1446500000,mua_vao,0,3247
0000030,2021-10-08,0101598393,0103240765,DV vận chuyển,6158000000,0,mua_vao,0,3248
0000019,2021-10-09,0104630172,0103240765,Mua điện SX,9834000000,983400000,mua_vao,0,3249
0000033,2021-10-10,0101639000,0103240765,Mua phụ tùng,13748000000,0,mua_vao,0,3250
0000035,2021-10-11,0101454070,0103240765,Mua NL SX,13399000000,1339900000,mua_vao,0,3251
0000008,2021-10-12,0106187171,0103240765,Mua bao bì,10380000000,1038000000,mua_vao,0,3252
0000020,2021-01-15,0104630172,0103240765,Mua NL SX,10463000000,1046300000,mua_vao,0,3253
0000036,2021-02-15,0101454070,0103240765,Mua NL SX,13958000000,1395800000,mua_vao,0,3254
0000034,2021-03-20,0101639000,0103240765,Mua NL SX,5165000000,516500000,mua_vao,0,3255
0000035,2021-04-20,0103711478,0103240765,DV bảo trì,11071000000,1107100000,mua_vao,0,3256
0000014,2021-05-20,0105294741,0103240765,DV vận chuyển,6213000000,621300000,mua_vao,0,3257
0000018,2021-06-20,0105189320,0103240765,Mua bao bì,7227000000,722700000,mua_vao,0,3258
0000019,2021-07-20,0105492983,0103240765,DV vận chuyển,12053000000,1205300000,mua_vao,0,3259
0000037,2021-08-20,0101454070,0103240765,Mua NL SX,15339000000,1533900000,mua_vao,0,3260
0000012,2021-09-20,0106399994,0103240765,DV bảo trì,15319000000,1531900000,mua_vao,0,3261
0000009,2021-10-20,0104220419,0103240765,Mua NL SX,8643000000,864300000,mua_vao,0,3262
0000048,2021-11-20,0102264812,0103240765,Mua điện SX,16237000000,1623700000,mua_vao,0,3263
0000029,2021-12-20,0104976614,0103240765,Mua bao bì,8143000000,814300000,mua_vao,0,3264
0000019,2021-02-28,0105189320,0103240765,DV vận chuyển,14438000000,1443800000,mua_vao,0,3265
0000021,2021-04-30,0100113494,0103240765,Mua NVL SX,9393000000,939300000,mua_vao,0,3266
0000035,2021-06-30,0101639000,0103240765,DV vận chuyển,8855000000,885500000,mua_vao,0,3267
0000042,2021-09-30,0102159423,0103240765,DV vận chuyển,15990000000,1599000000,mua_vao,0,3268
0000021,2021-11-30,0104630172,0103240765,DV kiểm định CL,8070000000,807000000,mua_vao,0,3269
0000022,2021-03-31,0104630172,0103240765,Mua NVL SX,9179000000,917900000,mua_vao,0,3270
0000030,2021-05-31,0101435247,0103240765,DV vận chuyển,15343000000,1534300000,mua_vao,0,3271
0000016,2021-07-31,0105327316,0103240765,Mua phụ tùng,9473000000,947300000,mua_vao,0,3272
0000013,2021-08-31,0100902202,0103240765,DV kiểm định CL,13883000000,1388300000,mua_vao,0,3273
0000043,2021-10-31,0102159423,0103240765,Mua bao bì,15037000000,1503700000,mua_vao,0,3274
0000009,2021-12-31,0106187171,0103240765,Mua NL SX,8172000000,817200000,mua_vao,0,3275
0000009,2021-12-31,0106112810,0103240765,Mua bao bì,14209000000,1420900000,mua_vao,0,3276
0000033,2021-12-31,0100101403,0103240765,DV kiểm định CL,7789000000,778900000,mua_vao,0,3277
0000033,2021-12-31,0101770848,0103240765,DV vận chuyển,12200000000,1220000000,mua_vao,0,3278
0000034,2021-12-31,0100101403,0103240765,DV kiểm định CL,6507000000,650700000,mua_vao,0,3279
0000052,2021-12-31,0103769372,0103240765,Mua điện SX,12179000000,1217900000,mua_vao,0,3280
0000012,2021-12-31,0106116043,0103240765,Mua bao bì,6579000000,657900000,mua_vao,0,3281
0000024,2021-12-31,0103240765,0103240765,Mua điện SX,11897000000,1189700000,mua_vao,0,3282
0000037,2021-12-31,0101601092,0103240765,DV bảo trì,12102000000,1210200000,mua_vao,0,3283
0000045,2021-12-31,0102331787,0103240765,DV kiểm định CL,14758000000,1475800000,mua_vao,0,3284
0000042,2021-12-31,0100680623,0103240765,Mua NVL SX,12881000000,1288100000,mua_vao,0,3285
0000017,2021-12-31,0105327316,0103240765,Mua bao bì,14563000000,1456300000,mua_vao,0,3286
0000038,2021-12-31,0101601092,0103240765,DV vận chuyển,11132000000,1113200000,mua_vao,0,3287
0000036,2021-12-31,0101639000,0103240765,Mua NL SX,11763000000,1176300000,mua_vao,0,3288
0000046,2021-12-31,0102331787,0103240765,Mua bao bì,11886000000,1188600000,mua_vao,0,3289
0000001,2021-05-01,0103240765,0101639000,Bán phụ phẩm,19371000000,0,ban_ra,0,3290
0000002,2021-05-02,0103240765,0102264812,Bán phụ phẩm,19805000000,1980500000,ban_ra,0,3291
0000003,2021-10-03,0103240765,0102191498,Bán SP TP,16991000000,1699100000,ban_ra,0,3292
0000004,2021-10-04,0103240765,0101452549,Bán SP TP,18539000000,1853900000,ban_ra,0,3293
0000005,2021-10-05,0103240765,0101770848,Xuất khẩu SP,9953000000,995300000,ban_ra,0,3294
0000006,2021-10-06,0103240765,0101435247,Xuất khẩu SP,19495000000,1949500000,ban_ra,0,3295
0000007,2021-10-07,0103240765,0105327316,Bán SP đặt hàng,16228000000,1622800000,ban_ra,0,3296
0000008,2021-10-08,0103240765,0104380966,Bán phụ phẩm,22066000000,2206600000,ban_ra,0,3297
0000009,2021-10-09,0103240765,0100680623,Bán SP đặt hàng,21499000000,0,ban_ra,0,3298
0000010,2021-10-10,0103240765,0104380966,Xuất khẩu SP,8593000000,859300000,ban_ra,0,3299
0000011,2021-10-11,0103240765,0101435247,Bán SP đặt hàng,18281000000,1828100000,ban_ra,0,3300
0000012,2021-10-12,0103240765,0102159423,Xuất khẩu SP,19318000000,1931800000,ban_ra,0,3301
0000013,2021-01-15,0103240765,0101056111,Bán SP đặt hàng,7920000000,792000000,ban_ra,0,3302
0000016,2021-04-20,0103240765,0104220419,Bán SP đặt hàng,18004000000,1800400000,ban_ra,0,3303
0000017,2021-05-20,0103240765,0101329672,Xuất khẩu SP,10429000000,1042900000,ban_ra,0,3304
0000018,2021-06-20,0103240765,0101598393,Bán SP TP,7102000000,710200000,ban_ra,0,3305
0000019,2021-07-20,0103240765,0102311149,Xuất khẩu SP,13755000000,1375500000,ban_ra,0,3306
0000020,2021-08-20,0103240765,0100101308,Bán SP đặt hàng,11655000000,1165500000,ban_ra,0,3307
0000021,2021-09-20,0103240765,0105908818,Bán phụ phẩm,9965000000,996500000,ban_ra,0,3308
0000022,2021-10-20,0103240765,0103711478,Bán SP đặt hàng,14760000000,1476000000,ban_ra,0,3309
0000023,2021-11-20,0103240765,0101377820,Xuất khẩu SP,8434000000,843400000,ban_ra,0,3310
0000024,2021-12-20,0103240765,0100373485,Bán SP TP,7960000000,796000000,ban_ra,0,3311
0000025,2021-01-25,0103240765,0102191498,Bán SP đặt hàng,9571000000,957100000,ban_ra,0,3312
0000026,2021-02-28,0103240765,0105492983,Bán SP đặt hàng,17593000000,1759300000,ban_ra,0,3313
0000027,2021-04-30,0103240765,0104220419,Bán SP TP,19635000000,1963500000,ban_ra,0,3314
0000028,2021-06-30,0103240765,0100902202,Bán SP TP,10514000000,1051400000,ban_ra,0,3315
0000029,2021-09-30,0103240765,0101770848,Xuất khẩu SP,8439000000,843900000,ban_ra,0,3316
0000030,2021-11-30,0103240765,0101329672,Bán phụ phẩm,18818000000,1881800000,ban_ra,0,3317
0000031,2021-03-31,0103240765,0100101403,Bán phụ phẩm,16512000000,1651200000,ban_ra,0,3318
0000032,2021-05-31,0103240765,0102264812,Bán SP đặt hàng,20255000000,2025500000,ban_ra,0,3319
0000033,2021-07-31,0103240765,0102191498,Bán phụ phẩm,7209000000,720900000,ban_ra,0,3320
0000034,2021-08-31,0103240765,0101435247,Bán SP TP,9999000000,999900000,ban_ra,0,3321
0000035,2021-10-31,0103240765,0100105503,Bán phụ phẩm,6269000000,626900000,ban_ra,0,3322
0000036,2021-12-31,0103240765,0106255939,Bán SP TP,13220000000,1322000000,ban_ra,0,3323
0000037,2021-12-31,0103240765,0100680623,Xuất khẩu SP,8671000000,867100000,ban_ra,0,3324
0000038,2021-12-31,0103240765,0101639000,Xuất khẩu SP,11662000000,1166200000,ban_ra,0,3325
0000039,2021-12-31,0103240765,0103240765,Xuất khẩu SP,11493000000,1149300000,ban_ra,0,3326
0000040,2021-12-31,0103240765,0100101308,Xuất khẩu SP,19464000000,1946400000,ban_ra,0,3327
0000041,2021-12-31,0103240765,0105189320,Bán SP TP,20690000000,2069000000,ban_ra,0,3328
0000042,2021-12-31,0103240765,0105327316,Bán phụ phẩm,6682000000,668200000,ban_ra,0,3329
0000043,2021-12-31,0103240765,0101435247,Bán SP TP,8180000000,818000000,ban_ra,0,3330
0000044,2021-12-31,0103240765,0105189320,Bán SP TP,14231000000,1423100000,ban_ra,0,3331
0000045,2021-12-31,0103240765,0101639000,Bán SP đặt hàng,8440000000,844000000,ban_ra,0,3332
0000046,2021-12-31,0103240765,0106187171,Bán phụ phẩm,13792000000,1379200000,ban_ra,0,3333
0000047,2021-12-31,0103240765,0105853894,Bán phụ phẩm,6351000000,635100000,ban_ra,0,3334
0000048,2021-12-31,0103240765,0106399994,Bán SP đặt hàng,7212000000,721200000,ban_ra,0,3335
0000049,2021-12-31,0103240765,0103240765,Bán SP đặt hàng,11339000000,1133900000,ban_ra,0,3336
0000050,2021-12-31,0103240765,0106682049,Bán SP đặt hàng,21909000000,2190900000,ban_ra,0,3337
0000044,2021-05-01,0102712091,0103711478,Thuê máy thi công,58057000000,5805700000,mua_vao,0,3338
0000036,2021-05-02,0103711478,0103711478,DV thiết kế tư vấn,85403000000,0,mua_vao,0,3339
0000039,2021-10-03,0101601092,0103711478,Mua xi măng thép,55797000000,5579700000,mua_vao,0,3340
0000031,2021-10-04,0101598393,0103711478,DV vận chuyển VL,58705000000,5870500000,mua_vao,0,3341
0000035,2021-10-05,0104141407,0103711478,Thuê máy thi công,89694000000,0,mua_vao,0,3342
0000008,2021-10-06,0105853894,0103711478,Mua sơn hoàn thiện,76994000000,7699400000,mua_vao,0,3343
0000023,2021-10-07,0104630172,0103711478,Thuê máy thi công,45222000000,4522200000,mua_vao,0,3344
0000053,2021-10-08,0103769372,0103711478,Thuê máy thi công,41943000000,4194300000,mua_vao,0,3345
0000032,2021-10-09,0101598393,0103711478,Mua điện nước CT,65126000000,6512600000,mua_vao,0,3346
0000018,2021-10-10,0106682049,0103711478,Mua sơn hoàn thiện,42879000000,4287900000,mua_vao,0,3347
0000022,2021-10-11,0101377820,0103711478,Thuê máy thi công,39713000000,3971300000,mua_vao,0,3348
0000014,2021-10-12,0106255939,0103711478,Thuê máy thi công,40859000000,4085900000,mua_vao,0,3349
0000034,2021-01-15,0101770848,0103711478,Mua sơn hoàn thiện,63139000000,6313900000,mua_vao,0,3350
0000036,2021-02-15,0101380936,0103711478,DV thiết kế tư vấn,85595000000,8559500000,mua_vao,0,3351
0000019,2021-03-20,0106682049,0103711478,Mua sơn hoàn thiện,68040000000,6804000000,mua_vao,0,3352
0000045,2021-04-20,0102712091,0103711478,DV thiết kế tư vấn,86337000000,8633700000,mua_vao,0,3353
0000046,2021-05-20,0102712091,0103711478,Thuê máy thi công,39047000000,3904700000,mua_vao,0,3354
0000037,2021-06-20,0101639000,0103711478,Mua điện nước CT,62792000000,6279200000,mua_vao,0,3355
0000054,2021-07-20,0103769372,0103711478,Mua sơn hoàn thiện,35871000000,3587100000,mua_vao,0,3356
0000055,2021-08-20,0103769372,0103711478,DV vận chuyển VL,81564000000,8156400000,mua_vao,0,3357
0000020,2021-09-20,0105189320,0103711478,Mua sơn hoàn thiện,70848000000,7084800000,mua_vao,0,3358
0000014,2021-10-20,0106300187,0103711478,Mua xi măng thép,90850000000,9085000000,mua_vao,0,3359
0000025,2021-11-20,0101452549,0103711478,Mua sơn hoàn thiện,88663000000,8866300000,mua_vao,0,3360
0000023,2021-12-20,0101377820,0103711478,Mua xi măng thép,31799000000,3179900000,mua_vao,0,3361
0000020,2021-01-25,0106682049,0103711478,Thuê máy thi công,86254000000,8625400000,mua_vao,0,3362
0000020,2021-02-28,0105492983,0103711478,Thuê máy thi công,85857000000,8585700000,mua_vao,0,3363
0000040,2021-04-30,0101056111,0103711478,Mua sơn hoàn thiện,93510000000,9351000000,mua_vao,0,3364
0000010,2021-06-30,0104220419,0103711478,Mua sơn hoàn thiện,27185000000,2718500000,mua_vao,0,3365
0000021,2021-09-30,0106682049,0103711478,Mua gạch đá cát,85801000000,8580100000,mua_vao,0,3366
0000030,2021-11-30,0104976614,0103711478,DV thiết kế tư vấn,47150000000,4715000000,mua_vao,0,3367
0000031,2021-03-31,0104976614,0103711478,Mua xi măng thép,95102000000,9510200000,mua_vao,0,3368
0000021,2021-05-31,0105492983,0103711478,Thuê máy thi công,65504000000,0,mua_vao,0,3369
0000010,2021-07-31,0106112810,0103711478,Mua điện nước CT,45101000000,4510100000,mua_vao,0,3370
0000040,2021-08-31,0101601092,0103711478,DV thiết kế tư vấn,66533000000,6653300000,mua_vao,0,3371
0000015,2021-10-31,0106300187,0103711478,Mua xi măng thép,93724000000,9372400000,mua_vao,0,3372
0000043,2021-12-31,0100373485,0103711478,Thuê máy thi công,91167000000,9116700000,mua_vao,0,3373
0000018,2021-12-31,0104380966,0103711478,Mua xi măng thép,103057000000,10305700000,mua_vao,0,3374
0000039,2021-12-31,0101437981,0103711478,Mua sơn hoàn thiện,81795000000,8179500000,mua_vao,0,3375
0000038,2021-12-31,0101454070,0103711478,DV thiết kế tư vấn,67957000000,6795700000,mua_vao,0,3376
0000021,2021-12-31,0105189320,0103711478,DV vận chuyển VL,76517000000,7651700000,mua_vao,0,3377
0000024,2021-12-31,0104630172,0103711478,Thuê máy thi công,55502000000,5550200000,mua_vao,0,3378
0000025,2021-12-31,0103240765,0103711478,DV vận chuyển VL,100963000000,10096300000,mua_vao,0,3379
0000024,2021-12-31,0101377820,0103711478,Mua xi măng thép,26153000000,2615300000,mua_vao,0,3380
0000044,2021-12-31,0100373485,0103711478,DV thiết kế tư vấn,73994000000,7399400000,mua_vao,0,3381
0000022,2021-12-31,0100113494,0103711478,Thuê máy thi công,87260000000,8726000000,mua_vao,0,3382
0000047,2021-12-31,0102331787,0103711478,Thuê máy thi công,39386000000,0,mua_vao,0,3383
0000045,2021-12-31,0100373485,0103711478,DV vận chuyển VL,72091000000,7209100000,mua_vao,0,3384
0000038,2021-12-31,0101639000,0103711478,DV thiết kế tư vấn,65866000000,6586600000,mua_vao,0,3385
0000011,2021-12-31,0106395904,0103711478,Thuê máy thi công,50361000000,5036100000,mua_vao,0,3386
0000015,2021-12-31,0106255939,0103711478,Mua xi măng thép,48611000000,4861100000,mua_vao,0,3387
0000001,2021-05-01,0103711478,0106112810,Bán VL xây dựng,66508000000,6650800000,ban_ra,0,3388
0000002,2021-05-02,0103711478,0100373485,DV SC cải tạo,118620000000,11862000000,ban_ra,0,3389
0000003,2021-10-03,0103711478,0106187171,Bán DV thi công XD,64901000000,0,ban_ra,0,3390
0000004,2021-10-04,0103711478,0104630172,Bán công trình HT,63206000000,0,ban_ra,0,3391
0000005,2021-10-05,0103711478,0104141407,Bán VL xây dựng,43243000000,4324300000,ban_ra,0,3392
0000006,2021-10-06,0103711478,0104220419,DV SC cải tạo,53841000000,0,ban_ra,0,3393
0000007,2021-10-07,0103711478,0100101403,DV SC cải tạo,81800000000,8180000000,ban_ra,0,3394
0000008,2021-10-08,0103711478,0104976614,Bán DV thi công XD,55583000000,5558300000,ban_ra,0,3395
0000009,2021-10-09,0103711478,0106395904,Bán công trình HT,98814000000,9881400000,ban_ra,0,3396
0000010,2021-10-10,0103711478,0102191498,Bán VL xây dựng,41559000000,4155900000,ban_ra,0,3397
0000011,2021-10-11,0103711478,0101225306,DV SC cải tạo,130598000000,0,ban_ra,0,3398
0000012,2021-10-12,0103711478,0103769372,DV SC cải tạo,77184000000,7718400000,ban_ra,0,3399
0000013,2021-01-15,0103711478,0105294741,Bán công trình HT,130271000000,13027100000,ban_ra,0,3400
0000014,2021-02-15,0103711478,0100101308,Bán công trình HT,104258000000,10425800000,ban_ra,0,3401
0000015,2021-03-20,0103711478,0106112810,DV SC cải tạo,94401000000,9440100000,ban_ra,0,3402
0000016,2021-04-20,0103711478,0106187171,Bán DV thi công XD,124724000000,12472400000,ban_ra,0,3403
0000017,2021-05-20,0103711478,0100902202,Bán VL xây dựng,56321000000,5632100000,ban_ra,0,3404
0000018,2021-06-20,0103711478,0106255939,DV SC cải tạo,92843000000,9284300000,ban_ra,0,3405
0000019,2021-07-20,0103711478,0106300187,Bán DV thi công XD,60531000000,6053100000,ban_ra,0,3406
0000020,2021-08-20,0103711478,0102159423,Bán VL xây dựng,130351000000,13035100000,ban_ra,0,3407
0000021,2021-09-20,0103711478,0106395904,DV SC cải tạo,139080000000,13908000000,ban_ra,0,3408
0000022,2021-10-20,0103711478,0101377820,Bán VL xây dựng,125235000000,12523500000,ban_ra,0,3409
0000023,2021-11-20,0103711478,0101639000,Bán DV thi công XD,63164000000,6316400000,ban_ra,0,3410
0000024,2021-12-20,0103711478,0102331787,DV SC cải tạo,108043000000,10804300000,ban_ra,0,3411
0000025,2021-01-25,0103711478,0101225306,Bán VL xây dựng,125010000000,12501000000,ban_ra,0,3412
0000026,2021-02-28,0103711478,0104630172,DV SC cải tạo,104465000000,10446500000,ban_ra,0,3413
0000027,2021-04-30,0103711478,0106187171,Bán công trình HT,35524000000,3552400000,ban_ra,0,3414
0000028,2021-06-30,0103711478,0105327316,Bán DV thi công XD,124860000000,12486000000,ban_ra,0,3415
0000029,2021-09-30,0103711478,0105908818,Bán công trình HT,81337000000,8133700000,ban_ra,0,3416
0000030,2021-11-30,0103711478,0101452549,DV SC cải tạo,45293000000,4529300000,ban_ra,0,3417
0000031,2021-03-31,0103711478,0100101403,Bán DV thi công XD,110015000000,11001500000,ban_ra,0,3418
0000032,2021-05-31,0103711478,0100373485,Bán công trình HT,139776000000,13977600000,ban_ra,0,3419
0000033,2021-07-31,0103711478,0103769372,Bán công trình HT,66114000000,6611400000,ban_ra,0,3420
0000034,2021-08-31,0103711478,0101380936,DV SC cải tạo,112335000000,11233500000,ban_ra,0,3421
0000035,2021-10-31,0103711478,0100680623,Bán VL xây dựng,39671000000,3967100000,ban_ra,0,3422
0000036,2021-12-31,0103711478,0100105503,Bán công trình HT,58087000000,0,ban_ra,0,3423
0000037,2021-12-31,0103711478,0105908818,DV SC cải tạo,67917000000,6791700000,ban_ra,0,3424
0000038,2021-12-31,0103711478,0105327316,Bán DV thi công XD,102366000000,10236600000,ban_ra,0,3425
0000039,2021-12-31,0103711478,0101225306,Bán VL xây dựng,74161000000,7416100000,ban_ra,0,3426
0000040,2021-12-31,0103711478,0101437981,Bán DV thi công XD,95838000000,9583800000,ban_ra,0,3427
0000041,2021-12-31,0103711478,0100113494,Bán VL xây dựng,82979000000,8297900000,ban_ra,0,3428
0000042,2021-12-31,0103711478,0100105503,Bán VL xây dựng,40947000000,0,ban_ra,0,3429
0000043,2021-12-31,0103711478,0101601092,Bán công trình HT,127881000000,12788100000,ban_ra,0,3430
0000044,2021-12-31,0103711478,0103769372,DV SC cải tạo,124818000000,12481800000,ban_ra,0,3431
0000045,2021-12-31,0103711478,0101329672,DV SC cải tạo,84805000000,0,ban_ra,0,3432
0000046,2021-12-31,0103711478,0101601092,Bán công trình HT,89128000000,8912800000,ban_ra,0,3433
0000047,2021-12-31,0103711478,0103240765,Bán công trình HT,39175000000,3917500000,ban_ra,0,3434
0000048,2021-12-31,0103711478,0105327316,Bán DV thi công XD,107606000000,10760600000,ban_ra,0,3435
0000049,2021-12-31,0103711478,0101770848,DV SC cải tạo,42513000000,4251300000,ban_ra,0,3436
0000050,2021-12-31,0103711478,0105853894,Bán công trình HT,80759000000,0,ban_ra,0,3437
0000012,2021-05-01,0106395904,0103769372,DV tư vấn TM,6618000000,0,mua_vao,0,3438
0000027,2021-05-02,0100105503,0103769372,Mua HH ND,8823000000,882300000,mua_vao,0,3439
0000042,2021-10-03,0101225306,0103769372,DV logistics,8933000000,893300000,mua_vao,0,3440
0000035,2021-10-04,0100101403,0103769372,Chi phí kho bãi,9108000000,910800000,mua_vao,0,3441
0000022,2021-10-05,0105492983,0103769372,DV tư vấn TM,10063000000,1006300000,mua_vao,0,3442
0000025,2021-10-06,0101377820,0103769372,Mua HH ND,4149000000,414900000,mua_vao,0,3443
0000013,2021-10-07,0106399994,0103769372,Mua HH NK,4387000000,438700000,mua_vao,0,3444
0000031,2021-10-08,0101435247,0103769372,DV logistics,7305000000,730500000,mua_vao,0,3445
0000043,2021-10-09,0101225306,0103769372,Chi phí kho bãi,7468000000,746800000,mua_vao,0,3446
0000041,2021-10-10,0101056111,0103769372,Mua HH NK,8012000000,801200000,mua_vao,0,3447
0000025,2021-10-11,0104630172,0103769372,Chi phí kho bãi,6625000000,662500000,mua_vao,0,3448
0000048,2021-10-12,0102331787,0103769372,Mua HH ND,11727000000,1172700000,mua_vao,0,3449
0000009,2021-01-15,0106467242,0103769372,Mua HH ND,12068000000,1206800000,mua_vao,0,3450
0000047,2021-02-15,0102712091,0103769372,Chi phí kho bãi,12473000000,1247300000,mua_vao,0,3451
0000035,2021-03-20,0101770848,0103769372,DV tư vấn TM,11839000000,1183900000,mua_vao,0,3452
0000014,2021-04-20,0106399994,0103769372,DV tư vấn TM,10922000000,1092200000,mua_vao,0,3453
0000046,2021-05-20,0100373485,0103769372,Chi phí kho bãi,6190000000,619000000,mua_vao,0,3454
0000022,2021-06-20,0106682049,0103769372,Chi phí kho bãi,11054000000,1105400000,mua_vao,0,3455
0000011,2021-07-20,0106112810,0103769372,Mua HH NK,8641000000,864100000,mua_vao,0,3456
0000018,2021-08-20,0105327316,0103769372,DV tư vấn TM,3636000000,0,mua_vao,0,3457
0000029,2021-09-20,0100101308,0103769372,Phí hải quan,4196000000,419600000,mua_vao,0,3458
0000030,2021-10-20,0100101308,0103769372,Chi phí kho bãi,12774000000,1277400000,mua_vao,0,3459
0000026,2021-11-20,0101452549,0103769372,Mua HH ND,4351000000,435100000,mua_vao,0,3460
0000026,2021-12-20,0101377820,0103769372,DV tư vấn TM,3645000000,364500000,mua_vao,0,3461
0000044,2021-01-25,0101225306,0103769372,Mua HH NK,9733000000,973300000,mua_vao,0,3462
0000015,2021-02-28,0106399994,0103769372,Mua HH ND,5770000000,577000000,mua_vao,0,3463
0000036,2021-04-30,0101770848,0103769372,Mua HH ND,10476000000,1047600000,mua_vao,0,3464
0000037,2021-06-30,0101770848,0103769372,Chi phí kho bãi,8003000000,800300000,mua_vao,0,3465
0000036,2021-09-30,0104141407,0103769372,Chi phí kho bãi,12732000000,1273200000,mua_vao,0,3466
0000039,2021-11-30,0101639000,0103769372,Mua HH NK,11922000000,1192200000,mua_vao,0,3467
0000016,2021-03-31,0106300187,0103769372,DV logistics,10509000000,1050900000,mua_vao,0,3468
0000017,2021-05-31,0106300187,0103769372,Chi phí kho bãi,12844000000,1284400000,mua_vao,0,3469
0000040,2021-07-31,0101437981,0103769372,Mua HH NK,4855000000,485500000,mua_vao,0,3470
0000049,2021-08-31,0102264812,0103769372,Mua HH NK,9031000000,0,mua_vao,0,3471
0000023,2021-10-31,0106682049,0103769372,Chi phí kho bãi,8664000000,866400000,mua_vao,0,3472
0000015,2021-12-31,0105294741,0103769372,Mua HH ND,6149000000,614900000,mua_vao,0,3473
0000038,2021-12-31,0101770848,0103769372,Chi phí kho bãi,12481000000,1248100000,mua_vao,0,3474
0000022,2021-12-31,0105189320,0103769372,Mua HH ND,4675000000,467500000,mua_vao,0,3475
0000036,2021-12-31,0100101403,0103769372,DV logistics,4414000000,441400000,mua_vao,0,3476
0000011,2021-12-31,0104220419,0103769372,DV tư vấn TM,4348000000,434800000,mua_vao,0,3477
0000048,2021-12-31,0102712091,0103769372,Mua HH ND,12371000000,1237100000,mua_vao,0,3478
0000010,2021-12-31,0106467242,0103769372,DV logistics,10159000000,1015900000,mua_vao,0,3479
0000045,2021-12-31,0102191498,0103769372,Mua HH ND,4195000000,419500000,mua_vao,0,3480
0000023,2021-12-31,0100113494,0103769372,Mua HH ND,8708000000,870800000,mua_vao,0,3481
0000016,2021-12-31,0105294741,0103769372,Mua HH ND,8765000000,876500000,mua_vao,0,3482
0000039,2021-12-31,0101770848,0103769372,Chi phí kho bãi,6074000000,607400000,mua_vao,0,3483
0000016,2021-12-31,0106255939,0103769372,DV tư vấn TM,11706000000,1170600000,mua_vao,0,3484
0000037,2021-12-31,0103711478,0103769372,DV tư vấn TM,11200000000,1120000000,mua_vao,0,3485
0000012,2021-12-31,0106112810,0103769372,Chi phí kho bãi,4159000000,415900000,mua_vao,0,3486
0000028,2021-12-31,0100105503,0103769372,Chi phí kho bãi,12155000000,1215500000,mua_vao,0,3487
0000001,2021-05-01,0103769372,0101639000,Cung cấp DV TM,12536000000,0,ban_ra,0,3488
0000002,2021-05-02,0103769372,0102159423,Xuất khẩu HH,12790000000,1279000000,ban_ra,0,3489
0000003,2021-10-03,0103769372,0101056111,Xuất khẩu HH,4693000000,469300000,ban_ra,0,3490
0000004,2021-10-04,0103769372,0101770848,Cung cấp DV TM,13495000000,1349500000,ban_ra,0,3491
0000005,2021-10-05,0103769372,0102191498,Xuất khẩu HH,16808000000,1680800000,ban_ra,0,3492
0000006,2021-10-06,0103769372,0100101308,Bán HH theo HĐ,10152000000,0,ban_ra,0,3493
0000007,2021-10-07,0103769372,0101601092,Xuất khẩu HH,6747000000,674700000,ban_ra,0,3494
0000008,2021-10-08,0103769372,0103769372,Xuất khẩu HH,12158000000,1215800000,ban_ra,0,3495
0000009,2021-10-09,0103769372,0103769372,Cung cấp DV TM,14052000000,1405200000,ban_ra,0,3496
0000010,2021-10-10,0103769372,0106187171,Cung cấp DV TM,4625000000,462500000,ban_ra,0,3497
0000011,2021-10-11,0103769372,0106467242,Bán HH ND,15362000000,1536200000,ban_ra,0,3498
0000012,2021-10-12,0103769372,0106255939,Bán HH theo HĐ,16035000000,1603500000,ban_ra,0,3499
0000013,2021-01-15,0103769372,0101598393,Bán HH theo HĐ,6046000000,604600000,ban_ra,0,3500
0000014,2021-02-15,0103769372,0101437981,Cung cấp DV TM,16058000000,1605800000,ban_ra,0,3501
0000015,2021-03-20,0103769372,0104976614,Bán HH ND,16378000000,1637800000,ban_ra,0,3502
0000016,2021-04-20,0103769372,0101329672,Cung cấp DV TM,9713000000,971300000,ban_ra,0,3503
0000017,2021-05-20,0103769372,0106116043,Xuất khẩu HH,16787000000,1678700000,ban_ra,0,3504
0000018,2021-06-20,0103769372,0106116043,Xuất khẩu HH,7277000000,727700000,ban_ra,0,3505
0000019,2021-07-20,0103769372,0101454070,Xuất khẩu HH,9190000000,919000000,ban_ra,0,3506
0000020,2021-08-20,0103769372,0101435247,Bán HH theo HĐ,10811000000,1081100000,ban_ra,0,3507
0000021,2021-09-20,0103769372,0101435247,Xuất khẩu HH,6613000000,661300000,ban_ra,0,3508
0000022,2021-10-20,0103769372,0106116043,Xuất khẩu HH,13393000000,1339300000,ban_ra,0,3509
0000023,2021-11-20,0103769372,0102159423,Cung cấp DV TM,15859000000,0,ban_ra,0,3510
0000024,2021-12-20,0103769372,0105492983,Bán HH ND,14320000000,1432000000,ban_ra,0,3511
0000025,2021-01-25,0103769372,0101377820,Xuất khẩu HH,15164000000,1516400000,ban_ra,0,3512
0000026,2021-02-28,0103769372,0106116043,Bán HH theo HĐ,8253000000,825300000,ban_ra,0,3513
0000027,2021-04-30,0103769372,0101770848,Xuất khẩu HH,4855000000,485500000,ban_ra,0,3514
0000028,2021-06-30,0103769372,0100105503,Xuất khẩu HH,5512000000,551200000,ban_ra,0,3515
0000029,2021-09-30,0103769372,0106112810,Bán HH theo HĐ,12174000000,1217400000,ban_ra,0,3516
0000030,2021-11-30,0103769372,0100105503,Bán HH theo HĐ,7470000000,747000000,ban_ra,0,3517
0000031,2021-03-31,0103769372,0104220419,Bán HH theo HĐ,5822000000,0,ban_ra,0,3518
0000032,2021-05-31,0103769372,0106395904,Bán HH theo HĐ,5189000000,518900000,ban_ra,0,3519
0000033,2021-07-31,0103769372,0100902202,Bán HH theo HĐ,15038000000,1503800000,ban_ra,0,3520
0000034,2021-08-31,0103769372,0101437981,Bán HH ND,14265000000,1426500000,ban_ra,0,3521
0000035,2021-10-31,0103769372,0103769372,Xuất khẩu HH,6560000000,656000000,ban_ra,0,3522
0000036,2021-12-31,0103769372,0100105503,Xuất khẩu HH,8070000000,807000000,ban_ra,0,3523
0000037,2021-12-31,0103769372,0106395904,Bán HH ND,5381000000,538100000,ban_ra,0,3524
0000038,2021-12-31,0103769372,0100101403,Bán HH theo HĐ,5150000000,0,ban_ra,0,3525
0000039,2021-12-31,0103769372,0105853894,Bán HH ND,8951000000,895100000,ban_ra,0,3526
0000040,2021-12-31,0103769372,0104976614,Xuất khẩu HH,12294000000,1229400000,ban_ra,0,3527
0000041,2021-12-31,0103769372,0103240765,Bán HH ND,7020000000,702000000,ban_ra,0,3528
0000042,2021-12-31,0103769372,0105294741,Bán HH ND,9075000000,907500000,ban_ra,0,3529
0000043,2021-12-31,0103769372,0101437981,Cung cấp DV TM,11693000000,0,ban_ra,0,3530
0000044,2021-12-31,0103769372,0100113494,Bán HH ND,14220000000,1422000000,ban_ra,0,3531
0000045,2021-12-31,0103769372,0104141407,Bán HH theo HĐ,9487000000,0,ban_ra,0,3532
0000046,2021-12-31,0103769372,0100101308,Xuất khẩu HH,14835000000,1483500000,ban_ra,0,3533
0000047,2021-12-31,0103769372,0100373485,Bán HH ND,5472000000,547200000,ban_ra,0,3534
0000048,2021-12-31,0103769372,0101056111,Xuất khẩu HH,6355000000,635500000,ban_ra,0,3535
0000049,2021-12-31,0103769372,0100101308,Bán HH theo HĐ,15953000000,1595300000,ban_ra,0,3536
0000050,2021-12-31,0103769372,0100101403,Xuất khẩu HH,13310000000,1331000000,ban_ra,0,3537
0000037,2021-05-01,0100101403,0104141407,Mua điện nước CT,1748000000,174800000,mua_vao,0,3538
0000019,2021-05-02,0104380966,0104141407,DV tư vấn thiết kế,4267000000,426700000,mua_vao,0,3539
0000041,2021-10-03,0101601092,0104141407,Mua gạch đá cát XD,2714000000,271400000,mua_vao,0,3540
0000031,2021-10-04,0100101308,0104141407,DV tư vấn thiết kế,3456000000,345600000,mua_vao,0,3541
0000027,2021-10-05,0101377820,0104141407,DV vận chuyển VL,3417000000,341700000,mua_vao,0,3542
0000046,2021-10-06,0102191498,0104141407,Mua VL XD (xi măng thép),2726000000,272600000,mua_vao,0,3543
0000045,2021-10-07,0101225306,0104141407,DV tư vấn thiết kế,2631000000,263100000,mua_vao,0,3544
0000032,2021-10-08,0101435247,0104141407,DV vận chuyển VL,1754000000,175400000,mua_vao,0,3545
0000039,2021-10-09,0101454070,0104141407,Mua VL XD (xi măng thép),1976000000,0,mua_vao,0,3546
0000019,2021-10-10,0105327316,0104141407,Mua sơn hoàn thiện,4797000000,479700000,mua_vao,0,3547
0000013,2021-10-11,0106116043,0104141407,Mua sơn hoàn thiện,5008000000,500800000,mua_vao,0,3548
0000046,2021-10-12,0101225306,0104141407,Mua VL XD (xi măng thép),1466000000,146600000,mua_vao,0,3549
0000041,2021-01-15,0102311149,0104141407,DV vận chuyển VL,2375000000,237500000,mua_vao,0,3550
0000009,2021-02-15,0105853894,0104141407,Mua điện nước CT,1425000000,142500000,mua_vao,0,3551
0000023,2021-03-20,0105492983,0104141407,DV vận chuyển VL,4827000000,482700000,mua_vao,0,3552
0000036,2021-04-20,0102625829,0104141407,Mua gạch đá cát XD,4424000000,442400000,mua_vao,0,3553
0000049,2021-05-20,0102712091,0104141407,Thuê máy thi công,1992000000,199200000,mua_vao,0,3554
0000016,2021-06-20,0105908818,0104141407,Mua VL XD (xi măng thép),3604000000,360400000,mua_vao,0,3555
0000047,2021-07-20,0100373485,0104141407,DV vận chuyển VL,1867000000,186700000,mua_vao,0,3556
0000038,2021-08-20,0103711478,0104141407,Mua điện nước CT,3215000000,321500000,mua_vao,0,3557
0000047,2021-09-20,0101225306,0104141407,Thuê máy thi công,2595000000,259500000,mua_vao,0,3558
0000033,2021-10-20,0101435247,0104141407,DV tư vấn thiết kế,1960000000,196000000,mua_vao,0,3559
0000020,2021-11-20,0104380966,0104141407,DV vận chuyển VL,4558000000,0,mua_vao,0,3560
0000013,2021-12-20,0106395904,0104141407,DV vận chuyển VL,3373000000,337300000,mua_vao,0,3561
0000014,2021-01-25,0106395904,0104141407,Mua gạch đá cát XD,5013000000,501300000,mua_vao,0,3562
0000040,2021-02-28,0101639000,0104141407,Mua điện nước CT,4053000000,405300000,mua_vao,0,3563
0000024,2021-04-30,0106682049,0104141407,Mua gạch đá cát XD,4458000000,445800000,mua_vao,0,3564
0000033,2021-06-30,0101598393,0104141407,Mua sơn hoàn thiện,3822000000,382200000,mua_vao,0,3565
0000028,2021-09-30,0101377820,0104141407,Mua điện nước CT,3626000000,362600000,mua_vao,0,3566
0000014,2021-11-30,0106116043,0104141407,Mua sơn hoàn thiện,4865000000,486500000,mua_vao,0,3567
0000047,2021-03-31,0102191498,0104141407,Thuê máy thi công,2063000000,206300000,mua_vao,0,3568
0000040,2021-05-31,0101770848,0104141407,DV vận chuyển VL,3046000000,304600000,mua_vao,0,3569
0000011,2021-07-31,0106467242,0104141407,DV tư vấn thiết kế,4453000000,445300000,mua_vao,0,3570
0000034,2021-08-31,0101598393,0104141407,Thuê máy thi công,2372000000,237200000,mua_vao,0,3571
0000044,2021-10-31,0102159423,0104141407,Mua điện nước CT,3884000000,388400000,mua_vao,0,3572
0000015,2021-12-31,0106395904,0104141407,Mua gạch đá cát XD,3809000000,0,mua_vao,0,3573
0000050,2021-12-31,0102264812,0104141407,Thuê máy thi công,1997000000,199700000,mua_vao,0,3574
0000017,2021-12-31,0105908818,0104141407,DV vận chuyển VL,1703000000,170300000,mua_vao,0,3575
0000017,2021-12-31,0106255939,0104141407,Mua VL XD (xi măng thép),4238000000,423800000,mua_vao,0,3576
0000013,2021-12-31,0106112810,0104141407,Mua điện nước CT,3886000000,388600000,mua_vao,0,3577
0000040,2021-12-31,0101454070,0104141407,Thuê máy thi công,4336000000,433600000,mua_vao,0,3578
0000026,2021-12-31,0104630172,0104141407,Mua gạch đá cát XD,4915000000,491500000,mua_vao,0,3579
0000026,2021-12-31,0101329672,0104141407,Mua điện nước CT,4913000000,491300000,mua_vao,0,3580
0000027,2021-12-31,0104630172,0104141407,DV vận chuyển VL,3584000000,0,mua_vao,0,3581
0000029,2021-12-31,0101377820,0104141407,Thuê máy thi công,2852000000,285200000,mua_vao,0,3582
0000021,2021-12-31,0104380966,0104141407,Mua gạch đá cát XD,4157000000,415700000,mua_vao,0,3583
0000022,2021-12-31,0104380966,0104141407,Thuê máy thi công,3245000000,324500000,mua_vao,0,3584
0000010,2021-12-31,0106187171,0104141407,Mua gạch đá cát XD,3446000000,344600000,mua_vao,0,3585
0000017,2021-12-31,0105294741,0104141407,DV tư vấn thiết kế,4225000000,422500000,mua_vao,0,3586
0000001,2021-05-01,0104141407,0106399994,Bán VL xây dựng,2268000000,226800000,ban_ra,0,3587
0000002,2021-05-02,0104141407,0104630172,Bán công trình HT,3054000000,305400000,ban_ra,0,3588
0000003,2021-10-03,0104141407,0105327316,Bán DV thi công XD,4527000000,452700000,ban_ra,0,3589
0000004,2021-10-04,0104141407,0106112810,Bán công trình HT,5442000000,544200000,ban_ra,0,3590
0000005,2021-10-05,0104141407,0101601092,DV SC cải tạo,6211000000,621100000,ban_ra,0,3591
0000006,2021-10-06,0104141407,0105908818,Bán DV thi công XD,2488000000,248800000,ban_ra,0,3592
0000007,2021-10-07,0104141407,0104380966,Bán công trình HT,4775000000,0,ban_ra,0,3593
0000008,2021-10-08,0104141407,0100902202,Bán công trình HT,6246000000,624600000,ban_ra,0,3594
0000009,2021-10-09,0104141407,0102712091,DV SC cải tạo,6314000000,631400000,ban_ra,0,3595
0000010,2021-10-10,0104141407,0105294741,Bán VL xây dựng,2969000000,296900000,ban_ra,0,3596
0000011,2021-10-11,0104141407,0100105503,Bán VL xây dựng,4685000000,468500000,ban_ra,0,3597
0000012,2021-10-12,0104141407,0103769372,Bán DV thi công XD,3169000000,316900000,ban_ra,0,3598
0000013,2021-01-15,0104141407,0102191498,DV SC cải tạo,5261000000,526100000,ban_ra,0,3599
0000014,2021-02-15,0104141407,0102311149,DV SC cải tạo,3923000000,392300000,ban_ra,0,3600
0000015,2021-03-20,0104141407,0106187171,Bán VL xây dựng,2681000000,268100000,ban_ra,0,3601
0000016,2021-04-20,0104141407,0106187171,Bán DV thi công XD,2428000000,242800000,ban_ra,0,3602
0000017,2021-05-20,0104141407,0101437981,Bán DV thi công XD,3029000000,302900000,ban_ra,0,3603
0000018,2021-06-20,0104141407,0100113494,Bán công trình HT,2554000000,255400000,ban_ra,0,3604
0000019,2021-07-20,0104141407,0100105503,Bán VL xây dựng,4237000000,423700000,ban_ra,0,3605
0000021,2021-09-20,0104141407,0106682049,Bán VL xây dựng,3119000000,311900000,ban_ra,0,3606
0000022,2021-10-20,0104141407,0100105503,Bán công trình HT,2766000000,276600000,ban_ra,0,3607
0000023,2021-11-20,0104141407,0106116043,DV SC cải tạo,6490000000,649000000,ban_ra,0,3608
0000024,2021-12-20,0104141407,0101056111,Bán công trình HT,1844000000,184400000,ban_ra,0,3609
0000025,2021-01-25,0104141407,0104380966,Bán DV thi công XD,2847000000,284700000,ban_ra,0,3610
0000026,2021-02-28,0104141407,0100113494,DV SC cải tạo,6736000000,673600000,ban_ra,0,3611
0000027,2021-04-30,0104141407,0101380936,Bán DV thi công XD,3464000000,346400000,ban_ra,0,3612
0000028,2021-06-30,0104141407,0100113494,Bán DV thi công XD,6621000000,662100000,ban_ra,0,3613
0000029,2021-09-30,0104141407,0106112810,Bán công trình HT,6287000000,628700000,ban_ra,0,3614
0000030,2021-11-30,0104141407,0106395904,Bán VL xây dựng,5960000000,0,ban_ra,0,3615
0000031,2021-03-31,0104141407,0106116043,Bán DV thi công XD,6361000000,636100000,ban_ra,0,3616
0000032,2021-05-31,0104141407,0106300187,Bán công trình HT,6819000000,681900000,ban_ra,0,3617
0000033,2021-07-31,0104141407,0101770848,Bán công trình HT,3249000000,324900000,ban_ra,0,3618
0000034,2021-08-31,0104141407,0106467242,Bán VL xây dựng,3135000000,313500000,ban_ra,0,3619
0000035,2021-10-31,0104141407,0101435247,DV SC cải tạo,4172000000,417200000,ban_ra,0,3620
0000036,2021-12-31,0104141407,0100101403,Bán VL xây dựng,2327000000,232700000,ban_ra,0,3621
0000037,2021-12-31,0104141407,0104220419,Bán VL xây dựng,6895000000,689500000,ban_ra,0,3622
0000038,2021-12-31,0104141407,0106255939,Bán công trình HT,3295000000,329500000,ban_ra,0,3623
0000039,2021-12-31,0104141407,0105189320,Bán VL xây dựng,6873000000,0,ban_ra,0,3624
0000040,2021-12-31,0104141407,0100101403,Bán DV thi công XD,4144000000,414400000,ban_ra,0,3625
0000041,2021-12-31,0104141407,0104220419,Bán công trình HT,2309000000,230900000,ban_ra,0,3626
0000042,2021-12-31,0104141407,0105908818,Bán công trình HT,5633000000,563300000,ban_ra,0,3627
0000043,2021-12-31,0104141407,0106682049,Bán VL xây dựng,3813000000,381300000,ban_ra,0,3628
0000044,2021-12-31,0104141407,0101601092,Bán công trình HT,5147000000,514700000,ban_ra,0,3629
0000045,2021-12-31,0104141407,0101770848,DV SC cải tạo,6118000000,611800000,ban_ra,0,3630
0000046,2021-12-31,0104141407,0106187171,Bán VL xây dựng,3820000000,0,ban_ra,0,3631
0000047,2021-12-31,0104141407,0101452549,Bán DV thi công XD,3422000000,342200000,ban_ra,0,3632
0000048,2021-12-31,0104141407,0106682049,DV SC cải tạo,3335000000,333500000,ban_ra,0,3633
0000049,2021-12-31,0104141407,0100373485,Bán VL xây dựng,6115000000,611500000,ban_ra,0,3634
0000050,2021-12-31,0104141407,0100373485,Bán VL xây dựng,6703000000,670300000,ban_ra,0,3635
0000025,2021-05-01,0106682049,0104220419,Chi phí kho bãi,3579000000,357900000,mua_vao,0,3636
0000041,2021-10-03,0101437981,0104220419,Phí hải quan,10623000000,1062300000,mua_vao,0,3637
0000049,2021-10-04,0102331787,0104220419,Mua HH NK,6371000000,637100000,mua_vao,0,3638
0000045,2021-10-05,0102159423,0104220419,Chi phí kho bãi,3289000000,328900000,mua_vao,0,3639
0000037,2021-10-06,0102625829,0104220419,DV tư vấn TM,10836000000,1083600000,mua_vao,0,3640
0000043,2021-10-07,0100680623,0104220419,Mua HH NK,4209000000,420900000,mua_vao,0,3641
0000042,2021-10-08,0101601092,0104220419,Mua HH ND,10143000000,1014300000,mua_vao,0,3642
0000015,2021-10-09,0106116043,0104220419,Mua HH ND,10694000000,1069400000,mua_vao,0,3643
0000034,2021-10-10,0101435247,0104220419,DV logistics,3278000000,327800000,mua_vao,0,3644
0000038,2021-10-11,0100101403,0104220419,DV tư vấn TM,4269000000,426900000,mua_vao,0,3645
0000018,2021-10-12,0106255939,0104220419,Phí hải quan,3129000000,312900000,mua_vao,0,3646
0000042,2021-01-15,0102311149,0104220419,Mua HH NK,9322000000,932200000,mua_vao,0,3647
0000032,2021-02-15,0100101308,0104220419,Mua HH NK,4681000000,468100000,mua_vao,0,3648
0000041,2021-03-20,0101770848,0104220419,Phí hải quan,10895000000,1089500000,mua_vao,0,3649
0000020,2021-05-20,0105327316,0104220419,DV logistics,4304000000,430400000,mua_vao,0,3650
0000016,2021-06-20,0106395904,0104220419,Chi phí kho bãi,4089000000,408900000,mua_vao,0,3651
0000028,2021-07-20,0104630172,0104220419,DV logistics,8583000000,858300000,mua_vao,0,3652
0000046,2021-08-20,0102159423,0104220419,Mua HH NK,6950000000,695000000,mua_vao,0,3653
0000026,2021-09-20,0106682049,0104220419,Mua HH ND,11043000000,1104300000,mua_vao,0,3654
0000043,2021-10-20,0101056111,0104220419,Mua HH ND,7374000000,737400000,mua_vao,0,3655
0000012,2021-11-20,0106467242,0104220419,Mua HH NK,6143000000,614300000,mua_vao,0,3656
0000018,2021-12-20,0105908818,0104220419,Chi phí kho bãi,10875000000,1087500000,mua_vao,0,3657
0000042,2021-01-25,0101437981,0104220419,DV logistics,3520000000,352000000,mua_vao,0,3658
0000038,2021-02-28,0102625829,0104220419,Mua HH NK,11193000000,1119300000,mua_vao,0,3659
0000048,2021-04-30,0100373485,0104220419,Phí hải quan,9861000000,986100000,mua_vao,0,3660
0000041,2021-06-30,0101639000,0104220419,DV logistics,9123000000,0,mua_vao,0,3661
0000051,2021-09-30,0102264812,0104220419,Phí hải quan,2837000000,283700000,mua_vao,0,3662
0000033,2021-11-30,0100101308,0104220419,Mua HH NK,2851000000,285100000,mua_vao,0,3663
0000023,2021-03-31,0104380966,0104220419,DV logistics,5371000000,537100000,mua_vao,0,3664
0000044,2021-05-31,0100680623,0104220419,Phí hải quan,4612000000,0,mua_vao,0,3665
0000014,2021-07-31,0100902202,0104220419,Phí hải quan,4236000000,423600000,mua_vao,0,3666
0000047,2021-08-31,0102159423,0104220419,DV tư vấn TM,10884000000,1088400000,mua_vao,0,3667
0000044,2021-10-31,0101056111,0104220419,Mua HH NK,6209000000,620900000,mua_vao,0,3668
0000023,2021-12-31,0105189320,0104220419,DV tư vấn TM,6110000000,611000000,mua_vao,0,3669
0000056,2021-12-31,0103769372,0104220419,DV tư vấn TM,8058000000,805800000,mua_vao,0,3670
0000017,2021-12-31,0106395904,0104220419,Mua HH NK,5918000000,591800000,mua_vao,0,3671
0000027,2021-12-31,0106682049,0104220419,Phí hải quan,10596000000,1059600000,mua_vao,0,3672
0000018,2021-12-31,0106300187,0104220419,Mua HH NK,10563000000,1056300000,mua_vao,0,3673
0000019,2021-12-31,0106255939,0104220419,DV tư vấn TM,5185000000,518500000,mua_vao,0,3674
0000042,2021-12-31,0101454070,0104220419,DV logistics,11239000000,1123900000,mua_vao,0,3675
0000029,2021-12-31,0100105503,0104220419,Mua HH NK,9015000000,901500000,mua_vao,0,3676
0000015,2021-12-31,0100902202,0104220419,DV tư vấn TM,6200000000,620000000,mua_vao,0,3677
0000030,2021-12-31,0100105503,0104220419,DV tư vấn TM,8866000000,886600000,mua_vao,0,3678
0000052,2021-12-31,0102264812,0104220419,Chi phí kho bãi,3078000000,307800000,mua_vao,0,3679
0000037,2021-12-31,0101380936,0104220419,Chi phí kho bãi,8207000000,820700000,mua_vao,0,3680
0000012,2021-12-31,0104220419,0104220419,DV tư vấn TM,7311000000,731100000,mua_vao,0,3681
0000027,2021-12-31,0101452549,0104220419,Chi phí kho bãi,11083000000,1108300000,mua_vao,0,3682
0000001,2021-05-01,0104220419,0100101403,Xuất khẩu HH,7553000000,755300000,ban_ra,0,3683
0000002,2021-05-02,0104220419,0100101308,Bán HH theo HĐ,9759000000,975900000,ban_ra,0,3684
0000003,2021-10-03,0104220419,0106467242,Cung cấp DV TM,9125000000,912500000,ban_ra,0,3685
0000004,2021-10-04,0104220419,0100373485,Xuất khẩu HH,9152000000,915200000,ban_ra,0,3686
0000005,2021-10-05,0104220419,0102712091,Cung cấp DV TM,15071000000,1507100000,ban_ra,0,3687
0000006,2021-10-06,0104220419,0106187171,Xuất khẩu HH,10783000000,1078300000,ban_ra,0,3688
0000007,2021-10-07,0104220419,0104630172,Cung cấp DV TM,5834000000,583400000,ban_ra,0,3689
0000008,2021-10-08,0104220419,0101377820,Xuất khẩu HH,4811000000,0,ban_ra,0,3690
0000009,2021-10-09,0104220419,0102331787,Xuất khẩu HH,4003000000,400300000,ban_ra,0,3691
0000010,2021-10-10,0104220419,0106467242,Bán HH ND,5188000000,518800000,ban_ra,0,3692
0000011,2021-10-11,0104220419,0104141407,Bán HH ND,12504000000,1250400000,ban_ra,0,3693
0000012,2021-10-12,0104220419,0102625829,Xuất khẩu HH,8904000000,890400000,ban_ra,0,3694
0000013,2021-01-15,0104220419,0101225306,Bán HH ND,14820000000,1482000000,ban_ra,0,3695
0000014,2021-02-15,0104220419,0101770848,Bán HH theo HĐ,3898000000,389800000,ban_ra,0,3696
0000015,2021-03-20,0104220419,0105853894,Bán HH ND,4895000000,489500000,ban_ra,0,3697
0000016,2021-04-20,0104220419,0104141407,Cung cấp DV TM,13264000000,1326400000,ban_ra,0,3698
0000017,2021-05-20,0104220419,0103240765,Xuất khẩu HH,11639000000,1163900000,ban_ra,0,3699
0000018,2021-06-20,0104220419,0101452549,Cung cấp DV TM,14997000000,1499700000,ban_ra,0,3700
0000019,2021-07-20,0104220419,0102331787,Bán HH theo HĐ,4167000000,416700000,ban_ra,0,3701
0000020,2021-08-20,0104220419,0102625829,Bán HH theo HĐ,10528000000,1052800000,ban_ra,0,3702
0000021,2021-09-20,0104220419,0101225306,Cung cấp DV TM,13305000000,1330500000,ban_ra,0,3703
0000022,2021-10-20,0104220419,0106682049,Bán HH ND,11231000000,1123100000,ban_ra,0,3704
0000023,2021-11-20,0104220419,0105189320,Bán HH theo HĐ,10474000000,1047400000,ban_ra,0,3705
0000024,2021-12-20,0104220419,0100113494,Bán HH ND,8827000000,0,ban_ra,0,3706
0000025,2021-01-25,0104220419,0106187171,Cung cấp DV TM,13945000000,1394500000,ban_ra,0,3707
0000026,2021-02-28,0104220419,0102712091,Cung cấp DV TM,14948000000,1494800000,ban_ra,0,3708
0000027,2021-04-30,0104220419,0106116043,Cung cấp DV TM,8817000000,0,ban_ra,0,3709
0000028,2021-06-30,0104220419,0101056111,Xuất khẩu HH,10410000000,1041000000,ban_ra,0,3710
0000029,2021-09-30,0104220419,0102625829,Bán HH theo HĐ,15390000000,1539000000,ban_ra,0,3711
0000030,2021-11-30,0104220419,0106682049,Cung cấp DV TM,8102000000,810200000,ban_ra,0,3712
0000031,2021-03-31,0104220419,0104380966,Bán HH theo HĐ,14972000000,1497200000,ban_ra,0,3713
0000032,2021-05-31,0104220419,0101454070,Bán HH ND,10530000000,1053000000,ban_ra,0,3714
0000033,2021-07-31,0104220419,0100373485,Cung cấp DV TM,14547000000,1454700000,ban_ra,0,3715
0000034,2021-08-31,0104220419,0101639000,Xuất khẩu HH,11193000000,1119300000,ban_ra,0,3716
0000035,2021-10-31,0104220419,0104220419,Bán HH ND,8598000000,859800000,ban_ra,0,3717
0000036,2021-12-31,0104220419,0100680623,Bán HH theo HĐ,10712000000,0,ban_ra,0,3718
0000037,2021-12-31,0104220419,0102331787,Cung cấp DV TM,12758000000,1275800000,ban_ra,0,3719
0000038,2021-12-31,0104220419,0102331787,Xuất khẩu HH,11060000000,1106000000,ban_ra,0,3720
0000039,2021-12-31,0104220419,0105189320,Bán HH theo HĐ,8848000000,884800000,ban_ra,0,3721
0000040,2021-12-31,0104220419,0106116043,Bán HH ND,10509000000,1050900000,ban_ra,0,3722
0000041,2021-12-31,0104220419,0101454070,Bán HH ND,7949000000,794900000,ban_ra,0,3723
0000042,2021-12-31,0104220419,0102712091,Xuất khẩu HH,8196000000,819600000,ban_ra,0,3724
0000043,2021-12-31,0104220419,0100373485,Bán HH theo HĐ,4836000000,483600000,ban_ra,0,3725
0000044,2021-12-31,0104220419,0106112810,Xuất khẩu HH,11426000000,1142600000,ban_ra,0,3726
0000045,2021-12-31,0104220419,0101056111,Bán HH theo HĐ,11746000000,0,ban_ra,0,3727
0000046,2021-12-31,0104220419,0106467242,Xuất khẩu HH,4030000000,403000000,ban_ra,0,3728
0000047,2021-12-31,0104220419,0106116043,Bán HH ND,4235000000,423500000,ban_ra,0,3729
0000048,2021-12-31,0104220419,0102191498,Cung cấp DV TM,4663000000,466300000,ban_ra,0,3730
0000049,2021-12-31,0104220419,0102625829,Cung cấp DV TM,11310000000,1131000000,ban_ra,0,3731
0000050,2021-12-31,0104220419,0103769372,Xuất khẩu HH,4341000000,434100000,ban_ra,0,3732
0000027,2021-05-01,0101329672,0104380966,Mua bao bì,6143000000,614300000,mua_vao,0,3733
0000018,2021-05-02,0106395904,0104380966,Mua NVL SX,16511000000,1651100000,mua_vao,0,3734
0000028,2021-10-03,0106682049,0104380966,Mua phụ tùng,8626000000,862600000,mua_vao,0,3735
0000031,2021-10-04,0100105503,0104380966,Mua điện SX,22027000000,0,mua_vao,0,3736
0000028,2021-10-05,0101452549,0104380966,DV bảo trì,14583000000,1458300000,mua_vao,0,3737
0000032,2021-10-06,0100105503,0104380966,DV bảo trì,20170000000,2017000000,mua_vao,0,3738
0000016,2021-10-07,0106399994,0104380966,Mua điện SX,7812000000,781200000,mua_vao,0,3739
0000014,2021-10-08,0106112810,0104380966,DV kiểm định,9160000000,916000000,mua_vao,0,3740
0000028,2021-10-09,0101329672,0104380966,Mua NVL SX,12705000000,0,mua_vao,0,3741
0000013,2021-10-10,0104220419,0104380966,Mua điện SX,19657000000,1965700000,mua_vao,0,3742
0000048,2021-10-11,0101225306,0104380966,Mua bao bì,7059000000,705900000,mua_vao,0,3743
0000039,2021-10-12,0102625829,0104380966,Mua NVL SX,11291000000,1129100000,mua_vao,0,3744
0000029,2021-02-15,0101329672,0104380966,Mua bao bì,9503000000,950300000,mua_vao,0,3745
0000011,2021-03-20,0106187171,0104380966,DV bảo trì,5953000000,595300000,mua_vao,0,3746
0000026,2021-04-20,0103240765,0104380966,DV vận chuyển,12773000000,1277300000,mua_vao,0,3747
0000029,2021-05-20,0106682049,0104380966,Mua phụ tùng,11271000000,1127100000,mua_vao,0,3748
0000018,2021-06-20,0105294741,0104380966,Mua bao bì,9582000000,958200000,mua_vao,0,3749
0000016,2021-07-20,0106116043,0104380966,DV bảo trì,11012000000,1101200000,mua_vao,0,3750
0000029,2021-08-20,0104630172,0104380966,DV bảo trì,18367000000,1836700000,mua_vao,0,3751
0000014,2021-09-20,0104220419,0104380966,Mua NVL SX,17870000000,0,mua_vao,0,3752
0000017,2021-10-20,0106399994,0104380966,Mua phụ tùng,9576000000,957600000,mua_vao,0,3753
0000030,2021-11-20,0101377820,0104380966,DV kiểm định,9987000000,998700000,mua_vao,0,3754
0000043,2021-12-20,0102311149,0104380966,DV bảo trì,12513000000,1251300000,mua_vao,0,3755
0000017,2021-01-25,0106116043,0104380966,Mua bao bì,14776000000,1477600000,mua_vao,0,3756
0000029,2021-02-28,0101452549,0104380966,DV vận chuyển,21325000000,2132500000,mua_vao,0,3757
0000032,2021-04-30,0104976614,0104380966,Mua NVL SX,16954000000,1695400000,mua_vao,0,3758
0000030,2021-06-30,0104630172,0104380966,Mua NVL SX,6045000000,604500000,mua_vao,0,3759
0000030,2021-09-30,0101329672,0104380966,Mua bao bì,10996000000,0,mua_vao,0,3760
0000045,2021-11-30,0100680623,0104380966,DV kiểm định,18503000000,1850300000,mua_vao,0,3761
0000010,2021-03-31,0105853894,0104380966,Mua NVL SX,7001000000,700100000,mua_vao,0,3762
0000036,2021-05-31,0101598393,0104380966,DV bảo trì,21233000000,0,mua_vao,0,3763
0000033,2021-07-31,0104976614,0104380966,Mua NL SX,21552000000,2155200000,mua_vao,0,3764
0000019,2021-08-31,0105908818,0104380966,DV bảo trì,9490000000,949000000,mua_vao,0,3765
0000013,2021-10-31,0106467242,0104380966,Mua NL SX,20222000000,0,mua_vao,0,3766
0000014,2021-12-31,0106467242,0104380966,Mua điện SX,18646000000,1864600000,mua_vao,0,3767
0000038,2021-12-31,0104141407,0104380966,Mua điện SX,6626000000,662600000,mua_vao,0,3768
0000048,2021-12-31,0102191498,0104380966,DV bảo trì,13881000000,1388100000,mua_vao,0,3769
0000024,2021-12-31,0105492983,0104380966,DV kiểm định,17658000000,1765800000,mua_vao,0,3770
0000050,2021-12-31,0102712091,0104380966,DV vận chuyển,16582000000,1658200000,mua_vao,0,3771
0000039,2021-12-31,0103711478,0104380966,Mua bao bì,13445000000,1344500000,mua_vao,0,3772
0000011,2021-12-31,0105853894,0104380966,Mua phụ tùng,22225000000,0,mua_vao,0,3773
0000039,2021-12-31,0104141407,0104380966,Mua phụ tùng,11154000000,1115400000,mua_vao,0,3774
0000019,2021-12-31,0106395904,0104380966,Mua NL SX,9458000000,945800000,mua_vao,0,3775
0000042,2021-12-31,0101770848,0104380966,DV kiểm định,15291000000,1529100000,mua_vao,0,3776
0000040,2021-12-31,0103711478,0104380966,DV bảo trì,18320000000,1832000000,mua_vao,0,3777
0000049,2021-12-31,0102191498,0104380966,Mua NL SX,11228000000,1122800000,mua_vao,0,3778
0000034,2021-12-31,0100101308,0104380966,DV vận chuyển,8707000000,870700000,mua_vao,0,3779
0000033,2021-12-31,0100105503,0104380966,Mua phụ tùng,12371000000,1237100000,mua_vao,0,3780
0000020,2021-12-31,0106395904,0104380966,Mua phụ tùng,12677000000,1267700000,mua_vao,0,3781
0000001,2021-05-01,0104380966,0104220419,Bán phụ phẩm,23138000000,2313800000,ban_ra,0,3782
0000002,2021-05-02,0104380966,0101639000,Bán phụ phẩm,21696000000,0,ban_ra,0,3783
0000003,2021-10-03,0104380966,0102159423,Bán SP đặt hàng,22136000000,2213600000,ban_ra,0,3784
0000004,2021-10-04,0104380966,0101056111,Bán SP đặt hàng,8122000000,812200000,ban_ra,0,3785
0000005,2021-10-05,0104380966,0101770848,Bán phụ phẩm,23356000000,2335600000,ban_ra,0,3786
0000006,2021-10-06,0104380966,0102191498,Bán SP đặt hàng,29090000000,2909000000,ban_ra,0,3787
0000007,2021-10-07,0104380966,0100101308,Xuất khẩu SP,17571000000,0,ban_ra,0,3788
0000008,2021-10-08,0104380966,0101601092,Bán SP đặt hàng,11678000000,1167800000,ban_ra,0,3789
0000009,2021-10-09,0104380966,0103769372,Bán SP đặt hàng,21043000000,2104300000,ban_ra,0,3790
0000010,2021-10-10,0104380966,0103769372,Bán phụ phẩm,24320000000,2432000000,ban_ra,0,3791
0000011,2021-10-11,0104380966,0106187171,Bán phụ phẩm,8004000000,800400000,ban_ra,0,3792
0000012,2021-10-12,0104380966,0106467242,Bán SP TP,26587000000,2658700000,ban_ra,0,3793
0000013,2021-01-15,0104380966,0106255939,Xuất khẩu SP,27752000000,2775200000,ban_ra,0,3794
0000014,2021-02-15,0104380966,0101598393,Xuất khẩu SP,10464000000,1046400000,ban_ra,0,3795
0000015,2021-03-20,0104380966,0101437981,Bán phụ phẩm,27793000000,2779300000,ban_ra,0,3796
0000016,2021-04-20,0104380966,0104976614,Bán SP TP,28345000000,2834500000,ban_ra,0,3797
0000017,2021-05-20,0104380966,0101329672,Bán phụ phẩm,16810000000,1681000000,ban_ra,0,3798
0000018,2021-06-20,0104380966,0106116043,Bán SP đặt hàng,29053000000,2905300000,ban_ra,0,3799
0000019,2021-07-20,0104380966,0106116043,Bán SP đặt hàng,12594000000,1259400000,ban_ra,0,3800
0000020,2021-08-20,0104380966,0101454070,Bán SP đặt hàng,15906000000,1590600000,ban_ra,0,3801
0000021,2021-09-20,0104380966,0101435247,Xuất khẩu SP,18711000000,1871100000,ban_ra,0,3802
0000022,2021-10-20,0104380966,0101435247,Bán SP đặt hàng,11445000000,1144500000,ban_ra,0,3803
0000023,2021-11-20,0104380966,0106116043,Bán SP đặt hàng,23181000000,2318100000,ban_ra,0,3804
0000024,2021-12-20,0104380966,0102159423,Bán phụ phẩm,27448000000,0,ban_ra,0,3805
0000025,2021-01-25,0104380966,0105492983,Bán SP TP,24784000000,2478400000,ban_ra,0,3806
0000026,2021-02-28,0104380966,0101377820,Bán SP đặt hàng,26245000000,2624500000,ban_ra,0,3807
0000027,2021-04-30,0104380966,0106116043,Xuất khẩu SP,14284000000,1428400000,ban_ra,0,3808
0000028,2021-06-30,0104380966,0101770848,Bán SP đặt hàng,8403000000,840300000,ban_ra,0,3809
0000029,2021-09-30,0104380966,0100105503,Bán SP đặt hàng,9539000000,953900000,ban_ra,0,3810
0000030,2021-11-30,0104380966,0106112810,Xuất khẩu SP,21070000000,2107000000,ban_ra,0,3811
0000031,2021-03-31,0104380966,0100105503,Xuất khẩu SP,12928000000,1292800000,ban_ra,0,3812
0000032,2021-05-31,0104380966,0104220419,Xuất khẩu SP,10077000000,0,ban_ra,0,3813
0000033,2021-07-31,0104380966,0106395904,Xuất khẩu SP,8980000000,898000000,ban_ra,0,3814
0000034,2021-08-31,0104380966,0100902202,Xuất khẩu SP,26027000000,2602700000,ban_ra,0,3815
0000035,2021-10-31,0104380966,0101437981,Bán SP TP,24689000000,2468900000,ban_ra,0,3816
0000036,2021-12-31,0104380966,0103769372,Bán SP đặt hàng,11353000000,1135300000,ban_ra,0,3817
0000037,2021-12-31,0104380966,0100105503,Bán SP đặt hàng,13968000000,1396800000,ban_ra,0,3818
0000038,2021-12-31,0104380966,0106395904,Bán SP TP,9313000000,931300000,ban_ra,0,3819
0000039,2021-12-31,0104380966,0100101403,Xuất khẩu SP,8913000000,0,ban_ra,0,3820
0000040,2021-12-31,0104380966,0105853894,Bán SP TP,15492000000,1549200000,ban_ra,0,3821
0000041,2021-12-31,0104380966,0104976614,Bán SP đặt hàng,21279000000,2127900000,ban_ra,0,3822
0000042,2021-12-31,0104380966,0103240765,Bán SP TP,12150000000,1215000000,ban_ra,0,3823
0000043,2021-12-31,0104380966,0105294741,Bán SP TP,15707000000,1570700000,ban_ra,0,3824
0000044,2021-12-31,0104380966,0101437981,Bán phụ phẩm,20238000000,0,ban_ra,0,3825
0000045,2021-12-31,0104380966,0100113494,Bán SP TP,24610000000,2461000000,ban_ra,0,3826
0000046,2021-12-31,0104380966,0104141407,Xuất khẩu SP,16419000000,0,ban_ra,0,3827
0000047,2021-12-31,0104380966,0100101308,Bán SP đặt hàng,25675000000,2567500000,ban_ra,0,3828
0000048,2021-12-31,0104380966,0100373485,Bán SP TP,9471000000,947100000,ban_ra,0,3829
0000049,2021-12-31,0104380966,0101056111,Bán SP đặt hàng,11000000000,1100000000,ban_ra,0,3830
0000050,2021-12-31,0104380966,0100101308,Xuất khẩu SP,27610000000,2761000000,ban_ra,0,3831
0000039,2021-05-01,0100101403,0104630172,DV tư vấn TM,5646000000,564600000,mua_vao,0,3832
0000043,2021-05-02,0101437981,0104630172,Mua HH ND,8347000000,834700000,mua_vao,0,3833
0000031,2021-10-03,0101377820,0104630172,Mua HH NK,6630000000,663000000,mua_vao,0,3834
0000038,2021-10-04,0101380936,0104630172,Chi phí kho bãi,6331000000,0,mua_vao,0,3835
0000040,2021-10-05,0100101403,0104630172,Phí hải quan,8726000000,872600000,mua_vao,0,3836
0000034,2021-10-06,0100105503,0104630172,Phí hải quan,8995000000,899500000,mua_vao,0,3837
0000037,2021-10-07,0101598393,0104630172,Mua HH ND,6784000000,678400000,mua_vao,0,3838
0000027,2021-10-08,0103240765,0104630172,Mua HH NK,6608000000,660800000,mua_vao,0,3839
0000050,2021-10-09,0102191498,0104630172,Mua HH NK,9434000000,943400000,mua_vao,0,3840
0000040,2021-10-10,0102625829,0104630172,Mua HH ND,11183000000,1118300000,mua_vao,0,3841
0000051,2021-10-11,0102191498,0104630172,Mua HH NK,9992000000,999200000,mua_vao,0,3842
0000015,2021-10-12,0104220419,0104630172,Chi phí kho bãi,9311000000,931100000,mua_vao,0,3843
0000021,2021-01-15,0106395904,0104630172,Mua HH NK,6644000000,664400000,mua_vao,0,3844
0000018,2021-02-15,0106399994,0104630172,Mua HH NK,13202000000,1320200000,mua_vao,0,3845
0000048,2021-03-20,0102159423,0104630172,Phí hải quan,5411000000,541100000,mua_vao,0,3846
0000020,2021-04-20,0106255939,0104630172,Phí hải quan,12149000000,1214900000,mua_vao,0,3847
0000049,2021-05-20,0102159423,0104630172,Mua HH NK,7143000000,714300000,mua_vao,0,3848
0000053,2021-06-20,0102264812,0104630172,DV logistics,5639000000,563900000,mua_vao,0,3849
0000022,2021-07-20,0106395904,0104630172,DV logistics,13153000000,1315300000,mua_vao,0,3850
0000038,2021-08-20,0101598393,0104630172,Phí hải quan,8728000000,872800000,mua_vao,0,3851
0000057,2021-09-20,0103769372,0104630172,Mua HH NK,8703000000,870300000,mua_vao,0,3852
0000046,2021-10-20,0100680623,0104630172,DV logistics,6949000000,694900000,mua_vao,0,3853
0000031,2021-11-20,0101329672,0104630172,Phí hải quan,9280000000,928000000,mua_vao,0,3854
0000051,2021-12-20,0102712091,0104630172,DV logistics,9302000000,930200000,mua_vao,0,3855
0000030,2021-01-25,0106682049,0104630172,DV logistics,10330000000,1033000000,mua_vao,0,3856
0000043,2021-02-28,0101770848,0104630172,DV tư vấn TM,12502000000,1250200000,mua_vao,0,3857
0000054,2021-04-30,0102264812,0104630172,Chi phí kho bãi,6301000000,630100000,mua_vao,0,3858
0000035,2021-06-30,0101435247,0104630172,Mua HH ND,5338000000,0,mua_vao,0,3859
0000031,2021-09-30,0106682049,0104630172,DV logistics,13194000000,1319400000,mua_vao,0,3860
0000043,2021-11-30,0101454070,0104630172,Mua HH NK,11074000000,1107400000,mua_vao,0,3861
0000019,2021-03-31,0106399994,0104630172,DV logistics,4902000000,490200000,mua_vao,0,3862
0000019,2021-05-31,0106300187,0104630172,Phí hải quan,9685000000,0,mua_vao,0,3863
0000036,2021-07-31,0101435247,0104630172,DV logistics,13244000000,1324400000,mua_vao,0,3864
0000052,2021-08-31,0102191498,0104630172,Chi phí kho bãi,10143000000,1014300000,mua_vao,0,3865
0000058,2021-10-31,0103769372,0104630172,Mua HH NK,10254000000,1025400000,mua_vao,0,3866
0000042,2021-12-31,0101639000,0104630172,DV logistics,11025000000,1102500000,mua_vao,0,3867
0000055,2021-12-31,0102264812,0104630172,Mua HH ND,11581000000,1158100000,mua_vao,0,3868
0000035,2021-12-31,0100105503,0104630172,DV logistics,6930000000,693000000,mua_vao,0,3869
0000018,2021-12-31,0106116043,0104630172,DV logistics,12466000000,1246600000,mua_vao,0,3870
0000044,2021-12-31,0101601092,0104630172,DV logistics,4193000000,419300000,mua_vao,0,3871
0000019,2021-12-31,0106116043,0104630172,DV tư vấn TM,9833000000,983300000,mua_vao,0,3872
0000015,2021-12-31,0106467242,0104630172,Mua HH ND,6114000000,611400000,mua_vao,0,3873
0000044,2021-12-31,0102311149,0104630172,Mua HH NK,6450000000,645000000,mua_vao,0,3874
0000036,2021-12-31,0100105503,0104630172,DV logistics,10394000000,1039400000,mua_vao,0,3875
0000020,2021-12-31,0106116043,0104630172,DV logistics,10007000000,1000700000,mua_vao,0,3876
0000032,2021-12-31,0106682049,0104630172,Mua HH ND,8908000000,890800000,mua_vao,0,3877
0000050,2021-12-31,0102159423,0104630172,Phí hải quan,5489000000,0,mua_vao,0,3878
0000049,2021-12-31,0100373485,0104630172,DV logistics,4194000000,419400000,mua_vao,0,3879
0000039,2021-12-31,0101380936,0104630172,Chi phí kho bãi,4127000000,412700000,mua_vao,0,3880
0000045,2021-12-31,0101056111,0104630172,Mua HH ND,8153000000,815300000,mua_vao,0,3881
0000001,2021-05-01,0104630172,0101454070,Xuất khẩu HH,13363000000,1336300000,ban_ra,0,3882
0000002,2021-05-02,0104630172,0102625829,Cung cấp DV TM,15403000000,1540300000,ban_ra,0,3883
0000003,2021-10-03,0104630172,0102264812,Xuất khẩu HH,12434000000,1243400000,ban_ra,0,3884
0000004,2021-10-04,0104630172,0102264812,Cung cấp DV TM,11223000000,1122300000,ban_ra,0,3885
0000005,2021-10-05,0104630172,0106467242,Bán HH ND,6630000000,663000000,ban_ra,0,3886
0000006,2021-10-06,0104630172,0103769372,Bán HH theo HĐ,10627000000,1062700000,ban_ra,0,3887
0000007,2021-10-07,0104630172,0101225306,Cung cấp DV TM,9908000000,990800000,ban_ra,0,3888
0000008,2021-10-08,0104630172,0100373485,Bán HH ND,4689000000,468900000,ban_ra,0,3889
0000009,2021-10-09,0104630172,0100101308,Bán HH ND,16811000000,1681100000,ban_ra,0,3890
0000010,2021-10-10,0104630172,0100680623,Bán HH ND,17211000000,1721100000,ban_ra,0,3891
0000011,2021-10-11,0104630172,0105327316,Bán HH ND,16747000000,1674700000,ban_ra,0,3892
0000012,2021-10-12,0104630172,0102191498,Xuất khẩu HH,18121000000,1812100000,ban_ra,0,3893
0000013,2021-01-15,0104630172,0106399994,Xuất khẩu HH,12606000000,1260600000,ban_ra,0,3894
0000014,2021-02-15,0104630172,0100101308,Bán HH theo HĐ,6688000000,668800000,ban_ra,0,3895
0000015,2021-03-20,0104630172,0100373485,Bán HH theo HĐ,15389000000,1538900000,ban_ra,0,3896
0000016,2021-04-20,0104630172,0105908818,Bán HH ND,6700000000,670000000,ban_ra,0,3897
0000017,2021-05-20,0104630172,0104630172,Bán HH theo HĐ,18214000000,1821400000,ban_ra,0,3898
0000018,2021-06-20,0104630172,0106399994,Bán HH ND,9292000000,0,ban_ra,0,3899
0000019,2021-07-20,0104630172,0100101403,Cung cấp DV TM,16213000000,1621300000,ban_ra,0,3900
0000020,2021-08-20,0104630172,0103711478,Cung cấp DV TM,6971000000,697100000,ban_ra,0,3901
0000021,2021-09-20,0104630172,0105908818,Cung cấp DV TM,16425000000,1642500000,ban_ra,0,3902
0000022,2021-10-20,0104630172,0104220419,Cung cấp DV TM,6076000000,607600000,ban_ra,0,3903
0000024,2021-12-20,0104630172,0102191498,Xuất khẩu HH,4785000000,478500000,ban_ra,0,3904
0000025,2021-01-25,0104630172,0106187171,Bán HH ND,16552000000,1655200000,ban_ra,0,3905
0000026,2021-02-28,0104630172,0106399994,Cung cấp DV TM,6483000000,648300000,ban_ra,0,3906
0000027,2021-04-30,0104630172,0102191498,Xuất khẩu HH,4651000000,465100000,ban_ra,0,3907
0000028,2021-06-30,0104630172,0103711478,Cung cấp DV TM,13701000000,1370100000,ban_ra,0,3908
0000029,2021-09-30,0104630172,0106682049,Xuất khẩu HH,13704000000,1370400000,ban_ra,0,3909
0000030,2021-11-30,0104630172,0101639000,Xuất khẩu HH,7815000000,0,ban_ra,0,3910
0000031,2021-03-31,0104630172,0106399994,Bán HH theo HĐ,10021000000,1002100000,ban_ra,0,3911
0000032,2021-05-31,0104630172,0103711478,Cung cấp DV TM,9753000000,975300000,ban_ra,0,3912
0000033,2021-07-31,0104630172,0106300187,Bán HH theo HĐ,6957000000,695700000,ban_ra,0,3913
0000034,2021-08-31,0104630172,0104220419,Bán HH theo HĐ,12322000000,1232200000,ban_ra,0,3914
0000035,2021-10-31,0104630172,0102159423,Bán HH ND,9576000000,957600000,ban_ra,0,3915
0000036,2021-12-31,0104630172,0103769372,Bán HH ND,5616000000,561600000,ban_ra,0,3916
0000037,2021-12-31,0104630172,0105492983,Xuất khẩu HH,6707000000,670700000,ban_ra,0,3917
0000038,2021-12-31,0104630172,0104141407,Cung cấp DV TM,7581000000,758100000,ban_ra,0,3918
0000039,2021-12-31,0104630172,0102191498,Bán HH theo HĐ,13939000000,1393900000,ban_ra,0,3919
0000040,2021-12-31,0104630172,0103711478,Cung cấp DV TM,10770000000,1077000000,ban_ra,0,3920
0000041,2021-12-31,0104630172,0101601092,Bán HH ND,17369000000,1736900000,ban_ra,0,3921
0000042,2021-12-31,0104630172,0101639000,Cung cấp DV TM,13008000000,1300800000,ban_ra,0,3922
0000043,2021-12-31,0104630172,0100373485,Bán HH theo HĐ,12458000000,1245800000,ban_ra,0,3923
0000044,2021-12-31,0104630172,0104380966,Cung cấp DV TM,12071000000,1207100000,ban_ra,0,3924
0000045,2021-12-31,0104630172,0104630172,Xuất khẩu HH,5309000000,530900000,ban_ra,0,3925
0000046,2021-12-31,0104630172,0100101308,Bán HH theo HĐ,15917000000,1591700000,ban_ra,0,3926
0000047,2021-12-31,0104630172,0100101403,Bán HH ND,13233000000,1323300000,ban_ra,0,3927
0000048,2021-12-31,0104630172,0100113494,Bán HH ND,6971000000,697100000,ban_ra,0,3928
0000049,2021-12-31,0104630172,0104220419,Bán HH theo HĐ,6746000000,674600000,ban_ra,0,3929
0000050,2021-12-31,0104630172,0100105503,Bán HH ND,12618000000,1261800000,ban_ra,0,3930
0000023,2021-05-01,0106395904,0104976614,DV tư vấn TM,5932000000,0,mua_vao,0,3931
0000037,2021-05-02,0100105503,0104976614,Mua HH ND,7908000000,790800000,mua_vao,0,3932
0000049,2021-10-03,0101225306,0104976614,DV logistics,8006000000,800600000,mua_vao,0,3933
0000041,2021-10-04,0100101403,0104976614,Chi phí kho bãi,8163000000,816300000,mua_vao,0,3934
0000025,2021-10-05,0105492983,0104976614,DV tư vấn TM,9019000000,901900000,mua_vao,0,3935
0000032,2021-10-06,0101377820,0104976614,Mua HH ND,3719000000,371900000,mua_vao,0,3936
0000020,2021-10-07,0106399994,0104976614,Mua HH NK,3932000000,393200000,mua_vao,0,3937
0000037,2021-10-08,0101435247,0104976614,DV logistics,6547000000,654700000,mua_vao,0,3938
0000050,2021-10-09,0101225306,0104976614,Chi phí kho bãi,6694000000,669400000,mua_vao,0,3939
0000046,2021-10-10,0101056111,0104976614,Mua HH NK,7181000000,718100000,mua_vao,0,3940
0000031,2021-10-11,0104630172,0104976614,Chi phí kho bãi,5938000000,593800000,mua_vao,0,3941
0000050,2021-10-12,0102331787,0104976614,Mua HH ND,10510000000,1051000000,mua_vao,0,3942
0000016,2021-01-15,0106467242,0104976614,Mua HH ND,10816000000,1081600000,mua_vao,0,3943
0000052,2021-02-15,0102712091,0104976614,Chi phí kho bãi,11179000000,1117900000,mua_vao,0,3944
0000044,2021-03-20,0101770848,0104976614,DV tư vấn TM,10611000000,1061100000,mua_vao,0,3945
0000021,2021-04-20,0106399994,0104976614,DV tư vấn TM,9789000000,978900000,mua_vao,0,3946
0000050,2021-05-20,0100373485,0104976614,Chi phí kho bãi,5548000000,554800000,mua_vao,0,3947
0000033,2021-06-20,0106682049,0104976614,Chi phí kho bãi,9907000000,990700000,mua_vao,0,3948
0000015,2021-07-20,0106112810,0104976614,Mua HH NK,7745000000,774500000,mua_vao,0,3949
0000021,2021-08-20,0105327316,0104976614,DV tư vấn TM,3259000000,0,mua_vao,0,3950
0000035,2021-09-20,0100101308,0104976614,Phí hải quan,3761000000,376100000,mua_vao,0,3951
0000036,2021-10-20,0100101308,0104976614,Chi phí kho bãi,11449000000,1144900000,mua_vao,0,3952
0000030,2021-11-20,0101452549,0104976614,Mua HH ND,3900000000,390000000,mua_vao,0,3953
0000033,2021-12-20,0101377820,0104976614,DV tư vấn TM,3267000000,326700000,mua_vao,0,3954
0000051,2021-01-25,0101225306,0104976614,Mua HH NK,8723000000,872300000,mua_vao,0,3955
0000022,2021-02-28,0106399994,0104976614,Mua HH ND,5172000000,517200000,mua_vao,0,3956
0000045,2021-04-30,0101770848,0104976614,Mua HH ND,9390000000,939000000,mua_vao,0,3957
0000046,2021-06-30,0101770848,0104976614,Chi phí kho bãi,7173000000,717300000,mua_vao,0,3958
0000040,2021-09-30,0104141407,0104976614,Chi phí kho bãi,11411000000,1141100000,mua_vao,0,3959
0000043,2021-11-30,0101639000,0104976614,Mua HH NK,10685000000,1068500000,mua_vao,0,3960
0000020,2021-03-31,0106300187,0104976614,DV logistics,9419000000,941900000,mua_vao,0,3961
0000021,2021-05-31,0106300187,0104976614,Chi phí kho bãi,11512000000,1151200000,mua_vao,0,3962
0000044,2021-07-31,0101437981,0104976614,Mua HH NK,4351000000,435100000,mua_vao,0,3963
0000056,2021-08-31,0102264812,0104976614,Mua HH NK,8095000000,0,mua_vao,0,3964
0000034,2021-10-31,0106682049,0104976614,Chi phí kho bãi,7766000000,776600000,mua_vao,0,3965
0000019,2021-12-31,0105294741,0104976614,Mua HH ND,5511000000,551100000,mua_vao,0,3966
0000047,2021-12-31,0101770848,0104976614,Chi phí kho bãi,11186000000,1118600000,mua_vao,0,3967
0000024,2021-12-31,0105189320,0104976614,Mua HH ND,4190000000,419000000,mua_vao,0,3968
0000042,2021-12-31,0100101403,0104976614,DV logistics,3956000000,395600000,mua_vao,0,3969
0000016,2021-12-31,0104220419,0104976614,DV tư vấn TM,3897000000,389700000,mua_vao,0,3970
0000053,2021-12-31,0102712091,0104976614,Mua HH ND,11088000000,1108800000,mua_vao,0,3971
0000017,2021-12-31,0106467242,0104976614,DV logistics,9105000000,910500000,mua_vao,0,3972
0000053,2021-12-31,0102191498,0104976614,Mua HH ND,3759000000,375900000,mua_vao,0,3973
0000024,2021-12-31,0100113494,0104976614,Mua HH ND,7805000000,780500000,mua_vao,0,3974
0000020,2021-12-31,0105294741,0104976614,Mua HH ND,7856000000,785600000,mua_vao,0,3975
0000048,2021-12-31,0101770848,0104976614,Chi phí kho bãi,5444000000,544400000,mua_vao,0,3976
0000021,2021-12-31,0106255939,0104976614,DV tư vấn TM,10492000000,1049200000,mua_vao,0,3977
0000041,2021-12-31,0103711478,0104976614,DV tư vấn TM,10038000000,1003800000,mua_vao,0,3978
0000016,2021-12-31,0106112810,0104976614,Chi phí kho bãi,3728000000,372800000,mua_vao,0,3979
0000038,2021-12-31,0100105503,0104976614,Chi phí kho bãi,10894000000,1089400000,mua_vao,0,3980
0000001,2021-05-01,0104976614,0101639000,Cung cấp DV TM,11236000000,0,ban_ra,0,3981
0000002,2021-05-02,0104976614,0102159423,Xuất khẩu HH,11464000000,1146400000,ban_ra,0,3982
0000003,2021-10-03,0104976614,0101056111,Xuất khẩu HH,4207000000,420700000,ban_ra,0,3983
0000004,2021-10-04,0104976614,0101770848,Cung cấp DV TM,12096000000,1209600000,ban_ra,0,3984
0000005,2021-10-05,0104976614,0102191498,Xuất khẩu HH,15065000000,1506500000,ban_ra,0,3985
0000006,2021-10-06,0104976614,0100101308,Bán HH theo HĐ,9100000000,0,ban_ra,0,3986
0000007,2021-10-07,0104976614,0101601092,Xuất khẩu HH,6048000000,604800000,ban_ra,0,3987
0000008,2021-10-08,0104976614,0103769372,Xuất khẩu HH,10898000000,1089800000,ban_ra,0,3988
0000009,2021-10-09,0104976614,0103769372,Cung cấp DV TM,12595000000,1259500000,ban_ra,0,3989
0000010,2021-10-10,0104976614,0106187171,Cung cấp DV TM,4145000000,414500000,ban_ra,0,3990
0000011,2021-10-11,0104976614,0106467242,Bán HH ND,13769000000,1376900000,ban_ra,0,3991
0000012,2021-10-12,0104976614,0106255939,Bán HH theo HĐ,14373000000,1437300000,ban_ra,0,3992
0000013,2021-01-15,0104976614,0101598393,Bán HH theo HĐ,5419000000,541900000,ban_ra,0,3993
0000014,2021-02-15,0104976614,0101437981,Cung cấp DV TM,14394000000,1439400000,ban_ra,0,3994
0000015,2021-03-20,0104976614,0104976614,Bán HH ND,14680000000,1468000000,ban_ra,0,3995
0000016,2021-04-20,0104976614,0101329672,Cung cấp DV TM,8706000000,870600000,ban_ra,0,3996
0000017,2021-05-20,0104976614,0106116043,Xuất khẩu HH,15047000000,1504700000,ban_ra,0,3997
0000018,2021-06-20,0104976614,0106116043,Xuất khẩu HH,6522000000,652200000,ban_ra,0,3998
0000019,2021-07-20,0104976614,0101454070,Xuất khẩu HH,8238000000,823800000,ban_ra,0,3999
0000020,2021-08-20,0104976614,0101435247,Bán HH theo HĐ,9690000000,969000000,ban_ra,0,4000
0000021,2021-09-20,0104976614,0101435247,Xuất khẩu HH,5927000000,592700000,ban_ra,0,4001
0000022,2021-10-20,0104976614,0106116043,Xuất khẩu HH,12005000000,1200500000,ban_ra,0,4002
0000023,2021-11-20,0104976614,0102159423,Cung cấp DV TM,14215000000,0,ban_ra,0,4003
0000024,2021-12-20,0104976614,0105492983,Bán HH ND,12836000000,1283600000,ban_ra,0,4004
0000025,2021-01-25,0104976614,0101377820,Xuất khẩu HH,13592000000,1359200000,ban_ra,0,4005
0000026,2021-02-28,0104976614,0106116043,Bán HH theo HĐ,7398000000,739800000,ban_ra,0,4006
0000027,2021-04-30,0104976614,0101770848,Xuất khẩu HH,4352000000,435200000,ban_ra,0,4007
0000028,2021-06-30,0104976614,0100105503,Xuất khẩu HH,4940000000,494000000,ban_ra,0,4008
0000029,2021-09-30,0104976614,0106112810,Bán HH theo HĐ,10912000000,1091200000,ban_ra,0,4009
0000030,2021-11-30,0104976614,0100105503,Bán HH theo HĐ,6695000000,669500000,ban_ra,0,4010
0000031,2021-03-31,0104976614,0104220419,Bán HH theo HĐ,5219000000,0,ban_ra,0,4011
0000032,2021-05-31,0104976614,0106395904,Bán HH theo HĐ,4651000000,465100000,ban_ra,0,4012
0000033,2021-07-31,0104976614,0100902202,Bán HH theo HĐ,13479000000,1347900000,ban_ra,0,4013
0000034,2021-08-31,0104976614,0101437981,Bán HH ND,12786000000,1278600000,ban_ra,0,4014
0000035,2021-10-31,0104976614,0103769372,Xuất khẩu HH,5880000000,588000000,ban_ra,0,4015
0000036,2021-12-31,0104976614,0100105503,Xuất khẩu HH,7234000000,723400000,ban_ra,0,4016
0000037,2021-12-31,0104976614,0106395904,Bán HH ND,4823000000,482300000,ban_ra,0,4017
0000038,2021-12-31,0104976614,0100101403,Bán HH theo HĐ,4616000000,0,ban_ra,0,4018
0000039,2021-12-31,0104976614,0105853894,Bán HH ND,8023000000,802300000,ban_ra,0,4019
0000040,2021-12-31,0104976614,0104976614,Xuất khẩu HH,11020000000,1102000000,ban_ra,0,4020
0000041,2021-12-31,0104976614,0103240765,Bán HH ND,6292000000,629200000,ban_ra,0,4021
0000042,2021-12-31,0104976614,0105294741,Bán HH ND,8134000000,813400000,ban_ra,0,4022
0000043,2021-12-31,0104976614,0101437981,Cung cấp DV TM,10481000000,0,ban_ra,0,4023
0000044,2021-12-31,0104976614,0100113494,Bán HH ND,12746000000,1274600000,ban_ra,0,4024
0000045,2021-12-31,0104976614,0104141407,Bán HH theo HĐ,8503000000,0,ban_ra,0,4025
0000046,2021-12-31,0104976614,0100101308,Xuất khẩu HH,13297000000,1329700000,ban_ra,0,4026
0000047,2021-12-31,0104976614,0100373485,Bán HH ND,4905000000,490500000,ban_ra,0,4027
0000048,2021-12-31,0104976614,0101056111,Xuất khẩu HH,5697000000,569700000,ban_ra,0,4028
0000049,2021-12-31,0104976614,0100101308,Bán HH theo HĐ,14299000000,1429900000,ban_ra,0,4029
0000050,2021-12-31,0104976614,0100101403,Xuất khẩu HH,11930000000,1193000000,ban_ra,0,4030
0000031,2021-05-01,0101452549,0105189320,DV vận chuyển,21206000000,0,mua_vao,0,4031
0000032,2021-05-02,0104630172,0105189320,Mua NL SX,24019000000,2401900000,mua_vao,0,4032
0000054,2021-10-03,0102191498,0105189320,Mua NL SX,12725000000,1272500000,mua_vao,0,4033
0000040,2021-10-04,0101380936,0105189320,DV vận chuyển,19395000000,1939500000,mua_vao,0,4034
0000022,2021-10-05,0106255939,0105189320,DV kiểm định,33962000000,3396200000,mua_vao,0,4035
0000041,2021-10-06,0102625829,0105189320,Mua phụ tùng,16411000000,0,mua_vao,0,4036
0000032,2021-10-07,0101329672,0105189320,Mua NL SX,10458000000,1045800000,mua_vao,0,4037
0000024,2021-10-08,0106395904,0105189320,Mua bao bì,34818000000,0,mua_vao,0,4038
0000044,2021-10-09,0101454070,0105189320,Mua NVL SX,22722000000,2272200000,mua_vao,0,4039
0000042,2021-10-10,0102625829,0105189320,DV kiểm định,9575000000,957500000,mua_vao,0,4040
0000057,2021-10-11,0102264812,0105189320,Mua NVL SX,20534000000,2053400000,mua_vao,0,4041
0000023,2021-10-12,0106399994,0105189320,Mua phụ tùng,13740000000,1374000000,mua_vao,0,4042
0000045,2021-01-15,0102311149,0105189320,Mua bao bì,30954000000,3095400000,mua_vao,0,4043
0000059,2021-02-15,0103769372,0105189320,Mua NVL SX,36314000000,3631400000,mua_vao,0,4044
0000024,2021-03-20,0106399994,0105189320,DV bảo trì,28451000000,2845100000,mua_vao,0,4045
0000051,2021-04-20,0100373485,0105189320,Mua phụ tùng,21055000000,2105500000,mua_vao,0,4046
0000028,2021-05-20,0103240765,0105189320,DV bảo trì,37757000000,3775700000,mua_vao,0,4047
0000052,2021-06-20,0101225306,0105189320,Mua NL SX,13635000000,1363500000,mua_vao,0,4048
0000023,2021-07-20,0106255939,0105189320,Mua điện SX,37430000000,3743000000,mua_vao,0,4049
0000022,2021-08-20,0105327316,0105189320,DV kiểm định,32572000000,3257200000,mua_vao,0,4050
0000045,2021-09-20,0101454070,0105189320,DV bảo trì,17357000000,1735700000,mua_vao,0,4051
0000023,2021-10-20,0105327316,0105189320,DV kiểm định,24203000000,2420300000,mua_vao,0,4052
0000041,2021-11-20,0104141407,0105189320,DV bảo trì,11950000000,1195000000,mua_vao,0,4053
0000029,2021-12-20,0103240765,0105189320,Mua bao bì,20282000000,2028200000,mua_vao,0,4054
0000049,2021-01-25,0101770848,0105189320,DV kiểm định,22176000000,0,mua_vao,0,4055
0000012,2021-02-28,0105853894,0105189320,Mua NVL SX,9743000000,0,mua_vao,0,4056
0000025,2021-04-30,0105189320,0105189320,DV vận chuyển,28296000000,2829600000,mua_vao,0,4057
0000033,2021-06-30,0104630172,0105189320,Mua NL SX,12533000000,1253300000,mua_vao,0,4058
0000042,2021-09-30,0103711478,0105189320,Mua điện SX,13091000000,1309100000,mua_vao,0,4059
0000030,2021-11-30,0103240765,0105189320,DV kiểm định,21307000000,2130700000,mua_vao,0,4060
0000039,2021-03-31,0101598393,0105189320,Mua điện SX,13936000000,1393600000,mua_vao,0,4061
0000043,2021-05-31,0102625829,0105189320,DV vận chuyển,29971000000,2997100000,mua_vao,0,4062
0000040,2021-07-31,0101598393,0105189320,Mua NVL SX,26583000000,2658300000,mua_vao,0,4063
0000021,2021-08-31,0105294741,0105189320,Mua NVL SX,36232000000,3623200000,mua_vao,0,4064
0000024,2021-10-31,0104380966,0105189320,Mua điện SX,37618000000,3761800000,mua_vao,0,4065
0000043,2021-12-31,0100101403,0105189320,Mua phụ tùng,35698000000,3569800000,mua_vao,0,4066
0000050,2021-12-31,0101770848,0105189320,Mua NVL SX,35004000000,3500400000,mua_vao,0,4067
0000051,2021-12-31,0101770848,0105189320,Mua NL SX,26913000000,2691300000,mua_vao,0,4068
0000024,2021-12-31,0106255939,0105189320,Mua bao bì,18279000000,1827900000,mua_vao,0,4069
0000031,2021-12-31,0103240765,0105189320,Mua NVL SX,10748000000,1074800000,mua_vao,0,4070
0000052,2021-12-31,0100373485,0105189320,Mua điện SX,13207000000,1320700000,mua_vao,0,4071
0000032,2021-12-31,0103240765,0105189320,Mua bao bì,10805000000,1080500000,mua_vao,0,4072
0000034,2021-12-31,0104976614,0105189320,DV vận chuyển,22372000000,0,mua_vao,0,4073
0000047,2021-12-31,0100680623,0105189320,Mua điện SX,16130000000,1613000000,mua_vao,0,4074
0000058,2021-12-31,0102264812,0105189320,Mua điện SX,27752000000,2775200000,mua_vao,0,4075
0000045,2021-12-31,0101601092,0105189320,DV vận chuyển,17684000000,1768400000,mua_vao,0,4076
0000053,2021-12-31,0101225306,0105189320,Mua NVL SX,14361000000,1436100000,mua_vao,0,4077
0000054,2021-12-31,0102712091,0105189320,DV kiểm định,10124000000,0,mua_vao,0,4078
0000043,2021-12-31,0103711478,0105189320,Mua NL SX,17139000000,1713900000,mua_vao,0,4079
0000044,2021-12-31,0102625829,0105189320,DV bảo trì,17269000000,1726900000,mua_vao,0,4080
0000001,2021-05-01,0105189320,0102264812,Bán SP đặt hàng,35568000000,3556800000,ban_ra,0,4081
0000002,2021-05-02,0105189320,0102264812,Bán phụ phẩm,32102000000,3210200000,ban_ra,0,4082
0000003,2021-10-03,0105189320,0106467242,Bán SP TP,18966000000,1896600000,ban_ra,0,4083
0000004,2021-10-04,0105189320,0103769372,Xuất khẩu SP,30399000000,3039900000,ban_ra,0,4084
0000005,2021-10-05,0105189320,0101225306,Bán phụ phẩm,28342000000,2834200000,ban_ra,0,4085
0000006,2021-10-06,0105189320,0100373485,Bán SP TP,13412000000,1341200000,ban_ra,0,4086
0000007,2021-10-07,0105189320,0100101308,Bán SP TP,48088000000,4808800000,ban_ra,0,4087
0000008,2021-10-08,0105189320,0100680623,Bán SP TP,49232000000,4923200000,ban_ra,0,4088
0000009,2021-10-09,0105189320,0105327316,Bán SP TP,47906000000,4790600000,ban_ra,0,4089
0000010,2021-10-10,0105189320,0102191498,Bán SP đặt hàng,51834000000,5183400000,ban_ra,0,4090
0000011,2021-10-11,0105189320,0106399994,Bán SP đặt hàng,36061000000,3606100000,ban_ra,0,4091
0000012,2021-10-12,0105189320,0100101308,Xuất khẩu SP,19132000000,1913200000,ban_ra,0,4092
0000013,2021-01-15,0105189320,0100373485,Xuất khẩu SP,44020000000,4402000000,ban_ra,0,4093
0000014,2021-02-15,0105189320,0105908818,Bán SP TP,19167000000,1916700000,ban_ra,0,4094
0000015,2021-03-20,0105189320,0104630172,Xuất khẩu SP,52102000000,5210200000,ban_ra,0,4095
0000016,2021-04-20,0105189320,0106399994,Bán SP TP,26579000000,0,ban_ra,0,4096
0000017,2021-05-20,0105189320,0100101403,Bán phụ phẩm,46378000000,4637800000,ban_ra,0,4097
0000018,2021-06-20,0105189320,0103711478,Bán phụ phẩm,19941000000,1994100000,ban_ra,0,4098
0000019,2021-07-20,0105189320,0105908818,Bán phụ phẩm,46984000000,4698400000,ban_ra,0,4099
0000020,2021-08-20,0105189320,0104220419,Bán phụ phẩm,17381000000,1738100000,ban_ra,0,4100
0000022,2021-10-20,0105189320,0102191498,Bán SP đặt hàng,13689000000,1368900000,ban_ra,0,4101
0000023,2021-11-20,0105189320,0106187171,Bán SP TP,47348000000,4734800000,ban_ra,0,4102
0000024,2021-12-20,0105189320,0106399994,Bán phụ phẩm,18544000000,1854400000,ban_ra,0,4103
0000025,2021-01-25,0105189320,0102191498,Bán SP đặt hàng,13304000000,1330400000,ban_ra,0,4104
0000026,2021-02-28,0105189320,0103711478,Bán phụ phẩm,39193000000,3919300000,ban_ra,0,4105
0000027,2021-04-30,0105189320,0106682049,Bán SP đặt hàng,39200000000,3920000000,ban_ra,0,4106
0000028,2021-06-30,0105189320,0101639000,Bán SP đặt hàng,22355000000,0,ban_ra,0,4107
0000029,2021-09-30,0105189320,0106399994,Xuất khẩu SP,28664000000,2866400000,ban_ra,0,4108
0000030,2021-11-30,0105189320,0103711478,Bán phụ phẩm,27898000000,2789800000,ban_ra,0,4109
0000031,2021-03-31,0105189320,0106300187,Xuất khẩu SP,19899000000,1989900000,ban_ra,0,4110
0000032,2021-05-31,0105189320,0104220419,Xuất khẩu SP,35246000000,3524600000,ban_ra,0,4111
0000033,2021-07-31,0105189320,0102159423,Bán SP TP,27391000000,2739100000,ban_ra,0,4112
0000034,2021-08-31,0105189320,0103769372,Bán SP TP,16064000000,1606400000,ban_ra,0,4113
0000035,2021-10-31,0105189320,0105492983,Bán SP đặt hàng,19187000000,1918700000,ban_ra,0,4114
0000036,2021-12-31,0105189320,0104141407,Bán phụ phẩm,21684000000,2168400000,ban_ra,0,4115
0000037,2021-12-31,0105189320,0102191498,Xuất khẩu SP,39873000000,3987300000,ban_ra,0,4116
0000038,2021-12-31,0105189320,0103711478,Bán phụ phẩm,30806000000,3080600000,ban_ra,0,4117
0000039,2021-12-31,0105189320,0101601092,Bán SP TP,49684000000,4968400000,ban_ra,0,4118
0000040,2021-12-31,0105189320,0101639000,Bán phụ phẩm,37209000000,3720900000,ban_ra,0,4119
0000041,2021-12-31,0105189320,0100373485,Xuất khẩu SP,35635000000,3563500000,ban_ra,0,4120
0000042,2021-12-31,0105189320,0104380966,Bán phụ phẩm,34528000000,3452800000,ban_ra,0,4121
0000043,2021-12-31,0105189320,0104630172,Bán SP đặt hàng,15186000000,1518600000,ban_ra,0,4122
0000044,2021-12-31,0105189320,0100101308,Xuất khẩu SP,45531000000,4553100000,ban_ra,0,4123
0000045,2021-12-31,0105189320,0100101403,Bán SP TP,37852000000,3785200000,ban_ra,0,4124
0000046,2021-12-31,0105189320,0100113494,Bán SP TP,19941000000,1994100000,ban_ra,0,4125
0000047,2021-12-31,0105189320,0104220419,Xuất khẩu SP,19296000000,1929600000,ban_ra,0,4126
0000048,2021-12-31,0105189320,0100105503,Bán SP TP,36094000000,3609400000,ban_ra,0,4127
0000049,2021-12-31,0105189320,0100105503,Xuất khẩu SP,43266000000,4326600000,ban_ra,0,4128
0000050,2021-12-31,0105189320,0101225306,Bán phụ phẩm,51684000000,5168400000,ban_ra,0,4129
0000044,2021-05-01,0103711478,0105294741,DV thiết kế tư vấn,59778000000,0,mua_vao,0,4130
0000046,2021-05-02,0101601092,0105294741,Mua xi măng thép,39055000000,3905500000,mua_vao,0,4131
0000041,2021-10-03,0101598393,0105294741,DV vận chuyển VL,41091000000,4109100000,mua_vao,0,4132
0000042,2021-10-04,0104141407,0105294741,Thuê máy thi công,62781000000,0,mua_vao,0,4133
0000013,2021-10-05,0105853894,0105294741,Mua sơn hoàn thiện,53892000000,5389200000,mua_vao,0,4134
0000034,2021-10-06,0104630172,0105294741,Thuê máy thi công,31653000000,3165300000,mua_vao,0,4135
0000060,2021-10-07,0103769372,0105294741,Thuê máy thi công,29358000000,2935800000,mua_vao,0,4136
0000042,2021-10-08,0101598393,0105294741,Mua điện nước CT,45585000000,4558500000,mua_vao,0,4137
0000035,2021-10-09,0106682049,0105294741,Mua sơn hoàn thiện,30013000000,3001300000,mua_vao,0,4138
0000034,2021-10-10,0101377820,0105294741,Thuê máy thi công,27797000000,2779700000,mua_vao,0,4139
0000025,2021-10-11,0106255939,0105294741,Thuê máy thi công,28599000000,2859900000,mua_vao,0,4140
0000052,2021-10-12,0101770848,0105294741,Mua sơn hoàn thiện,44194000000,4419400000,mua_vao,0,4141
0000041,2021-01-15,0101380936,0105294741,DV thiết kế tư vấn,59912000000,5991200000,mua_vao,0,4142
0000036,2021-02-15,0106682049,0105294741,Mua sơn hoàn thiện,47624000000,4762400000,mua_vao,0,4143
0000055,2021-03-20,0102712091,0105294741,DV thiết kế tư vấn,60432000000,6043200000,mua_vao,0,4144
0000056,2021-04-20,0102712091,0105294741,Thuê máy thi công,27331000000,2733100000,mua_vao,0,4145
0000044,2021-05-20,0101639000,0105294741,Mua điện nước CT,43951000000,4395100000,mua_vao,0,4146
0000061,2021-06-20,0103769372,0105294741,Mua sơn hoàn thiện,25108000000,2510800000,mua_vao,0,4147
0000062,2021-07-20,0103769372,0105294741,DV vận chuyển VL,57091000000,5709100000,mua_vao,0,4148
0000026,2021-08-20,0105189320,0105294741,Mua sơn hoàn thiện,49590000000,4959000000,mua_vao,0,4149
0000022,2021-09-20,0106300187,0105294741,Mua xi măng thép,63590000000,6359000000,mua_vao,0,4150
0000032,2021-10-20,0101452549,0105294741,Mua sơn hoàn thiện,62060000000,6206000000,mua_vao,0,4151
0000035,2021-11-20,0101377820,0105294741,Mua xi măng thép,22257000000,2225700000,mua_vao,0,4152
0000037,2021-12-20,0106682049,0105294741,Thuê máy thi công,60373000000,6037300000,mua_vao,0,4153
0000026,2021-01-25,0105492983,0105294741,Thuê máy thi công,60096000000,6009600000,mua_vao,0,4154
0000047,2021-02-28,0101056111,0105294741,Mua sơn hoàn thiện,65452000000,6545200000,mua_vao,0,4155
0000017,2021-04-30,0104220419,0105294741,Mua sơn hoàn thiện,19028000000,1902800000,mua_vao,0,4156
0000038,2021-06-30,0106682049,0105294741,Mua gạch đá cát,60056000000,6005600000,mua_vao,0,4157
0000035,2021-09-30,0104976614,0105294741,DV thiết kế tư vấn,33003000000,3300300000,mua_vao,0,4158
0000036,2021-11-30,0104976614,0105294741,Mua xi măng thép,66567000000,6656700000,mua_vao,0,4159
0000027,2021-03-31,0105492983,0105294741,Thuê máy thi công,45850000000,0,mua_vao,0,4160
0000017,2021-05-31,0106112810,0105294741,Mua điện nước CT,31568000000,3156800000,mua_vao,0,4161
0000047,2021-07-31,0101601092,0105294741,DV thiết kế tư vấn,46570000000,4657000000,mua_vao,0,4162
0000023,2021-08-31,0106300187,0105294741,Mua xi măng thép,65602000000,6560200000,mua_vao,0,4163
0000053,2021-10-31,0100373485,0105294741,Thuê máy thi công,63812000000,6381200000,mua_vao,0,4164
0000025,2021-12-31,0104380966,0105294741,Mua xi măng thép,72135000000,7213500000,mua_vao,0,4165
0000045,2021-12-31,0101437981,0105294741,Mua sơn hoàn thiện,57253000000,5725300000,mua_vao,0,4166
0000046,2021-12-31,0101454070,0105294741,DV thiết kế tư vấn,47567000000,4756700000,mua_vao,0,4167
0000027,2021-12-31,0105189320,0105294741,DV vận chuyển VL,53558000000,5355800000,mua_vao,0,4168
0000035,2021-12-31,0104630172,0105294741,Thuê máy thi công,38848000000,3884800000,mua_vao,0,4169
0000033,2021-12-31,0103240765,0105294741,DV vận chuyển VL,70669000000,7066900000,mua_vao,0,4170
0000036,2021-12-31,0101377820,0105294741,Mua xi măng thép,18306000000,1830600000,mua_vao,0,4171
0000054,2021-12-31,0100373485,0105294741,DV thiết kế tư vấn,51792000000,5179200000,mua_vao,0,4172
0000025,2021-12-31,0100113494,0105294741,Thuê máy thi công,61078000000,6107800000,mua_vao,0,4173
0000051,2021-12-31,0102331787,0105294741,Thuê máy thi công,27568000000,0,mua_vao,0,4174
0000055,2021-12-31,0100373485,0105294741,DV vận chuyển VL,50460000000,5046000000,mua_vao,0,4175
0000045,2021-12-31,0101639000,0105294741,DV thiết kế tư vấn,46103000000,4610300000,mua_vao,0,4176
0000025,2021-12-31,0106395904,0105294741,Thuê máy thi công,35250000000,3525000000,mua_vao,0,4177
0000026,2021-12-31,0106255939,0105294741,Mua xi măng thép,34025000000,3402500000,mua_vao,0,4178
0000026,2021-12-31,0104380966,0105294741,Mua sơn hoàn thiện,52486000000,5248600000,mua_vao,0,4179
0000001,2021-05-01,0105294741,0101452549,DV SC cải tạo,63060000000,6306000000,ban_ra,0,4180
0000002,2021-05-02,0105294741,0105853894,Bán DV thi công XD,91944000000,0,ban_ra,0,4181
0000003,2021-10-03,0105294741,0101437981,Bán DV thi công XD,30112000000,3011200000,ban_ra,0,4182
0000004,2021-10-04,0105294741,0101437981,Bán DV thi công XD,26801000000,2680100000,ban_ra,0,4183
0000005,2021-10-05,0105294741,0100113494,Bán DV thi công XD,39089000000,3908900000,ban_ra,0,4184
0000006,2021-10-06,0105294741,0101225306,DV SC cải tạo,26744000000,2674400000,ban_ra,0,4185
0000007,2021-10-07,0105294741,0102191498,Bán công trình HT,45066000000,4506600000,ban_ra,0,4186
0000008,2021-10-08,0105294741,0101329672,Bán VL xây dựng,55148000000,5514800000,ban_ra,0,4187
0000009,2021-10-09,0105294741,0103769372,Bán DV thi công XD,72374000000,7237400000,ban_ra,0,4188
0000010,2021-10-10,0105294741,0100105503,Bán DV thi công XD,64654000000,6465400000,ban_ra,0,4189
0000011,2021-10-11,0105294741,0106255939,Bán VL xây dựng,27364000000,2736400000,ban_ra,0,4190
0000012,2021-10-12,0105294741,0101770848,DV SC cải tạo,64087000000,6408700000,ban_ra,0,4191
0000013,2021-01-15,0105294741,0106255939,Bán VL xây dựng,43022000000,4302200000,ban_ra,0,4192
0000014,2021-02-15,0105294741,0104380966,Bán DV thi công XD,94559000000,9455900000,ban_ra,0,4193
0000015,2021-03-20,0105294741,0103240765,DV SC cải tạo,91757000000,9175700000,ban_ra,0,4194
0000016,2021-04-20,0105294741,0106116043,Bán VL xây dựng,87812000000,8781200000,ban_ra,0,4195
0000017,2021-05-20,0105294741,0101329672,DV SC cải tạo,86106000000,0,ban_ra,0,4196
0000018,2021-06-20,0105294741,0103240765,DV SC cải tạo,39345000000,3934500000,ban_ra,0,4197
0000019,2021-07-20,0105294741,0101380936,Bán công trình HT,46387000000,4638700000,ban_ra,0,4198
0000020,2021-08-20,0105294741,0106255939,Bán VL xây dựng,38297000000,3829700000,ban_ra,0,4199
0000021,2021-09-20,0105294741,0106467242,Bán VL xây dựng,87518000000,8751800000,ban_ra,0,4200
0000022,2021-10-20,0105294741,0106116043,Bán công trình HT,58415000000,5841500000,ban_ra,0,4201
0000023,2021-11-20,0105294741,0101437981,DV SC cải tạo,92308000000,9230800000,ban_ra,0,4202
0000024,2021-12-20,0105294741,0104976614,Bán VL xây dựng,56001000000,5600100000,ban_ra,0,4203
0000025,2021-01-25,0105294741,0106116043,Bán công trình HT,56606000000,5660600000,ban_ra,0,4204
0000026,2021-02-28,0105294741,0104380966,Bán VL xây dựng,61937000000,6193700000,ban_ra,0,4205
0000027,2021-04-30,0105294741,0100101308,DV SC cải tạo,83987000000,8398700000,ban_ra,0,4206
0000028,2021-06-30,0105294741,0106116043,Bán VL xây dựng,76776000000,7677600000,ban_ra,0,4207
0000029,2021-09-30,0105294741,0102191498,DV SC cải tạo,63893000000,6389300000,ban_ra,0,4208
0000030,2021-11-30,0105294741,0100373485,Bán công trình HT,36984000000,3698400000,ban_ra,0,4209
0000031,2021-03-31,0105294741,0105189320,DV SC cải tạo,31079000000,3107900000,ban_ra,0,4210
0000032,2021-05-31,0105294741,0106682049,Bán VL xây dựng,51983000000,5198300000,ban_ra,0,4211
0000033,2021-07-31,0105294741,0101452549,DV SC cải tạo,95278000000,9527800000,ban_ra,0,4212
0000034,2021-08-31,0105294741,0105294741,Bán công trình HT,74416000000,7441600000,ban_ra,0,4213
0000035,2021-10-31,0105294741,0100105503,DV SC cải tạo,95658000000,9565800000,ban_ra,0,4214
0000036,2021-12-31,0105294741,0101377820,Bán công trình HT,28261000000,2826100000,ban_ra,0,4215
0000037,2021-12-31,0105294741,0101454070,Bán công trình HT,88456000000,8845600000,ban_ra,0,4216
0000038,2021-12-31,0105294741,0104220419,Bán DV thi công XD,78860000000,7886000000,ban_ra,0,4217
0000039,2021-12-31,0105294741,0101639000,DV SC cải tạo,97389000000,9738900000,ban_ra,0,4218
0000040,2021-12-31,0105294741,0103711478,DV SC cải tạo,60239000000,6023900000,ban_ra,0,4219
0000041,2021-12-31,0105294741,0102264812,Bán DV thi công XD,67607000000,6760700000,ban_ra,0,4220
0000042,2021-12-31,0105294741,0100105503,Bán DV thi công XD,30631000000,3063100000,ban_ra,0,4221
0000043,2021-12-31,0105294741,0106187171,Bán DV thi công XD,41848000000,4184800000,ban_ra,0,4222
0000044,2021-12-31,0105294741,0106116043,DV SC cải tạo,62195000000,6219500000,ban_ra,0,4223
0000045,2021-12-31,0105294741,0102311149,Bán DV thi công XD,29375000000,2937500000,ban_ra,0,4224
0000046,2021-12-31,0105294741,0102625829,Bán DV thi công XD,73381000000,7338100000,ban_ra,0,4225
0000047,2021-12-31,0105294741,0100101403,Bán DV thi công XD,80447000000,8044700000,ban_ra,0,4226
0000048,2021-12-31,0105294741,0104976614,Bán công trình HT,61125000000,6112500000,ban_ra,0,4227
0000049,2021-12-31,0105294741,0100113494,Bán DV thi công XD,36515000000,3651500000,ban_ra,0,4228
0000050,2021-12-31,0105294741,0102191498,Bán DV thi công XD,30218000000,3021800000,ban_ra,0,4229
0000018,2021-05-01,0104220419,0105327316,DV tư vấn TM,3884000000,388400000,mua_vao,0,4230
0000014,2021-05-02,0105853894,0105327316,Mua HH NK,5455000000,545500000,mua_vao,0,4231
0000056,2021-10-03,0100373485,0105327316,Mua HH NK,3648000000,364800000,mua_vao,0,4232
0000033,2021-10-04,0101452549,0105327316,Phí hải quan,4247000000,424700000,mua_vao,0,4233
0000024,2021-10-05,0105327316,0105327316,Chi phí kho bãi,4595000000,459500000,mua_vao,0,4234
0000044,2021-10-06,0100101403,0105327316,Phí hải quan,7812000000,781200000,mua_vao,0,4235
0000034,2021-10-07,0103240765,0105327316,Phí hải quan,8545000000,854500000,mua_vao,0,4236
0000043,2021-10-08,0101598393,0105327316,Chi phí kho bãi,3638000000,0,mua_vao,0,4237
0000036,2021-10-09,0104630172,0105327316,Mua HH ND,5809000000,580900000,mua_vao,0,4238
0000046,2021-10-10,0101639000,0105327316,DV logistics,8122000000,0,mua_vao,0,4239
0000047,2021-10-11,0101454070,0105327316,DV logistics,7916000000,791600000,mua_vao,0,4240
0000012,2021-10-12,0106187171,0105327316,Mua HH ND,6132000000,613200000,mua_vao,0,4241
0000037,2021-01-15,0104630172,0105327316,DV logistics,6181000000,618100000,mua_vao,0,4242
0000048,2021-02-15,0101454070,0105327316,DV logistics,8246000000,824600000,mua_vao,0,4243
0000047,2021-03-20,0101639000,0105327316,DV logistics,3051000000,305100000,mua_vao,0,4244
0000045,2021-04-20,0103711478,0105327316,Phí hải quan,6540000000,654000000,mua_vao,0,4245
0000022,2021-05-20,0105294741,0105327316,Chi phí kho bãi,3670000000,367000000,mua_vao,0,4246
0000028,2021-06-20,0105189320,0105327316,Mua HH ND,4270000000,427000000,mua_vao,0,4247
0000028,2021-07-20,0105492983,0105327316,Chi phí kho bãi,7120000000,712000000,mua_vao,0,4248
0000049,2021-08-20,0101454070,0105327316,DV logistics,9062000000,906200000,mua_vao,0,4249
0000025,2021-09-20,0106399994,0105327316,Phí hải quan,9050000000,905000000,mua_vao,0,4250
0000019,2021-10-20,0104220419,0105327316,Mua HH NK,5106000000,510600000,mua_vao,0,4251
0000059,2021-11-20,0102264812,0105327316,Chi phí kho bãi,9592000000,959200000,mua_vao,0,4252
0000037,2021-12-20,0104976614,0105327316,Mua HH ND,4811000000,481100000,mua_vao,0,4253
0000048,2021-01-25,0100680623,0105327316,DV tư vấn TM,3955000000,395500000,mua_vao,0,4254
0000029,2021-02-28,0105189320,0105327316,Chi phí kho bãi,8530000000,853000000,mua_vao,0,4255
0000026,2021-04-30,0100113494,0105327316,Mua HH NK,5549000000,554900000,mua_vao,0,4256
0000048,2021-06-30,0101639000,0105327316,Chi phí kho bãi,5231000000,523100000,mua_vao,0,4257
0000051,2021-09-30,0102159423,0105327316,Chi phí kho bãi,9446000000,944600000,mua_vao,0,4258
0000038,2021-11-30,0104630172,0105327316,DV tư vấn TM,4767000000,476700000,mua_vao,0,4259
0000039,2021-03-31,0104630172,0105327316,Mua HH NK,5423000000,542300000,mua_vao,0,4260
0000038,2021-05-31,0101435247,0105327316,Chi phí kho bãi,9064000000,906400000,mua_vao,0,4261
0000025,2021-07-31,0105327316,0105327316,DV logistics,5596000000,559600000,mua_vao,0,4262
0000016,2021-08-31,0100902202,0105327316,DV tư vấn TM,8202000000,820200000,mua_vao,0,4263
0000052,2021-10-31,0102159423,0105327316,Mua HH ND,8884000000,888400000,mua_vao,0,4264
0000013,2021-12-31,0106187171,0105327316,DV logistics,4828000000,482800000,mua_vao,0,4265
0000018,2021-12-31,0106112810,0105327316,Mua HH ND,8394000000,839400000,mua_vao,0,4266
0000045,2021-12-31,0100101403,0105327316,DV tư vấn TM,4602000000,460200000,mua_vao,0,4267
0000053,2021-12-31,0101770848,0105327316,DV tư vấn TM,7207000000,720700000,mua_vao,0,4268
0000046,2021-12-31,0100101403,0105327316,DV tư vấn TM,3844000000,384400000,mua_vao,0,4269
0000063,2021-12-31,0103769372,0105327316,Chi phí kho bãi,7195000000,719500000,mua_vao,0,4270
0000021,2021-12-31,0106116043,0105327316,Mua HH ND,3886000000,388600000,mua_vao,0,4271
0000035,2021-12-31,0103240765,0105327316,Mua HH ND,7028000000,702800000,mua_vao,0,4272
0000048,2021-12-31,0101601092,0105327316,Phí hải quan,7150000000,715000000,mua_vao,0,4273
0000052,2021-12-31,0102331787,0105327316,DV tư vấn TM,8719000000,871900000,mua_vao,0,4274
0000049,2021-12-31,0100680623,0105327316,Mua HH NK,7610000000,761000000,mua_vao,0,4275
0000026,2021-12-31,0105327316,0105327316,Mua HH ND,8603000000,860300000,mua_vao,0,4276
0000049,2021-12-31,0101601092,0105327316,Chi phí kho bãi,6577000000,657700000,mua_vao,0,4277
0000049,2021-12-31,0101639000,0105327316,DV logistics,6949000000,694900000,mua_vao,0,4278
0000053,2021-12-31,0102331787,0105327316,Mua HH ND,7022000000,702200000,mua_vao,0,4279
0000001,2021-05-01,0105327316,0101639000,Cung cấp DV TM,11444000000,0,ban_ra,0,4280
0000002,2021-05-02,0105327316,0102264812,Cung cấp DV TM,11700000000,1170000000,ban_ra,0,4281
0000003,2021-10-03,0105327316,0102191498,Bán HH ND,10038000000,1003800000,ban_ra,0,4282
0000004,2021-10-04,0105327316,0101452549,Bán HH ND,10953000000,1095300000,ban_ra,0,4283
0000005,2021-10-05,0105327316,0101770848,Bán HH theo HĐ,5880000000,588000000,ban_ra,0,4284
0000006,2021-10-06,0105327316,0101435247,Bán HH theo HĐ,11517000000,1151700000,ban_ra,0,4285
0000007,2021-10-07,0105327316,0105327316,Xuất khẩu HH,9587000000,958700000,ban_ra,0,4286
0000008,2021-10-08,0105327316,0104380966,Cung cấp DV TM,13036000000,1303600000,ban_ra,0,4287
0000009,2021-10-09,0105327316,0100680623,Xuất khẩu HH,12701000000,0,ban_ra,0,4288
0000010,2021-10-10,0105327316,0104380966,Bán HH theo HĐ,5077000000,507700000,ban_ra,0,4289
0000011,2021-10-11,0105327316,0101435247,Xuất khẩu HH,10800000000,1080000000,ban_ra,0,4290
0000012,2021-10-12,0105327316,0102159423,Bán HH theo HĐ,11413000000,1141300000,ban_ra,0,4291
0000013,2021-01-15,0105327316,0101056111,Xuất khẩu HH,4679000000,467900000,ban_ra,0,4292
0000014,2021-02-15,0105327316,0101770848,Bán HH theo HĐ,12041000000,1204100000,ban_ra,0,4293
0000015,2021-03-20,0105327316,0101770848,Cung cấp DV TM,9215000000,921500000,ban_ra,0,4294
0000016,2021-04-20,0105327316,0104220419,Xuất khẩu HH,10637000000,1063700000,ban_ra,0,4295
0000017,2021-05-20,0105327316,0101329672,Bán HH theo HĐ,6162000000,616200000,ban_ra,0,4296
0000018,2021-06-20,0105327316,0101598393,Bán HH ND,4196000000,419600000,ban_ra,0,4297
0000019,2021-07-20,0105327316,0102311149,Bán HH theo HĐ,8126000000,812600000,ban_ra,0,4298
0000020,2021-08-20,0105327316,0100101308,Xuất khẩu HH,6886000000,688600000,ban_ra,0,4299
0000021,2021-09-20,0105327316,0105908818,Cung cấp DV TM,5887000000,588700000,ban_ra,0,4300
0000022,2021-10-20,0105327316,0103711478,Xuất khẩu HH,8720000000,872000000,ban_ra,0,4301
0000023,2021-11-20,0105327316,0101377820,Bán HH theo HĐ,4983000000,498300000,ban_ra,0,4302
0000024,2021-12-20,0105327316,0100373485,Bán HH ND,4702000000,470200000,ban_ra,0,4303
0000025,2021-01-25,0105327316,0102191498,Xuất khẩu HH,5654000000,565400000,ban_ra,0,4304
0000026,2021-02-28,0105327316,0105492983,Xuất khẩu HH,10394000000,1039400000,ban_ra,0,4305
0000027,2021-04-30,0105327316,0104220419,Bán HH ND,11600000000,1160000000,ban_ra,0,4306
0000028,2021-06-30,0105327316,0100902202,Bán HH ND,6212000000,621200000,ban_ra,0,4307
0000029,2021-09-30,0105327316,0101770848,Bán HH theo HĐ,4985000000,498500000,ban_ra,0,4308
0000030,2021-11-30,0105327316,0101329672,Cung cấp DV TM,11117000000,1111700000,ban_ra,0,4309
0000031,2021-03-31,0105327316,0100101403,Cung cấp DV TM,9755000000,975500000,ban_ra,0,4310
0000032,2021-05-31,0105327316,0102264812,Xuất khẩu HH,11966000000,1196600000,ban_ra,0,4311
0000033,2021-07-31,0105327316,0102191498,Cung cấp DV TM,4259000000,425900000,ban_ra,0,4312
0000034,2021-08-31,0105327316,0101435247,Bán HH ND,5907000000,590700000,ban_ra,0,4313
0000035,2021-10-31,0105327316,0100105503,Cung cấp DV TM,3703000000,370300000,ban_ra,0,4314
0000036,2021-12-31,0105327316,0106255939,Bán HH ND,7810000000,781000000,ban_ra,0,4315
0000037,2021-12-31,0105327316,0100680623,Bán HH theo HĐ,5123000000,512300000,ban_ra,0,4316
0000038,2021-12-31,0105327316,0101639000,Bán HH theo HĐ,6890000000,689000000,ban_ra,0,4317
0000039,2021-12-31,0105327316,0103240765,Bán HH theo HĐ,6790000000,679000000,ban_ra,0,4318
0000040,2021-12-31,0105327316,0100101308,Bán HH theo HĐ,11499000000,1149900000,ban_ra,0,4319
0000041,2021-12-31,0105327316,0105189320,Bán HH ND,12223000000,1222300000,ban_ra,0,4320
0000042,2021-12-31,0105327316,0105327316,Cung cấp DV TM,3947000000,394700000,ban_ra,0,4321
0000043,2021-12-31,0105327316,0101435247,Bán HH ND,4832000000,483200000,ban_ra,0,4322
0000044,2021-12-31,0105327316,0105189320,Bán HH ND,8407000000,840700000,ban_ra,0,4323
0000045,2021-12-31,0105327316,0101639000,Xuất khẩu HH,4986000000,498600000,ban_ra,0,4324
0000046,2021-12-31,0105327316,0106187171,Cung cấp DV TM,8148000000,814800000,ban_ra,0,4325
0000047,2021-12-31,0105327316,0105853894,Cung cấp DV TM,3752000000,375200000,ban_ra,0,4326
0000048,2021-12-31,0105327316,0106399994,Xuất khẩu HH,4261000000,426100000,ban_ra,0,4327
0000049,2021-12-31,0105327316,0103240765,Xuất khẩu HH,6699000000,669900000,ban_ra,0,4328
0000050,2021-12-31,0105327316,0106682049,Xuất khẩu HH,12944000000,1294400000,ban_ra,0,4329
0000044,2021-05-01,0101598393,0105492983,Mua bao bì,2864000000,0,mua_vao,0,4330
0000040,2021-05-02,0104630172,0105492983,DV gia công gỗ,4573000000,457300000,mua_vao,0,4331
0000050,2021-10-03,0101639000,0105492983,Mua phụ kiện gỗ,6393000000,0,mua_vao,0,4332
0000050,2021-10-04,0101454070,0105492983,Mua phụ kiện gỗ,6230000000,623000000,mua_vao,0,4333
0000014,2021-10-05,0106187171,0105492983,DV gia công gỗ,4827000000,482700000,mua_vao,0,4334
0000041,2021-10-06,0104630172,0105492983,Mua phụ kiện gỗ,4865000000,486500000,mua_vao,0,4335
0000051,2021-10-07,0101454070,0105492983,Mua phụ kiện gỗ,6490000000,649000000,mua_vao,0,4336
0000051,2021-10-08,0101639000,0105492983,Mua phụ kiện gỗ,2402000000,240200000,mua_vao,0,4337
0000046,2021-10-09,0103711478,0105492983,Mua sơn varnish,5148000000,514800000,mua_vao,0,4338
0000023,2021-10-10,0105294741,0105492983,Mua bao bì,2889000000,288900000,mua_vao,0,4339
0000030,2021-10-11,0105189320,0105492983,DV gia công gỗ,3361000000,336100000,mua_vao,0,4340
0000029,2021-10-12,0105492983,0105492983,Mua bao bì,5604000000,560400000,mua_vao,0,4341
0000052,2021-01-15,0101454070,0105492983,Mua phụ kiện gỗ,7133000000,713300000,mua_vao,0,4342
0000026,2021-02-15,0106399994,0105492983,Mua sơn varnish,7123000000,712300000,mua_vao,0,4343
0000020,2021-03-20,0104220419,0105492983,Mua gỗ NL,4019000000,401900000,mua_vao,0,4344
0000060,2021-04-20,0102264812,0105492983,Mua bao bì,7550000000,755000000,mua_vao,0,4345
0000038,2021-05-20,0104976614,0105492983,DV gia công gỗ,3786000000,378600000,mua_vao,0,4346
0000050,2021-06-20,0100680623,0105492983,Mua điện SX,3113000000,311300000,mua_vao,0,4347
0000031,2021-07-20,0105189320,0105492983,Mua bao bì,6713000000,671300000,mua_vao,0,4348
0000027,2021-08-20,0100113494,0105492983,Mua gỗ NL,4368000000,436800000,mua_vao,0,4349
0000052,2021-09-20,0101639000,0105492983,Mua bao bì,4117000000,411700000,mua_vao,0,4350
0000053,2021-10-20,0102159423,0105492983,Mua bao bì,7435000000,743500000,mua_vao,0,4351
0000042,2021-11-20,0104630172,0105492983,Mua điện SX,3752000000,375200000,mua_vao,0,4352
0000043,2021-12-20,0104630172,0105492983,Mua gỗ NL,4268000000,426800000,mua_vao,0,4353
0000039,2021-01-25,0101435247,0105492983,Mua bao bì,7134000000,713400000,mua_vao,0,4354
0000027,2021-02-28,0105327316,0105492983,Mua phụ kiện gỗ,4405000000,440500000,mua_vao,0,4355
0000017,2021-04-30,0100902202,0105492983,Mua điện SX,6456000000,645600000,mua_vao,0,4356
0000054,2021-06-30,0102159423,0105492983,DV gia công gỗ,6992000000,699200000,mua_vao,0,4357
0000015,2021-09-30,0106187171,0105492983,Mua phụ kiện gỗ,3800000000,380000000,mua_vao,0,4358
0000019,2021-11-30,0106112810,0105492983,DV gia công gỗ,6607000000,660700000,mua_vao,0,4359
0000047,2021-03-31,0100101403,0105492983,Mua điện SX,3622000000,362200000,mua_vao,0,4360
0000054,2021-05-31,0101770848,0105492983,Mua điện SX,5673000000,567300000,mua_vao,0,4361
0000048,2021-07-31,0100101403,0105492983,Mua điện SX,3025000000,302500000,mua_vao,0,4362
0000064,2021-08-31,0103769372,0105492983,Mua bao bì,5663000000,566300000,mua_vao,0,4363
0000022,2021-10-31,0106116043,0105492983,DV gia công gỗ,3059000000,305900000,mua_vao,0,4364
0000036,2021-12-31,0103240765,0105492983,DV gia công gỗ,5532000000,553200000,mua_vao,0,4365
0000050,2021-12-31,0101601092,0105492983,Mua sơn varnish,5627000000,562700000,mua_vao,0,4366
0000054,2021-12-31,0102331787,0105492983,Mua điện SX,6862000000,686200000,mua_vao,0,4367
0000051,2021-12-31,0100680623,0105492983,Mua gỗ NL,5989000000,598900000,mua_vao,0,4368
0000028,2021-12-31,0105327316,0105492983,DV gia công gỗ,6772000000,677200000,mua_vao,0,4369
0000051,2021-12-31,0101601092,0105492983,Mua bao bì,5176000000,517600000,mua_vao,0,4370
0000053,2021-12-31,0101639000,0105492983,Mua phụ kiện gỗ,5470000000,547000000,mua_vao,0,4371
0000055,2021-12-31,0102331787,0105492983,DV gia công gỗ,5527000000,552700000,mua_vao,0,4372
0000023,2021-12-31,0106116043,0105492983,DV gia công gỗ,5655000000,565500000,mua_vao,0,4373
0000055,2021-12-31,0101770848,0105492983,Mua phụ kiện gỗ,3336000000,0,mua_vao,0,4374
0000052,2021-12-31,0100680623,0105492983,Mua phụ kiện gỗ,6477000000,0,mua_vao,0,4375
0000021,2021-12-31,0104220419,0105492983,DV gia công gỗ,6186000000,618600000,mua_vao,0,4376
0000027,2021-12-31,0106255939,0105492983,Mua gỗ NL,3759000000,375900000,mua_vao,0,4377
0000065,2021-12-31,0103769372,0105492983,Mua bao bì,4576000000,457600000,mua_vao,0,4378
0000037,2021-12-31,0103240765,0105492983,Mua phụ kiện gỗ,2017000000,201700000,mua_vao,0,4379
0000001,2021-05-01,0105492983,0104380966,Bán SP mỹ nghệ gỗ,10261000000,1026100000,ban_ra,0,4380
0000002,2021-05-02,0105492983,0100680623,Xuất khẩu đồ gỗ,9997000000,0,ban_ra,0,4381
0000003,2021-10-03,0105492983,0104380966,Xuất khẩu đồ gỗ,3996000000,399600000,ban_ra,0,4382
0000004,2021-10-04,0105492983,0101435247,Xuất khẩu đồ gỗ,8500000000,850000000,ban_ra,0,4383
0000005,2021-10-05,0105492983,0102159423,Bán SP mỹ nghệ gỗ,8983000000,898300000,ban_ra,0,4384
0000006,2021-10-06,0105492983,0101056111,Bán đồ gỗ NT TP,3683000000,368300000,ban_ra,0,4385
0000007,2021-10-07,0105492983,0101770848,Xuất khẩu đồ gỗ,9477000000,947700000,ban_ra,0,4386
0000008,2021-10-08,0105492983,0101770848,Bán SP mỹ nghệ gỗ,7253000000,725300000,ban_ra,0,4387
0000009,2021-10-09,0105492983,0104220419,Xuất khẩu đồ gỗ,8372000000,837200000,ban_ra,0,4388
0000010,2021-10-10,0105492983,0101329672,Xuất khẩu đồ gỗ,4850000000,485000000,ban_ra,0,4389
0000011,2021-10-11,0105492983,0101598393,Bán đồ gỗ NT TP,3302000000,330200000,ban_ra,0,4390
0000012,2021-10-12,0105492983,0102311149,Bán SP mỹ nghệ gỗ,6396000000,639600000,ban_ra,0,4391
0000013,2021-01-15,0105492983,0100101308,Bán đồ gỗ NT TP,5420000000,542000000,ban_ra,0,4392
0000014,2021-02-15,0105492983,0105908818,Bán SP mỹ nghệ gỗ,4634000000,463400000,ban_ra,0,4393
0000015,2021-03-20,0105492983,0103711478,Xuất khẩu đồ gỗ,6863000000,686300000,ban_ra,0,4394
0000016,2021-04-20,0105492983,0101377820,Xuất khẩu đồ gỗ,3922000000,392200000,ban_ra,0,4395
0000017,2021-05-20,0105492983,0100373485,Bán đồ gỗ NT TP,3701000000,370100000,ban_ra,0,4396
0000018,2021-06-20,0105492983,0102191498,Xuất khẩu đồ gỗ,4450000000,445000000,ban_ra,0,4397
0000019,2021-07-20,0105492983,0105492983,Xuất khẩu đồ gỗ,8181000000,818100000,ban_ra,0,4398
0000020,2021-08-20,0105492983,0104220419,Bán đồ gỗ NT TP,9130000000,913000000,ban_ra,0,4399
0000021,2021-09-20,0105492983,0100902202,Bán đồ gỗ NT TP,4889000000,488900000,ban_ra,0,4400
0000022,2021-10-20,0105492983,0101770848,Bán SP mỹ nghệ gỗ,3924000000,392400000,ban_ra,0,4401
0000023,2021-11-20,0105492983,0101329672,Bán SP mỹ nghệ gỗ,8750000000,875000000,ban_ra,0,4402
0000024,2021-12-20,0105492983,0100101403,Bán SP mỹ nghệ gỗ,7678000000,767800000,ban_ra,0,4403
0000025,2021-01-25,0105492983,0102264812,Xuất khẩu đồ gỗ,9419000000,941900000,ban_ra,0,4404
0000026,2021-02-28,0105492983,0102191498,Bán SP mỹ nghệ gỗ,3352000000,335200000,ban_ra,0,4405
0000027,2021-04-30,0105492983,0101435247,Bán đồ gỗ NT TP,4649000000,464900000,ban_ra,0,4406
0000028,2021-06-30,0105492983,0100105503,Bán SP mỹ nghệ gỗ,2915000000,291500000,ban_ra,0,4407
0000029,2021-09-30,0105492983,0106255939,Bán đồ gỗ NT TP,6147000000,614700000,ban_ra,0,4408
0000030,2021-11-30,0105492983,0100680623,Xuất khẩu đồ gỗ,4032000000,403200000,ban_ra,0,4409
0000031,2021-03-31,0105492983,0101639000,Xuất khẩu đồ gỗ,5423000000,542300000,ban_ra,0,4410
0000032,2021-05-31,0105492983,0103240765,Xuất khẩu đồ gỗ,5344000000,534400000,ban_ra,0,4411
0000033,2021-07-31,0105492983,0100101308,Bán SP mỹ nghệ gỗ,9051000000,905100000,ban_ra,0,4412
0000034,2021-08-31,0105492983,0105189320,Bán đồ gỗ NT TP,9621000000,962100000,ban_ra,0,4413
0000035,2021-10-31,0105492983,0105327316,Bán SP mỹ nghệ gỗ,3107000000,310700000,ban_ra,0,4414
0000036,2021-12-31,0105492983,0101435247,Bán đồ gỗ NT TP,3804000000,380400000,ban_ra,0,4415
0000037,2021-12-31,0105492983,0105189320,Bán đồ gỗ NT TP,6617000000,661700000,ban_ra,0,4416
0000038,2021-12-31,0105492983,0101639000,Xuất khẩu đồ gỗ,3925000000,392500000,ban_ra,0,4417
0000039,2021-12-31,0105492983,0106187171,Bán SP mỹ nghệ gỗ,6413000000,641300000,ban_ra,0,4418
0000040,2021-12-31,0105492983,0105853894,Bán SP mỹ nghệ gỗ,2953000000,295300000,ban_ra,0,4419
0000041,2021-12-31,0105492983,0106399994,Xuất khẩu đồ gỗ,3354000000,335400000,ban_ra,0,4420
0000042,2021-12-31,0105492983,0103240765,Xuất khẩu đồ gỗ,5273000000,527300000,ban_ra,0,4421
0000043,2021-12-31,0105492983,0106682049,Bán đồ gỗ NT TP,10188000000,1018800000,ban_ra,0,4422
0000044,2021-12-31,0105492983,0104220419,Xuất khẩu đồ gỗ,9994000000,999400000,ban_ra,0,4423
0000045,2021-12-31,0105492983,0106255939,Bán SP mỹ nghệ gỗ,4404000000,440400000,ban_ra,0,4424
0000046,2021-12-31,0105492983,0106682049,Bán đồ gỗ NT TP,5343000000,534300000,ban_ra,0,4425
0000047,2021-12-31,0105492983,0104141407,Xuất khẩu đồ gỗ,9924000000,992400000,ban_ra,0,4426
0000048,2021-12-31,0105492983,0105908818,Xuất khẩu đồ gỗ,5093000000,509300000,ban_ra,0,4427
0000049,2021-12-31,0105492983,0105908818,Xuất khẩu đồ gỗ,4848000000,484800000,ban_ra,0,4428
0000050,2021-12-31,0105492983,0100105503,Xuất khẩu đồ gỗ,7927000000,792700000,ban_ra,0,4429
0000033,2021-05-01,0101329672,0105853894,Mua điện nước CT,1735000000,173500000,mua_vao,0,4430
0000039,2021-05-02,0106682049,0105853894,Thuê máy thi công,787000000,78700000,mua_vao,0,4431
0000057,2021-10-03,0102712091,0105853894,DV vận chuyển VL,2443000000,0,mua_vao,0,4432
0000016,2021-10-04,0106187171,0105853894,DV vận chuyển VL,870000000,87000000,mua_vao,0,4433
0000018,2021-10-05,0100902202,0105853894,Mua điện nước CT,1175000000,117500000,mua_vao,0,4434
0000037,2021-10-06,0101377820,0105853894,DV vận chuyển VL,1806000000,180600000,mua_vao,0,4435
0000055,2021-10-07,0102191498,0105853894,Mua sơn hoàn thiện,651000000,65100000,mua_vao,0,4436
0000024,2021-10-08,0106116043,0105853894,Mua điện nước CT,1574000000,157400000,mua_vao,0,4437
0000057,2021-10-09,0100373485,0105853894,Mua xi măng thép,1248000000,0,mua_vao,0,4438
0000052,2021-10-10,0101601092,0105853894,DV vận chuyển VL,1594000000,159400000,mua_vao,0,4439
0000054,2021-10-11,0101639000,0105853894,Mua gạch đá cát,928000000,92800000,mua_vao,0,4440
0000042,2021-10-12,0101380936,0105853894,Mua điện nước CT,1964000000,196400000,mua_vao,0,4441
0000049,2021-01-15,0100101403,0105853894,DV thiết kế tư vấn,2361000000,236100000,mua_vao,0,4442
0000056,2021-02-15,0102191498,0105853894,Thuê máy thi công,1493000000,149300000,mua_vao,0,4443
0000053,2021-03-20,0101601092,0105853894,DV thiết kế tư vấn,2462000000,0,mua_vao,0,4444
0000043,2021-04-20,0101380936,0105853894,Mua sơn hoàn thiện,1499000000,149900000,mua_vao,0,4445
0000045,2021-05-20,0101598393,0105853894,DV vận chuyển VL,1762000000,176200000,mua_vao,0,4446
0000030,2021-06-20,0105492983,0105853894,Thuê máy thi công,2426000000,242600000,mua_vao,0,4447
0000024,2021-07-20,0105294741,0105853894,DV thiết kế tư vấn,659000000,65900000,mua_vao,0,4448
0000044,2021-08-20,0101380936,0105853894,Mua sơn hoàn thiện,2196000000,219600000,mua_vao,0,4449
0000046,2021-09-20,0101437981,0105853894,Mua sơn hoàn thiện,1099000000,109900000,mua_vao,0,4450
0000055,2021-10-20,0102159423,0105853894,DV vận chuyển VL,1920000000,192000000,mua_vao,0,4451
0000038,2021-11-20,0103240765,0105853894,DV vận chuyển VL,2381000000,238100000,mua_vao,0,4452
0000027,2021-12-20,0106399994,0105853894,Thuê máy thi công,1899000000,189900000,mua_vao,0,4453
0000050,2021-02-28,0100101403,0105853894,Thuê máy thi công,873000000,87300000,mua_vao,0,4454
0000046,2021-04-30,0101598393,0105853894,DV thiết kế tư vấn,729000000,0,mua_vao,0,4455
0000031,2021-06-30,0105492983,0105853894,Mua sơn hoàn thiện,2055000000,205500000,mua_vao,0,4456
0000058,2021-09-30,0100373485,0105853894,Mua xi măng thép,1149000000,0,mua_vao,0,4457
0000026,2021-11-30,0106395904,0105853894,Thuê máy thi công,754000000,75400000,mua_vao,0,4458
0000028,2021-03-31,0106399994,0105853894,Thuê máy thi công,1083000000,108300000,mua_vao,0,4459
0000045,2021-05-31,0101380936,0105853894,Mua điện nước CT,1691000000,169100000,mua_vao,0,4460
0000017,2021-07-31,0106187171,0105853894,DV vận chuyển VL,713000000,0,mua_vao,0,4461
0000015,2021-08-31,0105853894,0105853894,Mua xi măng thép,1884000000,188400000,mua_vao,0,4462
0000028,2021-10-31,0100113494,0105853894,DV vận chuyển VL,1823000000,182300000,mua_vao,0,4463
0000056,2021-12-31,0102331787,0105853894,Mua sơn hoàn thiện,2169000000,216900000,mua_vao,0,4464
0000025,2021-12-31,0105294741,0105853894,Mua xi măng thép,2070000000,207000000,mua_vao,0,4465
0000027,2021-12-31,0104380966,0105853894,DV vận chuyển VL,1983000000,198300000,mua_vao,0,4466
0000046,2021-12-31,0102311149,0105853894,Thuê máy thi công,2305000000,230500000,mua_vao,0,4467
0000040,2021-12-31,0106682049,0105853894,Mua gạch đá cát,649000000,64900000,mua_vao,0,4468
0000047,2021-12-31,0101598393,0105853894,DV vận chuyển VL,2332000000,0,mua_vao,0,4469
0000046,2021-12-31,0101380936,0105853894,DV vận chuyển VL,965000000,96500000,mua_vao,0,4470
0000066,2021-12-31,0103769372,0105853894,DV vận chuyển VL,1384000000,138400000,mua_vao,0,4471
0000032,2021-12-31,0105492983,0105853894,DV thiết kế tư vấn,1382000000,138200000,mua_vao,0,4472
0000048,2021-12-31,0101598393,0105853894,Thuê máy thi công,1435000000,143500000,mua_vao,0,4473
0000034,2021-12-31,0101329672,0105853894,Mua xi măng thép,1497000000,149700000,mua_vao,0,4474
0000056,2021-12-31,0102159423,0105853894,Mua xi măng thép,1699000000,169900000,mua_vao,0,4475
0000057,2021-12-31,0102191498,0105853894,DV vận chuyển VL,2456000000,245600000,mua_vao,0,4476
0000039,2021-12-31,0100105503,0105853894,DV thiết kế tư vấn,2119000000,211900000,mua_vao,0,4477
0000057,2021-12-31,0102159423,0105853894,DV vận chuyển VL,2339000000,233900000,mua_vao,0,4478
0000001,2021-05-01,0105853894,0101437981,Bán DV thi công XD,2146000000,214600000,ban_ra,0,4479
0000002,2021-05-02,0105853894,0104976614,DV SC cải tạo,2482000000,248200000,ban_ra,0,4480
0000003,2021-10-03,0105853894,0102191498,Bán công trình HT,1822000000,182200000,ban_ra,0,4481
0000004,2021-10-04,0105853894,0101329672,Bán công trình HT,2698000000,269800000,ban_ra,0,4482
0000005,2021-10-05,0105853894,0100902202,Bán DV thi công XD,1679000000,167900000,ban_ra,0,4483
0000006,2021-10-06,0105853894,0101435247,Bán công trình HT,2339000000,233900000,ban_ra,0,4484
0000007,2021-10-07,0105853894,0101056111,Bán công trình HT,2864000000,286400000,ban_ra,0,4485
0000008,2021-10-08,0105853894,0102331787,DV SC cải tạo,2061000000,206100000,ban_ra,0,4486
0000009,2021-10-09,0105853894,0106300187,Bán DV thi công XD,2426000000,242600000,ban_ra,0,4487
0000010,2021-10-10,0105853894,0101437981,Bán công trình HT,1280000000,128000000,ban_ra,0,4488
0000011,2021-10-11,0105853894,0101377820,Bán công trình HT,2801000000,280100000,ban_ra,0,4489
0000012,2021-10-12,0105853894,0106395904,Bán DV thi công XD,1667000000,166700000,ban_ra,0,4490
0000013,2021-01-15,0105853894,0100101403,Bán VL xây dựng,3077000000,0,ban_ra,0,4491
0000014,2021-02-15,0105853894,0101377820,DV SC cải tạo,1844000000,184400000,ban_ra,0,4492
0000015,2021-03-20,0105853894,0106467242,Bán DV thi công XD,2588000000,258800000,ban_ra,0,4493
0000016,2021-04-20,0105853894,0101598393,Bán DV thi công XD,1498000000,149800000,ban_ra,0,4494
0000017,2021-05-20,0105853894,0106399994,Bán công trình HT,1757000000,175700000,ban_ra,0,4495
0000018,2021-06-20,0105853894,0106255939,Bán VL xây dựng,1757000000,175700000,ban_ra,0,4496
0000019,2021-07-20,0105853894,0105908818,DV SC cải tạo,1023000000,102300000,ban_ra,0,4497
0000020,2021-08-20,0105853894,0106255939,Bán DV thi công XD,1135000000,113500000,ban_ra,0,4498
0000021,2021-09-20,0105853894,0106682049,Bán công trình HT,2808000000,280800000,ban_ra,0,4499
0000022,2021-10-20,0105853894,0101452549,Bán DV thi công XD,3228000000,322800000,ban_ra,0,4500
0000023,2021-11-20,0105853894,0101437981,Bán DV thi công XD,3375000000,337500000,ban_ra,0,4501
0000024,2021-12-20,0105853894,0102311149,Bán công trình HT,2096000000,209600000,ban_ra,0,4502
0000025,2021-01-25,0105853894,0100680623,Bán công trình HT,3437000000,343700000,ban_ra,0,4503
0000026,2021-02-28,0105853894,0106682049,Bán công trình HT,1227000000,122700000,ban_ra,0,4504
0000027,2021-04-30,0105853894,0101454070,Bán DV thi công XD,3260000000,0,ban_ra,0,4505
0000028,2021-06-30,0105853894,0106682049,Bán VL xây dựng,993000000,99300000,ban_ra,0,4506
0000029,2021-09-30,0105853894,0102311149,Bán DV thi công XD,2360000000,236000000,ban_ra,0,4507
0000030,2021-11-30,0105853894,0100680623,Bán công trình HT,2348000000,234800000,ban_ra,0,4508
0000031,2021-03-31,0105853894,0105327316,DV SC cải tạo,2501000000,250100000,ban_ra,0,4509
0000032,2021-05-31,0105853894,0102159423,Bán DV thi công XD,2836000000,283600000,ban_ra,0,4510
0000033,2021-07-31,0105853894,0104630172,DV SC cải tạo,1271000000,127100000,ban_ra,0,4511
0000034,2021-08-31,0105853894,0106116043,DV SC cải tạo,2925000000,292500000,ban_ra,0,4512
0000035,2021-10-31,0105853894,0102159423,Bán DV thi công XD,960000000,96000000,ban_ra,0,4513
0000036,2021-12-31,0105853894,0101598393,DV SC cải tạo,1103000000,110300000,ban_ra,0,4514
0000037,2021-12-31,0105853894,0101454070,Bán công trình HT,2027000000,202700000,ban_ra,0,4515
0000038,2021-12-31,0105853894,0106116043,Bán VL xây dựng,3210000000,321000000,ban_ra,0,4516
0000039,2021-12-31,0105853894,0106467242,Bán VL xây dựng,3315000000,331500000,ban_ra,0,4517
0000040,2021-12-31,0105853894,0100113494,Bán VL xây dựng,1910000000,191000000,ban_ra,0,4518
0000041,2021-12-31,0105853894,0105853894,DV SC cải tạo,1786000000,178600000,ban_ra,0,4519
0000042,2021-12-31,0105853894,0100101308,Bán VL xây dựng,1636000000,163600000,ban_ra,0,4520
0000043,2021-12-31,0105853894,0105294741,DV SC cải tạo,1992000000,199200000,ban_ra,0,4521
0000044,2021-12-31,0105853894,0106467242,Bán VL xây dựng,2924000000,292400000,ban_ra,0,4522
0000045,2021-12-31,0105853894,0101056111,Bán VL xây dựng,1084000000,108400000,ban_ra,0,4523
0000046,2021-12-31,0105853894,0100101308,DV SC cải tạo,2503000000,250300000,ban_ra,0,4524
0000047,2021-12-31,0105853894,0106682049,Bán VL xây dựng,2120000000,0,ban_ra,0,4525
0000048,2021-12-31,0105853894,0101380936,Bán VL xây dựng,1909000000,190900000,ban_ra,0,4526
0000049,2021-12-31,0105853894,0100373485,Bán DV thi công XD,2182000000,0,ban_ra,0,4527
0000050,2021-12-31,0105853894,0104220419,Bán VL xây dựng,2595000000,259500000,ban_ra,0,4528
0000054,2021-05-01,0101225306,0105908818,Mua NVL SX,45841000000,4584100000,mua_vao,0,4529
0000028,2021-05-02,0106255939,0105908818,Mua NL SX,26228000000,2622800000,mua_vao,0,4530
0000056,2021-10-03,0101770848,0105908818,Mua NVL SX,52700000000,5270000000,mua_vao,0,4531
0000053,2021-10-04,0100680623,0105908818,DV vận chuyển,60026000000,6002600000,mua_vao,0,4532
0000040,2021-10-05,0100105503,0105908818,Mua NL SX,47668000000,4766800000,mua_vao,0,4533
0000057,2021-10-06,0101770848,0105908818,DV kiểm định,18185000000,1818500000,mua_vao,0,4534
0000040,2021-10-07,0101435247,0105908818,Mua NL SX,27167000000,2716700000,mua_vao,0,4535
0000047,2021-10-08,0101437981,0105908818,Mua NL SX,50676000000,0,mua_vao,0,4536
0000033,2021-10-09,0105492983,0105908818,Mua NL SX,21850000000,2185000000,mua_vao,0,4537
0000034,2021-10-10,0101452549,0105908818,Mua điện SX,56262000000,5626200000,mua_vao,0,4538
0000051,2021-10-11,0100101403,0105908818,DV bảo trì,44011000000,4401100000,mua_vao,0,4539
0000067,2021-10-12,0103769372,0105908818,DV kiểm định,44608000000,4460800000,mua_vao,0,4540
0000022,2021-01-15,0104220419,0105908818,Mua bao bì,56059000000,5605900000,mua_vao,0,4541
0000019,2021-02-15,0100902202,0105908818,DV bảo trì,63952000000,6395200000,mua_vao,0,4542
0000020,2021-03-20,0106112810,0105908818,DV kiểm định,57182000000,5718200000,mua_vao,0,4543
0000038,2021-04-20,0101377820,0105908818,Mua NVL SX,53004000000,0,mua_vao,0,4544
0000037,2021-05-20,0100101308,0105908818,DV kiểm định,50347000000,5034700000,mua_vao,0,4545
0000057,2021-06-20,0102331787,0105908818,DV vận chuyển,20647000000,2064700000,mua_vao,0,4546
0000048,2021-07-20,0101437981,0105908818,Mua điện SX,59446000000,5944600000,mua_vao,0,4547
0000047,2021-08-20,0102311149,0105908818,Mua NVL SX,32991000000,3299100000,mua_vao,0,4548
0000059,2021-09-20,0100373485,0105908818,Mua NVL SX,54867000000,5486700000,mua_vao,0,4549
0000049,2021-10-20,0101598393,0105908818,Mua phụ tùng,43160000000,4316000000,mua_vao,0,4550
0000048,2021-11-20,0102311149,0105908818,Mua NL SX,63655000000,0,mua_vao,0,4551
0000058,2021-12-20,0102191498,0105908818,Mua NL SX,20706000000,0,mua_vao,0,4552
0000041,2021-01-25,0106682049,0105908818,DV kiểm định,42626000000,4262600000,mua_vao,0,4553
0000060,2021-02-28,0100373485,0105908818,DV bảo trì,43645000000,4364500000,mua_vao,0,4554
0000029,2021-04-30,0106399994,0105908818,DV bảo trì,55639000000,5563900000,mua_vao,0,4555
0000024,2021-06-30,0106300187,0105908818,Mua bao bì,54701000000,5470100000,mua_vao,0,4556
0000052,2021-09-30,0100101403,0105908818,Mua phụ tùng,20015000000,2001500000,mua_vao,0,4557
0000061,2021-11-30,0102264812,0105908818,DV kiểm định,30261000000,3026100000,mua_vao,0,4558
0000041,2021-03-31,0100105503,0105908818,DV kiểm định,54468000000,5446800000,mua_vao,0,4559
0000018,2021-05-31,0106187171,0105908818,Mua phụ tùng,21629000000,2162900000,mua_vao,0,4560
0000035,2021-07-31,0101452549,0105908818,DV bảo trì,23833000000,2383300000,mua_vao,0,4561
0000047,2021-08-31,0101380936,0105908818,DV kiểm định,51446000000,5144600000,mua_vao,0,4562
0000042,2021-10-31,0100105503,0105908818,Mua điện SX,47953000000,4795300000,mua_vao,0,4563
0000025,2021-12-31,0106116043,0105908818,DV bảo trì,50947000000,5094700000,mua_vao,0,4564
0000030,2021-12-31,0106399994,0105908818,Mua điện SX,40641000000,4064100000,mua_vao,0,4565
0000034,2021-12-31,0105492983,0105908818,Mua NVL SX,32208000000,3220800000,mua_vao,0,4566
0000020,2021-12-31,0105908818,0105908818,Mua điện SX,64431000000,0,mua_vao,0,4567
0000018,2021-12-31,0106467242,0105908818,Mua bao bì,42798000000,4279800000,mua_vao,0,4568
0000026,2021-12-31,0105294741,0105908818,DV kiểm định,27191000000,2719100000,mua_vao,0,4569
0000058,2021-12-31,0102712091,0105908818,DV bảo trì,47913000000,4791300000,mua_vao,0,4570
0000053,2021-12-31,0100101403,0105908818,Mua NVL SX,41328000000,4132800000,mua_vao,0,4571
0000026,2021-12-31,0106116043,0105908818,Mua điện SX,48052000000,4805200000,mua_vao,0,4572
0000042,2021-12-31,0106682049,0105908818,DV bảo trì,54004000000,5400400000,mua_vao,0,4573
0000032,2021-12-31,0105189320,0105908818,DV kiểm định,56890000000,5689000000,mua_vao,0,4574
0000021,2021-12-31,0105908818,0105908818,Mua bao bì,57832000000,5783200000,mua_vao,0,4575
0000058,2021-12-31,0101770848,0105908818,DV vận chuyển,51052000000,5105200000,mua_vao,0,4576
0000029,2021-12-31,0106255939,0105908818,Mua NVL SX,52343000000,5234300000,mua_vao,0,4577
0000049,2021-12-31,0102311149,0105908818,DV vận chuyển,56935000000,5693500000,mua_vao,0,4578
0000001,2021-05-01,0105908818,0100101308,Bán SP đặt hàng,43652000000,4365200000,ban_ra,0,4579
0000002,2021-05-02,0105908818,0106467242,Bán SP TP,43766000000,4376600000,ban_ra,0,4580
0000003,2021-10-03,0105908818,0102191498,Bán SP đặt hàng,78549000000,7854900000,ban_ra,0,4581
0000004,2021-10-04,0105908818,0103240765,Bán SP đặt hàng,51732000000,5173200000,ban_ra,0,4582
0000005,2021-10-05,0105908818,0106112810,Bán SP TP,68208000000,6820800000,ban_ra,0,4583
0000006,2021-10-06,0105908818,0101329672,Bán SP đặt hàng,39138000000,3913800000,ban_ra,0,4584
0000007,2021-10-07,0105908818,0101437981,Xuất khẩu SP,45158000000,4515800000,ban_ra,0,4585
0000008,2021-10-08,0105908818,0103769372,Xuất khẩu SP,76093000000,7609300000,ban_ra,0,4586
0000009,2021-10-09,0105908818,0106682049,Bán phụ phẩm,74287000000,7428700000,ban_ra,0,4587
0000010,2021-10-10,0105908818,0100101403,Bán phụ phẩm,35857000000,3585700000,ban_ra,0,4588
0000011,2021-10-11,0105908818,0101437981,Bán phụ phẩm,57788000000,5778800000,ban_ra,0,4589
0000012,2021-10-12,0105908818,0101225306,Bán SP đặt hàng,58007000000,5800700000,ban_ra,0,4590
0000013,2021-01-15,0105908818,0103769372,Bán SP đặt hàng,71929000000,7192900000,ban_ra,0,4591
0000014,2021-02-15,0105908818,0103769372,Xuất khẩu SP,25786000000,0,ban_ra,0,4592
0000015,2021-03-20,0105908818,0101056111,Bán SP TP,85759000000,8575900000,ban_ra,0,4593
0000016,2021-04-20,0105908818,0103769372,Bán phụ phẩm,54944000000,5494400000,ban_ra,0,4594
0000017,2021-05-20,0105908818,0106395904,Bán phụ phẩm,46598000000,4659800000,ban_ra,0,4595
0000018,2021-06-20,0105908818,0102625829,Bán SP đặt hàng,46058000000,4605800000,ban_ra,0,4596
0000019,2021-07-20,0105908818,0101454070,Bán SP TP,61159000000,6115900000,ban_ra,0,4597
0000020,2021-08-20,0105908818,0103769372,Bán SP TP,42681000000,4268100000,ban_ra,0,4598
0000021,2021-09-20,0105908818,0101377820,Bán phụ phẩm,47774000000,4777400000,ban_ra,0,4599
0000022,2021-10-20,0105908818,0106682049,Bán SP đặt hàng,79614000000,7961400000,ban_ra,0,4600
0000023,2021-11-20,0105908818,0104976614,Bán phụ phẩm,24874000000,2487400000,ban_ra,0,4601
0000024,2021-12-20,0105908818,0101380936,Bán SP TP,46028000000,4602800000,ban_ra,0,4602
0000025,2021-01-25,0105908818,0100680623,Bán phụ phẩm,59196000000,5919600000,ban_ra,0,4603
0000026,2021-02-28,0105908818,0104380966,Bán SP đặt hàng,40229000000,4022900000,ban_ra,0,4604
0000027,2021-04-30,0105908818,0104630172,Bán SP TP,38782000000,3878200000,ban_ra,0,4605
0000028,2021-06-30,0105908818,0106116043,Bán phụ phẩm,66398000000,6639800000,ban_ra,0,4606
0000029,2021-09-30,0105908818,0103769372,Bán SP TP,60630000000,6063000000,ban_ra,0,4607
0000030,2021-11-30,0105908818,0101377820,Xuất khẩu SP,63675000000,6367500000,ban_ra,0,4608
0000031,2021-03-31,0105908818,0100113494,Bán phụ phẩm,66399000000,6639900000,ban_ra,0,4609
0000032,2021-05-31,0105908818,0101452549,Bán SP TP,55772000000,5577200000,ban_ra,0,4610
0000033,2021-07-31,0105908818,0101437981,Bán SP đặt hàng,26074000000,2607400000,ban_ra,0,4611
0000034,2021-08-31,0105908818,0104630172,Xuất khẩu SP,40073000000,4007300000,ban_ra,0,4612
0000035,2021-10-31,0105908818,0100105503,Bán SP TP,39100000000,3910000000,ban_ra,0,4613
0000036,2021-12-31,0105908818,0101056111,Bán phụ phẩm,33266000000,3326600000,ban_ra,0,4614
0000037,2021-12-31,0105908818,0106467242,Bán SP TP,63854000000,6385400000,ban_ra,0,4615
0000038,2021-12-31,0105908818,0105189320,Bán phụ phẩm,23061000000,2306100000,ban_ra,0,4616
0000039,2021-12-31,0105908818,0104380966,Xuất khẩu SP,50579000000,5057900000,ban_ra,0,4617
0000040,2021-12-31,0105908818,0102712091,Xuất khẩu SP,33647000000,3364700000,ban_ra,0,4618
0000041,2021-12-31,0105908818,0101377820,Xuất khẩu SP,31984000000,3198400000,ban_ra,0,4619
0000042,2021-12-31,0105908818,0104220419,Bán SP đặt hàng,72130000000,7213000000,ban_ra,0,4620
0000043,2021-12-31,0105908818,0101452549,Bán SP TP,25326000000,2532600000,ban_ra,0,4621
0000044,2021-12-31,0105908818,0104380966,Xuất khẩu SP,67787000000,6778700000,ban_ra,0,4622
0000045,2021-12-31,0105908818,0103240765,Bán SP TP,43237000000,4323700000,ban_ra,0,4623
0000046,2021-12-31,0105908818,0103240765,Bán SP TP,37883000000,3788300000,ban_ra,0,4624
0000047,2021-12-31,0105908818,0105492983,Bán SP TP,52802000000,5280200000,ban_ra,0,4625
0000048,2021-12-31,0105908818,0102311149,Bán SP TP,64732000000,6473200000,ban_ra,0,4626
0000049,2021-12-31,0105908818,0104976614,Bán SP TP,53609000000,5360900000,ban_ra,0,4627
0000050,2021-12-31,0105908818,0101770848,Bán phụ phẩm,36539000000,3653900000,ban_ra,0,4628
0000036,2021-05-01,0101452549,0106112810,Mua HH NK,55602000000,5560200000,mua_vao,0,4629
0000035,2021-05-02,0105492983,0106112810,DV tư vấn TM,19040000000,1904000000,mua_vao,0,4630
0000027,2021-10-03,0105294741,0106112810,Mua HH NK,51468000000,5146800000,mua_vao,0,4631
0000028,2021-10-04,0104380966,0106112810,DV logistics,42223000000,4222300000,mua_vao,0,4632
0000025,2021-10-05,0106300187,0106112810,DV logistics,15899000000,1589900000,mua_vao,0,4633
0000062,2021-10-06,0102264812,0106112810,DV logistics,48684000000,4868400000,mua_vao,0,4634
0000038,2021-10-07,0100101308,0106112810,Mua HH NK,28632000000,2863200000,mua_vao,0,4635
0000059,2021-10-08,0102712091,0106112810,Mua HH NK,31643000000,3164300000,mua_vao,0,4636
0000059,2021-10-09,0102191498,0106112810,Phí hải quan,37736000000,0,mua_vao,0,4637
0000027,2021-10-10,0106116043,0106112810,Mua HH ND,14491000000,1449100000,mua_vao,0,4638
0000053,2021-10-11,0101454070,0106112810,Phí hải quan,16008000000,1600800000,mua_vao,0,4639
0000054,2021-10-12,0100101403,0106112810,Mua HH ND,42494000000,4249400000,mua_vao,0,4640
0000054,2021-01-15,0101454070,0106112810,Phí hải quan,16242000000,1624200000,mua_vao,0,4641
0000045,2021-02-15,0102625829,0106112810,Mua HH ND,43475000000,4347500000,mua_vao,0,4642
0000021,2021-03-20,0106112810,0106112810,DV tư vấn TM,14809000000,1480900000,mua_vao,0,4643
0000019,2021-04-20,0106187171,0106112810,DV tư vấn TM,21220000000,2122000000,mua_vao,0,4644
0000043,2021-05-20,0104141407,0106112810,Phí hải quan,30979000000,3097900000,mua_vao,0,4645
0000026,2021-06-20,0106300187,0106112810,DV tư vấn TM,28701000000,2870100000,mua_vao,0,4646
0000044,2021-07-20,0104141407,0106112810,Phí hải quan,18121000000,1812100000,mua_vao,0,4647
0000054,2021-08-20,0100680623,0106112810,Phí hải quan,28053000000,2805300000,mua_vao,0,4648
0000050,2021-09-20,0101598393,0106112810,DV tư vấn TM,21787000000,2178700000,mua_vao,0,4649
0000033,2021-10-20,0105189320,0106112810,DV logistics,34591000000,3459100000,mua_vao,0,4650
0000040,2021-11-20,0104976614,0106112810,Mua HH ND,17611000000,1761100000,mua_vao,0,4651
0000034,2021-12-20,0105189320,0106112810,Mua HH NK,26551000000,2655100000,mua_vao,0,4652
0000035,2021-01-25,0101329672,0106112810,DV logistics,30237000000,3023700000,mua_vao,0,4653
0000020,2021-02-28,0100902202,0106112810,Mua HH ND,26053000000,2605300000,mua_vao,0,4654
0000055,2021-04-30,0101454070,0106112810,DV tư vấn TM,22022000000,2202200000,mua_vao,0,4655
0000041,2021-06-30,0104976614,0106112810,Phí hải quan,56221000000,5622100000,mua_vao,0,4656
0000068,2021-09-30,0103769372,0106112810,Phí hải quan,45635000000,4563500000,mua_vao,0,4657
0000023,2021-11-30,0104220419,0106112810,DV logistics,39812000000,0,mua_vao,0,4658
0000039,2021-03-31,0100101308,0106112810,DV tư vấn TM,22544000000,2254400000,mua_vao,0,4659
0000056,2021-05-31,0101454070,0106112810,DV logistics,19632000000,1963200000,mua_vao,0,4660
0000060,2021-07-31,0102712091,0106112810,DV tư vấn TM,27729000000,2772900000,mua_vao,0,4661
0000039,2021-08-31,0103240765,0106112810,DV tư vấn TM,34673000000,3467300000,mua_vao,0,4662
0000027,2021-10-31,0106395904,0106112810,DV logistics,25096000000,2509600000,mua_vao,0,4663
0000022,2021-12-31,0106112810,0106112810,Phí hải quan,48691000000,4869100000,mua_vao,0,4664
0000055,2021-12-31,0100680623,0106112810,Mua HH ND,15416000000,1541600000,mua_vao,0,4665
0000063,2021-12-31,0102264812,0106112810,Phí hải quan,25816000000,2581600000,mua_vao,0,4666
0000016,2021-12-31,0105853894,0106112810,Phí hải quan,38029000000,3802900000,mua_vao,0,4667
0000030,2021-12-31,0106255939,0106112810,Mua HH NK,26561000000,2656100000,mua_vao,0,4668
0000024,2021-12-31,0104220419,0106112810,DV tư vấn TM,25254000000,0,mua_vao,0,4669
0000051,2021-12-31,0101598393,0106112810,Phí hải quan,28412000000,2841200000,mua_vao,0,4670
0000049,2021-12-31,0101437981,0106112810,DV tư vấn TM,55642000000,0,mua_vao,0,4671
0000048,2021-12-31,0101056111,0106112810,DV tư vấn TM,36232000000,3623200000,mua_vao,0,4672
0000055,2021-12-31,0100101403,0106112810,Phí hải quan,21204000000,2120400000,mua_vao,0,4673
0000042,2021-12-31,0104976614,0106112810,Mua HH NK,27389000000,2738900000,mua_vao,0,4674
0000022,2021-12-31,0105908818,0106112810,DV tư vấn TM,25277000000,2527700000,mua_vao,0,4675
0000040,2021-12-31,0103240765,0106112810,DV tư vấn TM,37457000000,3745700000,mua_vao,0,4676
0000059,2021-12-31,0101770848,0106112810,Phí hải quan,32213000000,3221300000,mua_vao,0,4677
0000060,2021-12-31,0101770848,0106112810,Mua HH NK,26146000000,2614600000,mua_vao,0,4678
0000001,2021-05-01,0106112810,0104380966,Bán HH theo HĐ,60521000000,6052100000,ban_ra,0,4679
0000002,2021-05-02,0106112810,0105189320,Bán HH ND,63516000000,6351600000,ban_ra,0,4680
0000003,2021-10-03,0106112810,0100113494,Xuất khẩu HH,75257000000,7525700000,ban_ra,0,4681
0000004,2021-10-04,0106112810,0102264812,Bán HH theo HĐ,43408000000,4340800000,ban_ra,0,4682
0000005,2021-10-05,0106112810,0106255939,Cung cấp DV TM,54429000000,5442900000,ban_ra,0,4683
0000006,2021-10-06,0106112810,0101639000,Bán HH theo HĐ,64735000000,6473500000,ban_ra,0,4684
0000007,2021-10-07,0106112810,0106399994,Xuất khẩu HH,75105000000,7510500000,ban_ra,0,4685
0000008,2021-10-08,0106112810,0101377820,Bán HH ND,37917000000,3791700000,ban_ra,0,4686
0000009,2021-10-09,0106112810,0102625829,Xuất khẩu HH,49150000000,4915000000,ban_ra,0,4687
0000010,2021-10-10,0106112810,0106300187,Xuất khẩu HH,23849000000,2384900000,ban_ra,0,4688
0000011,2021-10-11,0106112810,0100113494,Bán HH ND,69064000000,0,ban_ra,0,4689
0000012,2021-10-12,0106112810,0100101403,Cung cấp DV TM,25638000000,2563800000,ban_ra,0,4690
0000013,2021-01-15,0106112810,0101329672,Cung cấp DV TM,43103000000,4310300000,ban_ra,0,4691
0000014,2021-02-15,0106112810,0100101403,Cung cấp DV TM,71318000000,7131800000,ban_ra,0,4692
0000015,2021-03-20,0106112810,0101437981,Cung cấp DV TM,45469000000,4546900000,ban_ra,0,4693
0000016,2021-04-20,0106112810,0102159423,Bán HH theo HĐ,70337000000,7033700000,ban_ra,0,4694
0000017,2021-05-20,0106112810,0104380966,Bán HH ND,46093000000,4609300000,ban_ra,0,4695
0000018,2021-06-20,0106112810,0102712091,Cung cấp DV TM,47817000000,0,ban_ra,0,4696
0000019,2021-07-20,0106112810,0100101403,Bán HH ND,30055000000,0,ban_ra,0,4697
0000020,2021-08-20,0106112810,0102712091,Cung cấp DV TM,42404000000,4240400000,ban_ra,0,4698
0000021,2021-09-20,0106112810,0101435247,Xuất khẩu HH,74134000000,7413400000,ban_ra,0,4699
0000022,2021-10-20,0106112810,0106399994,Cung cấp DV TM,37439000000,0,ban_ra,0,4700
0000023,2021-11-20,0106112810,0106300187,Bán HH ND,66626000000,6662600000,ban_ra,0,4701
0000024,2021-12-20,0106112810,0106116043,Cung cấp DV TM,25695000000,2569500000,ban_ra,0,4702
0000025,2021-01-25,0106112810,0106112810,Bán HH ND,20069000000,2006900000,ban_ra,0,4703
0000026,2021-02-28,0106112810,0101329672,Bán HH theo HĐ,65997000000,0,ban_ra,0,4704
0000027,2021-04-30,0106112810,0101452549,Bán HH ND,62169000000,6216900000,ban_ra,0,4705
0000028,2021-06-30,0106112810,0101329672,Cung cấp DV TM,53329000000,0,ban_ra,0,4706
0000029,2021-09-30,0106112810,0106116043,Bán HH ND,69996000000,6999600000,ban_ra,0,4707
0000030,2021-11-30,0106112810,0102264812,Bán HH ND,76395000000,7639500000,ban_ra,0,4708
0000031,2021-03-31,0106112810,0106300187,Bán HH theo HĐ,30520000000,3052000000,ban_ra,0,4709
0000032,2021-05-31,0106112810,0102191498,Bán HH theo HĐ,29364000000,2936400000,ban_ra,0,4710
0000033,2021-07-31,0106112810,0102191498,Bán HH ND,30627000000,3062700000,ban_ra,0,4711
0000034,2021-08-31,0106112810,0102625829,Xuất khẩu HH,27580000000,2758000000,ban_ra,0,4712
0000035,2021-10-31,0106112810,0105853894,Xuất khẩu HH,61619000000,6161900000,ban_ra,0,4713
0000036,2021-12-31,0106112810,0105189320,Bán HH ND,65876000000,0,ban_ra,0,4714
0000037,2021-12-31,0106112810,0102712091,Bán HH theo HĐ,64794000000,6479400000,ban_ra,0,4715
0000038,2021-12-31,0106112810,0101225306,Xuất khẩu HH,41627000000,4162700000,ban_ra,0,4716
0000039,2021-12-31,0106112810,0100373485,Bán HH ND,69119000000,6911900000,ban_ra,0,4717
0000040,2021-12-31,0106112810,0101639000,Bán HH ND,52332000000,0,ban_ra,0,4718
0000041,2021-12-31,0106112810,0106399994,Bán HH ND,65847000000,6584700000,ban_ra,0,4719
0000042,2021-12-31,0106112810,0104630172,Bán HH theo HĐ,24766000000,2476600000,ban_ra,0,4720
0000043,2021-12-31,0106112810,0106399994,Xuất khẩu HH,32757000000,3275700000,ban_ra,0,4721
0000044,2021-12-31,0106112810,0100105503,Cung cấp DV TM,35497000000,3549700000,ban_ra,0,4722
0000045,2021-12-31,0106112810,0106116043,Bán HH theo HĐ,64028000000,6402800000,ban_ra,0,4723
0000046,2021-12-31,0106112810,0105294741,Bán HH theo HĐ,51210000000,5121000000,ban_ra,0,4724
0000047,2021-12-31,0106112810,0106467242,Bán HH theo HĐ,49086000000,4908600000,ban_ra,0,4725
0000048,2021-12-31,0106112810,0102311149,Bán HH ND,43723000000,4372300000,ban_ra,0,4726
0000049,2021-12-31,0106112810,0103711478,Cung cấp DV TM,43785000000,4378500000,ban_ra,0,4727
0000050,2021-12-31,0106112810,0100113494,Bán HH theo HĐ,73959000000,7395900000,ban_ra,0,4728
0000056,2021-05-01,0100101403,0106116043,Mua điện bến cảng,12465000000,1246500000,mua_vao,0,4729
0000029,2021-05-02,0104380966,0106116043,Mua điện bến cảng,30423000000,3042300000,mua_vao,0,4730
0000054,2021-10-03,0101601092,0106116043,DV vận chuyển thủy,19352000000,1935200000,mua_vao,0,4731
0000040,2021-10-04,0100101308,0106116043,Mua hóa chất phụ,24639000000,2463900000,mua_vao,0,4732
0000039,2021-10-05,0101377820,0106116043,DV bảo trì tàu,24361000000,2436100000,mua_vao,0,4733
0000060,2021-10-06,0102191498,0106116043,Mua xăng dầu NL,19433000000,1943300000,mua_vao,0,4734
0000055,2021-10-07,0101225306,0106116043,Mua hóa chất phụ,18754000000,1875400000,mua_vao,0,4735
0000041,2021-10-08,0101435247,0106116043,Mua thiết bị tàu,12508000000,1250800000,mua_vao,0,4736
0000057,2021-10-09,0101454070,0106116043,Mua xăng dầu NL,14085000000,0,mua_vao,0,4737
0000029,2021-10-10,0105327316,0106116043,DV bảo trì tàu,34201000000,3420100000,mua_vao,0,4738
0000028,2021-10-11,0106116043,0106116043,DV bảo trì tàu,35705000000,3570500000,mua_vao,0,4739
0000056,2021-10-12,0101225306,0106116043,Mua xăng dầu NL,10448000000,1044800000,mua_vao,0,4740
0000050,2021-01-15,0102311149,0106116043,DV bảo trì tàu,16935000000,1693500000,mua_vao,0,4741
0000017,2021-02-15,0105853894,0106116043,Mua điện bến cảng,10157000000,1015700000,mua_vao,0,4742
0000036,2021-03-20,0105492983,0106116043,Mua thiết bị tàu,34410000000,3441000000,mua_vao,0,4743
0000046,2021-04-20,0102625829,0106116043,DV vận chuyển thủy,31543000000,3154300000,mua_vao,0,4744
0000061,2021-05-20,0102712091,0106116043,Mua thiết bị tàu,14200000000,1420000000,mua_vao,0,4745
0000023,2021-06-20,0105908818,0106116043,Mua xăng dầu NL,25693000000,2569300000,mua_vao,0,4746
0000061,2021-07-20,0100373485,0106116043,DV bảo trì tàu,13313000000,1331300000,mua_vao,0,4747
0000047,2021-08-20,0103711478,0106116043,Mua điện bến cảng,22920000000,2292000000,mua_vao,0,4748
0000057,2021-09-20,0101225306,0106116043,Mua thiết bị tàu,18497000000,1849700000,mua_vao,0,4749
0000042,2021-10-20,0101435247,0106116043,Mua hóa chất phụ,13974000000,1397400000,mua_vao,0,4750
0000030,2021-11-20,0104380966,0106116043,Mua thiết bị tàu,32495000000,0,mua_vao,0,4751
0000028,2021-12-20,0106395904,0106116043,DV bảo trì tàu,24046000000,2404600000,mua_vao,0,4752
0000029,2021-01-25,0106395904,0106116043,DV vận chuyển thủy,35742000000,3574200000,mua_vao,0,4753
0000055,2021-02-28,0101639000,0106116043,Mua điện bến cảng,28893000000,2889300000,mua_vao,0,4754
0000043,2021-04-30,0106682049,0106116043,DV vận chuyển thủy,31780000000,3178000000,mua_vao,0,4755
0000052,2021-06-30,0101598393,0106116043,DV bảo trì tàu,27246000000,2724600000,mua_vao,0,4756
0000040,2021-09-30,0101377820,0106116043,Mua điện bến cảng,25851000000,2585100000,mua_vao,0,4757
0000029,2021-11-30,0106116043,0106116043,DV bảo trì tàu,34682000000,3468200000,mua_vao,0,4758
0000061,2021-03-31,0102191498,0106116043,Mua thiết bị tàu,14704000000,1470400000,mua_vao,0,4759
0000061,2021-05-31,0101770848,0106116043,Mua thiết bị tàu,21715000000,2171500000,mua_vao,0,4760
0000019,2021-07-31,0106467242,0106116043,Mua hóa chất phụ,31747000000,3174700000,mua_vao,0,4761
0000053,2021-08-31,0101598393,0106116043,DV vận chuyển thủy,16912000000,1691200000,mua_vao,0,4762
0000058,2021-10-31,0102159423,0106116043,Mua điện bến cảng,27688000000,2768800000,mua_vao,0,4763
0000030,2021-12-31,0106395904,0106116043,DV vận chuyển thủy,27156000000,0,mua_vao,0,4764
0000064,2021-12-31,0102264812,0106116043,Mua thiết bị tàu,14236000000,1423600000,mua_vao,0,4765
0000024,2021-12-31,0105908818,0106116043,Mua thiết bị tàu,12141000000,1214100000,mua_vao,0,4766
0000031,2021-12-31,0106255939,0106116043,Mua xăng dầu NL,30214000000,3021400000,mua_vao,0,4767
0000054,2021-12-31,0101598393,0106116043,Mua thiết bị tàu,17741000000,1774100000,mua_vao,0,4768
0000023,2021-12-31,0106112810,0106116043,Mua điện bến cảng,27702000000,2770200000,mua_vao,0,4769
0000058,2021-12-31,0101454070,0106116043,Mua thiết bị tàu,30913000000,3091300000,mua_vao,0,4770
0000044,2021-12-31,0104630172,0106116043,Mua xăng dầu NL,35042000000,3504200000,mua_vao,0,4771
0000036,2021-12-31,0101329672,0106116043,Mua điện bến cảng,35026000000,3502600000,mua_vao,0,4772
0000045,2021-12-31,0104630172,0106116043,Mua thiết bị tàu,25553000000,0,mua_vao,0,4773
0000041,2021-12-31,0101377820,0106116043,Mua thiết bị tàu,20329000000,2032900000,mua_vao,0,4774
0000031,2021-12-31,0104380966,0106116043,DV vận chuyển thủy,29637000000,2963700000,mua_vao,0,4775
0000032,2021-12-31,0104380966,0106116043,Mua thiết bị tàu,23132000000,2313200000,mua_vao,0,4776
0000020,2021-12-31,0106187171,0106116043,DV vận chuyển thủy,24567000000,2456700000,mua_vao,0,4777
0000001,2021-05-01,0106116043,0106399994,Bán DV hậu cần,16172000000,1617200000,ban_ra,0,4778
0000002,2021-05-02,0106116043,0104630172,Bán xăng dầu TP,21775000000,2177500000,ban_ra,0,4779
0000003,2021-10-03,0106116043,0105327316,Bán DV vận tải thủy,32272000000,3227200000,ban_ra,0,4780
0000004,2021-10-04,0106116043,0106112810,Bán xăng dầu TP,38801000000,3880100000,ban_ra,0,4781
0000005,2021-10-05,0106116043,0101601092,DV cho thuê tàu,44279000000,4427900000,ban_ra,0,4782
0000006,2021-10-06,0106116043,0105908818,Bán DV vận tải thủy,17740000000,1774000000,ban_ra,0,4783
0000007,2021-10-07,0106116043,0104380966,Bán xăng dầu TP,34044000000,0,ban_ra,0,4784
0000008,2021-10-08,0106116043,0100902202,Bán xăng dầu TP,44532000000,4453200000,ban_ra,0,4785
0000009,2021-10-09,0106116043,0102712091,DV cho thuê tàu,45016000000,4501600000,ban_ra,0,4786
0000010,2021-10-10,0106116043,0105294741,Bán DV hậu cần,21165000000,2116500000,ban_ra,0,4787
0000011,2021-10-11,0106116043,0100105503,Bán DV hậu cần,33402000000,3340200000,ban_ra,0,4788
0000012,2021-10-12,0106116043,0103769372,Bán DV vận tải thủy,22590000000,2259000000,ban_ra,0,4789
0000013,2021-01-15,0106116043,0102191498,DV cho thuê tàu,37512000000,3751200000,ban_ra,0,4790
0000014,2021-02-15,0106116043,0102311149,DV cho thuê tàu,27969000000,2796900000,ban_ra,0,4791
0000015,2021-03-20,0106116043,0106187171,Bán DV hậu cần,19115000000,1911500000,ban_ra,0,4792
0000016,2021-04-20,0106116043,0106187171,Bán DV vận tải thủy,17310000000,1731000000,ban_ra,0,4793
0000017,2021-05-20,0106116043,0101437981,Bán DV vận tải thủy,21598000000,2159800000,ban_ra,0,4794
0000018,2021-06-20,0106116043,0100113494,Bán xăng dầu TP,18206000000,1820600000,ban_ra,0,4795
0000019,2021-07-20,0106116043,0100105503,Bán DV hậu cần,30211000000,3021100000,ban_ra,0,4796
0000020,2021-08-20,0106116043,0101380936,DV cho thuê tàu,46121000000,4612100000,ban_ra,0,4797
0000021,2021-09-20,0106116043,0106682049,Bán DV hậu cần,22239000000,2223900000,ban_ra,0,4798
0000022,2021-10-20,0106116043,0100105503,Bán xăng dầu TP,19723000000,1972300000,ban_ra,0,4799
0000023,2021-11-20,0106116043,0106116043,DV cho thuê tàu,46271000000,4627100000,ban_ra,0,4800
0000024,2021-12-20,0106116043,0101056111,Bán xăng dầu TP,13144000000,1314400000,ban_ra,0,4801
0000025,2021-01-25,0106116043,0104380966,Bán DV vận tải thủy,20295000000,2029500000,ban_ra,0,4802
0000026,2021-02-28,0106116043,0100113494,DV cho thuê tàu,48025000000,4802500000,ban_ra,0,4803
0000027,2021-04-30,0106116043,0101380936,Bán DV vận tải thủy,24695000000,2469500000,ban_ra,0,4804
0000028,2021-06-30,0106116043,0100113494,Bán DV vận tải thủy,47205000000,4720500000,ban_ra,0,4805
0000029,2021-09-30,0106116043,0106112810,Bán xăng dầu TP,44827000000,4482700000,ban_ra,0,4806
0000030,2021-11-30,0106116043,0106395904,Bán DV hậu cần,42495000000,0,ban_ra,0,4807
0000031,2021-03-31,0106116043,0106116043,Bán DV vận tải thủy,45354000000,4535400000,ban_ra,0,4808
0000032,2021-05-31,0106116043,0106300187,Bán xăng dầu TP,48613000000,4861300000,ban_ra,0,4809
0000033,2021-07-31,0106116043,0101770848,Bán xăng dầu TP,23164000000,2316400000,ban_ra,0,4810
0000034,2021-08-31,0106116043,0106467242,Bán DV hậu cần,22348000000,2234800000,ban_ra,0,4811
0000035,2021-10-31,0106116043,0101435247,DV cho thuê tàu,29743000000,2974300000,ban_ra,0,4812
0000036,2021-12-31,0106116043,0100101403,Bán DV hậu cần,16593000000,1659300000,ban_ra,0,4813
0000037,2021-12-31,0106116043,0104220419,Bán DV hậu cần,49157000000,4915700000,ban_ra,0,4814
0000038,2021-12-31,0106116043,0106255939,Bán xăng dầu TP,23493000000,2349300000,ban_ra,0,4815
0000039,2021-12-31,0106116043,0105189320,Bán DV hậu cần,49005000000,0,ban_ra,0,4816
0000040,2021-12-31,0106116043,0100101403,Bán DV vận tải thủy,29545000000,2954500000,ban_ra,0,4817
0000041,2021-12-31,0106116043,0104220419,Bán xăng dầu TP,16460000000,1646000000,ban_ra,0,4818
0000042,2021-12-31,0106116043,0105908818,Bán xăng dầu TP,40162000000,4016200000,ban_ra,0,4819
0000043,2021-12-31,0106116043,0106682049,Bán DV hậu cần,27182000000,2718200000,ban_ra,0,4820
0000044,2021-12-31,0106116043,0101601092,Bán xăng dầu TP,36693000000,3669300000,ban_ra,0,4821
0000045,2021-12-31,0106116043,0101770848,DV cho thuê tàu,43620000000,4362000000,ban_ra,0,4822
0000046,2021-12-31,0106116043,0106187171,Bán DV hậu cần,27232000000,0,ban_ra,0,4823
0000047,2021-12-31,0106116043,0101452549,Bán DV vận tải thủy,24394000000,2439400000,ban_ra,0,4824
0000048,2021-12-31,0106116043,0106682049,DV cho thuê tàu,23780000000,2378000000,ban_ra,0,4825
0000049,2021-12-31,0106116043,0100373485,Bán DV hậu cần,43595000000,4359500000,ban_ra,0,4826
0000050,2021-12-31,0106116043,0100373485,Bán DV hậu cần,47791000000,4779100000,ban_ra,0,4827
0000062,2021-05-01,0102712091,0106187171,DV logistics,14016000000,1401600000,mua_vao,0,4828
0000048,2021-05-02,0103711478,0106187171,Chi phí kho bãi,20618000000,0,mua_vao,0,4829
0000055,2021-10-03,0101601092,0106187171,Mua HH NK,13470000000,1347000000,mua_vao,0,4830
0000055,2021-10-04,0101598393,0106187171,Mua HH ND,14172000000,1417200000,mua_vao,0,4831
0000045,2021-10-05,0104141407,0106187171,Phí hải quan,21654000000,0,mua_vao,0,4832
0000018,2021-10-06,0105853894,0106187171,Mua HH ND,18588000000,1858800000,mua_vao,0,4833
0000046,2021-10-07,0104630172,0106187171,Phí hải quan,10917000000,1091700000,mua_vao,0,4834
0000069,2021-10-08,0103769372,0106187171,DV logistics,10126000000,1012600000,mua_vao,0,4835
0000056,2021-10-09,0101598393,0106187171,DV tư vấn TM,15722000000,1572200000,mua_vao,0,4836
0000044,2021-10-10,0106682049,0106187171,Mua HH ND,10352000000,1035200000,mua_vao,0,4837
0000042,2021-10-11,0101377820,0106187171,DV logistics,9587000000,958700000,mua_vao,0,4838
0000032,2021-10-12,0106255939,0106187171,Phí hải quan,9864000000,986400000,mua_vao,0,4839
0000062,2021-01-15,0101770848,0106187171,Mua HH ND,15243000000,1524300000,mua_vao,0,4840
0000048,2021-02-15,0101380936,0106187171,Chi phí kho bãi,20664000000,2066400000,mua_vao,0,4841
0000045,2021-03-20,0106682049,0106187171,Chi phí kho bãi,16426000000,1642600000,mua_vao,0,4842
0000063,2021-04-20,0102712091,0106187171,Chi phí kho bãi,20843000000,2084300000,mua_vao,0,4843
0000064,2021-05-20,0102712091,0106187171,DV logistics,9427000000,942700000,mua_vao,0,4844
0000056,2021-06-20,0101639000,0106187171,DV tư vấn TM,15159000000,1515900000,mua_vao,0,4845
0000070,2021-07-20,0103769372,0106187171,Mua HH ND,8660000000,866000000,mua_vao,0,4846
0000071,2021-08-20,0103769372,0106187171,Phí hải quan,19691000000,1969100000,mua_vao,0,4847
0000035,2021-09-20,0105189320,0106187171,Chi phí kho bãi,17104000000,1710400000,mua_vao,0,4848
0000027,2021-10-20,0106300187,0106187171,Mua HH NK,21933000000,2193300000,mua_vao,0,4849
0000037,2021-11-20,0101452549,0106187171,Chi phí kho bãi,21405000000,2140500000,mua_vao,0,4850
0000043,2021-12-20,0101377820,0106187171,Mua HH NK,7677000000,767700000,mua_vao,0,4851
0000046,2021-01-25,0106682049,0106187171,Phí hải quan,20823000000,2082300000,mua_vao,0,4852
0000037,2021-02-28,0105492983,0106187171,Phí hải quan,20727000000,2072700000,mua_vao,0,4853
0000049,2021-04-30,0101056111,0106187171,Mua HH ND,22575000000,2257500000,mua_vao,0,4854
0000047,2021-09-30,0106682049,0106187171,DV logistics,20714000000,2071400000,mua_vao,0,4855
0000043,2021-11-30,0104976614,0106187171,Chi phí kho bãi,11383000000,1138300000,mua_vao,0,4856
0000044,2021-03-31,0104976614,0106187171,Mua HH NK,22959000000,2295900000,mua_vao,0,4857
0000038,2021-05-31,0105492983,0106187171,Phí hải quan,15814000000,0,mua_vao,0,4858
0000024,2021-07-31,0106112810,0106187171,DV tư vấn TM,10888000000,1088800000,mua_vao,0,4859
0000056,2021-08-31,0101601092,0106187171,Chi phí kho bãi,16062000000,1606200000,mua_vao,0,4860
0000028,2021-10-31,0106300187,0106187171,Mua HH NK,22627000000,2262700000,mua_vao,0,4861
0000062,2021-12-31,0100373485,0106187171,Phí hải quan,22009000000,2200900000,mua_vao,0,4862
0000033,2021-12-31,0104380966,0106187171,Mua HH NK,24880000000,2488000000,mua_vao,0,4863
0000050,2021-12-31,0101437981,0106187171,Mua HH ND,19747000000,1974700000,mua_vao,0,4864
0000059,2021-12-31,0101454070,0106187171,DV tư vấn TM,16406000000,1640600000,mua_vao,0,4865
0000036,2021-12-31,0105189320,0106187171,Mua HH ND,18472000000,1847200000,mua_vao,0,4866
0000047,2021-12-31,0104630172,0106187171,Phí hải quan,13399000000,1339900000,mua_vao,0,4867
0000041,2021-12-31,0103240765,0106187171,Phí hải quan,24374000000,2437400000,mua_vao,0,4868
0000044,2021-12-31,0101377820,0106187171,Mua HH NK,6314000000,631400000,mua_vao,0,4869
0000063,2021-12-31,0100373485,0106187171,Chi phí kho bãi,17863000000,1786300000,mua_vao,0,4870
0000029,2021-12-31,0100113494,0106187171,Phí hải quan,21066000000,2106600000,mua_vao,0,4871
0000058,2021-12-31,0102331787,0106187171,Phí hải quan,9509000000,0,mua_vao,0,4872
0000064,2021-12-31,0100373485,0106187171,Phí hải quan,17404000000,1740400000,mua_vao,0,4873
0000057,2021-12-31,0101639000,0106187171,DV tư vấn TM,15901000000,1590100000,mua_vao,0,4874
0000031,2021-12-31,0106395904,0106187171,Phí hải quan,12158000000,1215800000,mua_vao,0,4875
0000033,2021-12-31,0106255939,0106187171,Mua HH NK,11735000000,1173500000,mua_vao,0,4876
0000001,2021-05-01,0106187171,0106112810,Cung cấp DV TM,16056000000,1605600000,ban_ra,0,4877
0000002,2021-05-02,0106187171,0100373485,Bán HH theo HĐ,28637000000,2863700000,ban_ra,0,4878
0000003,2021-10-03,0106187171,0106187171,Bán HH ND,15668000000,0,ban_ra,0,4879
0000004,2021-10-04,0106187171,0104630172,Xuất khẩu HH,15259000000,0,ban_ra,0,4880
0000005,2021-10-05,0106187171,0104141407,Cung cấp DV TM,10440000000,1044000000,ban_ra,0,4881
0000006,2021-10-06,0106187171,0104220419,Bán HH theo HĐ,12998000000,0,ban_ra,0,4882
0000007,2021-10-07,0106187171,0100101403,Bán HH theo HĐ,19748000000,1974800000,ban_ra,0,4883
0000008,2021-10-08,0106187171,0104976614,Bán HH ND,13419000000,1341900000,ban_ra,0,4884
0000009,2021-10-09,0106187171,0106395904,Xuất khẩu HH,23856000000,2385600000,ban_ra,0,4885
0000010,2021-10-10,0106187171,0102191498,Cung cấp DV TM,10033000000,1003300000,ban_ra,0,4886
0000011,2021-10-11,0106187171,0101225306,Bán HH theo HĐ,31529000000,0,ban_ra,0,4887
0000012,2021-10-12,0106187171,0103769372,Bán HH theo HĐ,18634000000,1863400000,ban_ra,0,4888
0000013,2021-01-15,0106187171,0105294741,Xuất khẩu HH,31450000000,3145000000,ban_ra,0,4889
0000014,2021-02-15,0106187171,0100101308,Xuất khẩu HH,25170000000,2517000000,ban_ra,0,4890
0000015,2021-03-20,0106187171,0106112810,Bán HH theo HĐ,22790000000,2279000000,ban_ra,0,4891
0000016,2021-04-20,0106187171,0106187171,Bán HH ND,30111000000,3011100000,ban_ra,0,4892
0000017,2021-05-20,0106187171,0100902202,Cung cấp DV TM,13597000000,1359700000,ban_ra,0,4893
0000018,2021-06-20,0106187171,0106255939,Bán HH theo HĐ,22414000000,2241400000,ban_ra,0,4894
0000019,2021-07-20,0106187171,0106300187,Bán HH ND,14613000000,1461300000,ban_ra,0,4895
0000020,2021-08-20,0106187171,0102159423,Cung cấp DV TM,31469000000,3146900000,ban_ra,0,4896
0000021,2021-09-20,0106187171,0106395904,Bán HH theo HĐ,33577000000,3357700000,ban_ra,0,4897
0000022,2021-10-20,0106187171,0101377820,Cung cấp DV TM,30234000000,3023400000,ban_ra,0,4898
0000023,2021-11-20,0106187171,0101639000,Bán HH ND,15249000000,1524900000,ban_ra,0,4899
0000024,2021-12-20,0106187171,0102331787,Bán HH theo HĐ,26084000000,2608400000,ban_ra,0,4900
0000025,2021-01-25,0106187171,0101225306,Cung cấp DV TM,30180000000,3018000000,ban_ra,0,4901
0000026,2021-02-28,0106187171,0104630172,Bán HH theo HĐ,25220000000,2522000000,ban_ra,0,4902
0000027,2021-04-30,0106187171,0106187171,Xuất khẩu HH,8576000000,857600000,ban_ra,0,4903
0000028,2021-06-30,0106187171,0105327316,Bán HH ND,30144000000,3014400000,ban_ra,0,4904
0000029,2021-09-30,0106187171,0105908818,Xuất khẩu HH,19636000000,1963600000,ban_ra,0,4905
0000030,2021-11-30,0106187171,0101452549,Bán HH theo HĐ,10935000000,1093500000,ban_ra,0,4906
0000031,2021-03-31,0106187171,0100101403,Bán HH ND,26560000000,2656000000,ban_ra,0,4907
0000032,2021-05-31,0106187171,0100373485,Xuất khẩu HH,33745000000,3374500000,ban_ra,0,4908
0000033,2021-07-31,0106187171,0103769372,Xuất khẩu HH,15961000000,1596100000,ban_ra,0,4909
0000034,2021-08-31,0106187171,0101380936,Bán HH theo HĐ,27120000000,2712000000,ban_ra,0,4910
0000035,2021-10-31,0106187171,0100680623,Cung cấp DV TM,9577000000,957700000,ban_ra,0,4911
0000036,2021-12-31,0106187171,0100105503,Xuất khẩu HH,14023000000,0,ban_ra,0,4912
0000037,2021-12-31,0106187171,0105908818,Bán HH theo HĐ,16397000000,1639700000,ban_ra,0,4913
0000038,2021-12-31,0106187171,0105327316,Bán HH ND,24713000000,2471300000,ban_ra,0,4914
0000039,2021-12-31,0106187171,0101225306,Cung cấp DV TM,17904000000,1790400000,ban_ra,0,4915
0000040,2021-12-31,0106187171,0101437981,Bán HH ND,23137000000,2313700000,ban_ra,0,4916
0000041,2021-12-31,0106187171,0100113494,Cung cấp DV TM,20033000000,2003300000,ban_ra,0,4917
0000042,2021-12-31,0106187171,0100105503,Cung cấp DV TM,9885000000,0,ban_ra,0,4918
0000043,2021-12-31,0106187171,0101601092,Xuất khẩu HH,30873000000,3087300000,ban_ra,0,4919
0000044,2021-12-31,0106187171,0103769372,Bán HH theo HĐ,30133000000,3013300000,ban_ra,0,4920
0000045,2021-12-31,0106187171,0101329672,Bán HH theo HĐ,20473000000,0,ban_ra,0,4921
0000046,2021-12-31,0106187171,0101601092,Xuất khẩu HH,21517000000,2151700000,ban_ra,0,4922
0000047,2021-12-31,0106187171,0103240765,Xuất khẩu HH,9458000000,945800000,ban_ra,0,4923
0000048,2021-12-31,0106187171,0105327316,Bán HH ND,25978000000,2597800000,ban_ra,0,4924
0000049,2021-12-31,0106187171,0101770848,Bán HH theo HĐ,10263000000,1026300000,ban_ra,0,4925
0000050,2021-12-31,0106187171,0105853894,Xuất khẩu HH,19497000000,0,ban_ra,0,4926
0000058,2021-05-01,0101225306,0106255939,Mua xi măng thép,6156000000,615600000,mua_vao,0,4927
0000034,2021-05-02,0106255939,0106255939,Mua gạch đá cát,3522000000,352200000,mua_vao,0,4928
0000063,2021-10-03,0101770848,0106255939,Mua xi măng thép,7077000000,707700000,mua_vao,0,4929
0000056,2021-10-04,0100680623,0106255939,DV thiết kế tư vấn,8061000000,806100000,mua_vao,0,4930
0000043,2021-10-05,0100105503,0106255939,Mua gạch đá cát,6401000000,640100000,mua_vao,0,4931
0000064,2021-10-06,0101770848,0106255939,Mua điện nước CT,2442000000,244200000,mua_vao,0,4932
0000043,2021-10-07,0101435247,0106255939,Mua gạch đá cát,3648000000,364800000,mua_vao,0,4933
0000051,2021-10-08,0101437981,0106255939,Mua gạch đá cát,6805000000,0,mua_vao,0,4934
0000039,2021-10-09,0105492983,0106255939,Mua gạch đá cát,2934000000,293400000,mua_vao,0,4935
0000038,2021-10-10,0101452549,0106255939,Mua sơn hoàn thiện,7555000000,755500000,mua_vao,0,4936
0000057,2021-10-11,0100101403,0106255939,DV vận chuyển VL,5910000000,591000000,mua_vao,0,4937
0000072,2021-10-12,0103769372,0106255939,Mua điện nước CT,5990000000,599000000,mua_vao,0,4938
0000026,2021-01-15,0104220419,0106255939,DV vận chuyển VL,7528000000,752800000,mua_vao,0,4939
0000021,2021-02-15,0100902202,0106255939,Thuê máy thi công,8588000000,858800000,mua_vao,0,4940
0000025,2021-03-20,0106112810,0106255939,Mua điện nước CT,7679000000,767900000,mua_vao,0,4941
0000045,2021-04-20,0101377820,0106255939,Mua xi măng thép,7118000000,0,mua_vao,0,4942
0000041,2021-05-20,0100101308,0106255939,Mua điện nước CT,6761000000,676100000,mua_vao,0,4943
0000059,2021-06-20,0102331787,0106255939,DV thiết kế tư vấn,2773000000,277300000,mua_vao,0,4944
0000052,2021-07-20,0101437981,0106255939,DV thiết kế tư vấn,7983000000,798300000,mua_vao,0,4945
0000051,2021-08-20,0102311149,0106255939,Mua xi măng thép,4430000000,443000000,mua_vao,0,4946
0000065,2021-09-20,0100373485,0106255939,Mua xi măng thép,7368000000,736800000,mua_vao,0,4947
0000057,2021-10-20,0101598393,0106255939,Thuê máy thi công,5796000000,579600000,mua_vao,0,4948
0000052,2021-11-20,0102311149,0106255939,Mua gạch đá cát,8548000000,0,mua_vao,0,4949
0000062,2021-12-20,0102191498,0106255939,Mua gạch đá cát,2780000000,0,mua_vao,0,4950
0000048,2021-01-25,0106682049,0106255939,Mua điện nước CT,5724000000,572400000,mua_vao,0,4951
0000066,2021-02-28,0100373485,0106255939,Thuê máy thi công,5861000000,586100000,mua_vao,0,4952
0000031,2021-04-30,0106399994,0106255939,Thuê máy thi công,7472000000,747200000,mua_vao,0,4953
0000029,2021-06-30,0106300187,0106255939,Mua sơn hoàn thiện,7346000000,734600000,mua_vao,0,4954
0000058,2021-09-30,0100101403,0106255939,Thuê máy thi công,2688000000,268800000,mua_vao,0,4955
0000065,2021-11-30,0102264812,0106255939,Mua điện nước CT,4064000000,406400000,mua_vao,0,4956
0000044,2021-03-31,0100105503,0106255939,Mua điện nước CT,7314000000,731400000,mua_vao,0,4957
0000021,2021-05-31,0106187171,0106255939,Mua gạch đá cát,2904000000,290400000,mua_vao,0,4958
0000039,2021-07-31,0101452549,0106255939,DV vận chuyển VL,3200000000,320000000,mua_vao,0,4959
0000049,2021-08-31,0101380936,0106255939,Mua điện nước CT,6908000000,690800000,mua_vao,0,4960
0000045,2021-10-31,0100105503,0106255939,DV thiết kế tư vấn,6439000000,643900000,mua_vao,0,4961
0000030,2021-12-31,0106116043,0106255939,Thuê máy thi công,6841000000,684100000,mua_vao,0,4962
0000032,2021-12-31,0106399994,0106255939,Mua sơn hoàn thiện,5457000000,545700000,mua_vao,0,4963
0000040,2021-12-31,0105492983,0106255939,Mua xi măng thép,4325000000,432500000,mua_vao,0,4964
0000025,2021-12-31,0105908818,0106255939,Mua sơn hoàn thiện,8652000000,0,mua_vao,0,4965
0000020,2021-12-31,0106467242,0106255939,DV vận chuyển VL,5747000000,574700000,mua_vao,0,4966
0000029,2021-12-31,0105294741,0106255939,Mua điện nước CT,3651000000,365100000,mua_vao,0,4967
0000065,2021-12-31,0102712091,0106255939,DV vận chuyển VL,6434000000,643400000,mua_vao,0,4968
0000059,2021-12-31,0100101403,0106255939,Mua xi măng thép,5550000000,555000000,mua_vao,0,4969
0000031,2021-12-31,0106116043,0106255939,DV thiết kế tư vấn,6453000000,645300000,mua_vao,0,4970
0000049,2021-12-31,0106682049,0106255939,Thuê máy thi công,7252000000,725200000,mua_vao,0,4971
0000037,2021-12-31,0105189320,0106255939,Mua điện nước CT,7639000000,763900000,mua_vao,0,4972
0000026,2021-12-31,0105908818,0106255939,Mua sơn hoàn thiện,7766000000,776600000,mua_vao,0,4973
0000065,2021-12-31,0101770848,0106255939,DV thiết kế tư vấn,6856000000,685600000,mua_vao,0,4974
0000035,2021-12-31,0106255939,0106255939,Mua xi măng thép,7029000000,702900000,mua_vao,0,4975
0000053,2021-12-31,0102311149,0106255939,DV thiết kế tư vấn,7646000000,764600000,mua_vao,0,4976
0000001,2021-05-01,0106255939,0100101308,Bán công trình HT,5862000000,586200000,ban_ra,0,4977
0000002,2021-05-02,0106255939,0106467242,Bán DV thi công XD,5877000000,587700000,ban_ra,0,4978
0000003,2021-10-03,0106255939,0102191498,Bán công trình HT,10548000000,1054800000,ban_ra,0,4979
0000004,2021-10-04,0106255939,0103240765,Bán công trình HT,6947000000,694700000,ban_ra,0,4980
0000005,2021-10-05,0106255939,0106112810,Bán DV thi công XD,9159000000,915900000,ban_ra,0,4981
0000006,2021-10-06,0106255939,0101329672,Bán công trình HT,5256000000,525600000,ban_ra,0,4982
0000007,2021-10-07,0106255939,0101437981,DV SC cải tạo,6064000000,606400000,ban_ra,0,4983
0000008,2021-10-08,0106255939,0103769372,DV SC cải tạo,10218000000,1021800000,ban_ra,0,4984
0000009,2021-10-09,0106255939,0106682049,Bán VL xây dựng,9975000000,997500000,ban_ra,0,4985
0000010,2021-10-10,0106255939,0100101403,Bán VL xây dựng,4815000000,481500000,ban_ra,0,4986
0000011,2021-10-11,0106255939,0101437981,Bán VL xây dựng,7760000000,776000000,ban_ra,0,4987
0000012,2021-10-12,0106255939,0101225306,Bán công trình HT,7789000000,778900000,ban_ra,0,4988
0000013,2021-01-15,0106255939,0103769372,Bán công trình HT,9659000000,965900000,ban_ra,0,4989
0000014,2021-02-15,0106255939,0103769372,DV SC cải tạo,3463000000,0,ban_ra,0,4990
0000015,2021-03-20,0106255939,0101056111,Bán DV thi công XD,11516000000,1151600000,ban_ra,0,4991
0000017,2021-05-20,0106255939,0106395904,Bán VL xây dựng,6257000000,625700000,ban_ra,0,4992
0000018,2021-06-20,0106255939,0102625829,Bán công trình HT,6185000000,618500000,ban_ra,0,4993
0000019,2021-07-20,0106255939,0101454070,Bán DV thi công XD,8212000000,821200000,ban_ra,0,4994
0000020,2021-08-20,0106255939,0103769372,Bán DV thi công XD,5731000000,573100000,ban_ra,0,4995
0000021,2021-09-20,0106255939,0101377820,Bán VL xây dựng,6415000000,641500000,ban_ra,0,4996
0000022,2021-10-20,0106255939,0106682049,Bán công trình HT,10691000000,1069100000,ban_ra,0,4997
0000023,2021-11-20,0106255939,0104976614,Bán VL xây dựng,3340000000,334000000,ban_ra,0,4998
0000024,2021-12-20,0106255939,0101380936,Bán DV thi công XD,6181000000,618100000,ban_ra,0,4999
0000025,2021-01-25,0106255939,0100680623,Bán VL xây dựng,7949000000,794900000,ban_ra,0,5000
0000026,2021-02-28,0106255939,0104380966,Bán công trình HT,5402000000,540200000,ban_ra,0,5001
0000027,2021-04-30,0106255939,0104630172,Bán DV thi công XD,5208000000,520800000,ban_ra,0,5002
0000028,2021-06-30,0106255939,0106116043,Bán VL xây dựng,8916000000,891600000,ban_ra,0,5003
0000029,2021-09-30,0106255939,0103769372,Bán DV thi công XD,8141000000,814100000,ban_ra,0,5004
0000030,2021-11-30,0106255939,0101377820,DV SC cải tạo,8550000000,855000000,ban_ra,0,5005
0000031,2021-03-31,0106255939,0100113494,Bán VL xây dựng,8916000000,891600000,ban_ra,0,5006
0000032,2021-05-31,0106255939,0101452549,Bán DV thi công XD,7489000000,748900000,ban_ra,0,5007
0000033,2021-07-31,0106255939,0101437981,Bán công trình HT,3501000000,350100000,ban_ra,0,5008
0000034,2021-08-31,0106255939,0104630172,DV SC cải tạo,5381000000,538100000,ban_ra,0,5009
0000035,2021-10-31,0106255939,0100105503,Bán DV thi công XD,5250000000,525000000,ban_ra,0,5010
0000036,2021-12-31,0106255939,0101056111,Bán VL xây dựng,4467000000,446700000,ban_ra,0,5011
0000037,2021-12-31,0106255939,0106467242,Bán DV thi công XD,8574000000,857400000,ban_ra,0,5012
0000038,2021-12-31,0106255939,0105189320,Bán VL xây dựng,3097000000,309700000,ban_ra,0,5013
0000039,2021-12-31,0106255939,0104380966,DV SC cải tạo,6792000000,679200000,ban_ra,0,5014
0000040,2021-12-31,0106255939,0102712091,DV SC cải tạo,4518000000,451800000,ban_ra,0,5015
0000041,2021-12-31,0106255939,0101377820,DV SC cải tạo,4295000000,429500000,ban_ra,0,5016
0000042,2021-12-31,0106255939,0104220419,Bán công trình HT,9686000000,968600000,ban_ra,0,5017
0000043,2021-12-31,0106255939,0101452549,Bán DV thi công XD,3401000000,340100000,ban_ra,0,5018
0000044,2021-12-31,0106255939,0104380966,DV SC cải tạo,9102000000,910200000,ban_ra,0,5019
0000045,2021-12-31,0106255939,0103240765,Bán DV thi công XD,5806000000,580600000,ban_ra,0,5020
0000046,2021-12-31,0106255939,0103240765,Bán DV thi công XD,5087000000,508700000,ban_ra,0,5021
0000047,2021-12-31,0106255939,0105492983,Bán DV thi công XD,7090000000,709000000,ban_ra,0,5022
0000048,2021-12-31,0106255939,0102311149,Bán DV thi công XD,8692000000,869200000,ban_ra,0,5023
0000049,2021-12-31,0106255939,0104976614,Bán DV thi công XD,7199000000,719900000,ban_ra,0,5024
0000050,2021-12-31,0106255939,0101770848,Bán VL xây dựng,4906000000,490600000,ban_ra,0,5025
0000027,2021-05-01,0105908818,0106300187,Mua sơn hoàn thiện,17454000000,0,mua_vao,0,5026
0000050,2021-05-02,0106682049,0106300187,DV thiết kế tư vấn,11165000000,1116500000,mua_vao,0,5027
0000042,2021-10-03,0103240765,0106300187,DV vận chuyển VL,4785000000,478500000,mua_vao,0,5028
0000019,2021-10-04,0105853894,0106300187,Mua điện nước CT,12232000000,1223200000,mua_vao,0,5029
0000066,2021-10-05,0102264812,0106300187,Thuê máy thi công,10787000000,1078700000,mua_vao,0,5030
0000030,2021-10-06,0106300187,0106300187,Mua gạch đá cát,16707000000,0,mua_vao,0,5031
0000022,2021-10-07,0106187171,0106300187,Mua xi măng thép,9146000000,0,mua_vao,0,5032
0000057,2021-10-08,0101601092,0106300187,Mua sơn hoàn thiện,5009000000,500900000,mua_vao,0,5033
0000073,2021-10-09,0103769372,0106300187,Mua sơn hoàn thiện,9193000000,0,mua_vao,0,5034
0000074,2021-10-10,0103769372,0106300187,Mua điện nước CT,11986000000,1198600000,mua_vao,0,5035
0000046,2021-10-11,0104141407,0106300187,DV vận chuyển VL,16326000000,0,mua_vao,0,5036
0000038,2021-10-12,0105189320,0106300187,Mua sơn hoàn thiện,17054000000,1705400000,mua_vao,0,5037
0000067,2021-01-15,0100373485,0106300187,Thuê máy thi công,13226000000,1322600000,mua_vao,0,5038
0000022,2021-02-15,0100902202,0106300187,Mua sơn hoàn thiện,17564000000,1756400000,mua_vao,0,5039
0000063,2021-03-20,0102191498,0106300187,Thuê máy thi công,13290000000,1329000000,mua_vao,0,5040
0000064,2021-04-20,0102191498,0106300187,Mua xi măng thép,6311000000,631100000,mua_vao,0,5041
0000060,2021-05-20,0102331787,0106300187,Thuê máy thi công,9410000000,941000000,mua_vao,0,5042
0000058,2021-06-20,0101601092,0106300187,DV thiết kế tư vấn,14794000000,1479400000,mua_vao,0,5043
0000036,2021-07-20,0106255939,0106300187,Thuê máy thi công,14519000000,0,mua_vao,0,5044
0000031,2021-08-20,0106300187,0106300187,DV vận chuyển VL,14878000000,1487800000,mua_vao,0,5045
0000033,2021-09-20,0106399994,0106300187,DV vận chuyển VL,7299000000,729900000,mua_vao,0,5046
0000037,2021-10-20,0106255939,0106300187,Mua điện nước CT,6585000000,658500000,mua_vao,0,5047
0000020,2021-11-20,0105853894,0106300187,Mua điện nước CT,9068000000,906800000,mua_vao,0,5048
0000060,2021-12-20,0101454070,0106300187,Mua xi măng thép,14561000000,1456100000,mua_vao,0,5049
0000028,2021-01-25,0105908818,0106300187,Mua điện nước CT,13060000000,1306000000,mua_vao,0,5050
0000049,2021-02-28,0103711478,0106300187,Thuê máy thi công,13555000000,1355500000,mua_vao,0,5051
0000046,2021-04-30,0100105503,0106300187,Mua sơn hoàn thiện,4917000000,491700000,mua_vao,0,5052
0000057,2021-06-30,0100680623,0106300187,DV vận chuyển VL,8983000000,898300000,mua_vao,0,5053
0000051,2021-09-30,0106682049,0106300187,Mua gạch đá cát,12125000000,1212500000,mua_vao,0,5054
0000058,2021-11-30,0100680623,0106300187,Mua điện nước CT,12585000000,1258500000,mua_vao,0,5055
0000047,2021-03-31,0100105503,0106300187,Mua xi măng thép,17830000000,1783000000,mua_vao,0,5056
0000048,2021-05-31,0104630172,0106300187,Mua xi măng thép,16413000000,1641300000,mua_vao,0,5057
0000053,2021-07-31,0101437981,0106300187,Mua gạch đá cát,6219000000,0,mua_vao,0,5058
0000030,2021-08-31,0105327316,0106300187,Mua sơn hoàn thiện,11112000000,1111200000,mua_vao,0,5059
0000061,2021-10-31,0102331787,0106300187,Mua gạch đá cát,15855000000,1585500000,mua_vao,0,5060
0000052,2021-12-31,0106682049,0106300187,Mua gạch đá cát,17200000000,1720000000,mua_vao,0,5061
0000032,2021-12-31,0106300187,0106300187,Thuê máy thi công,13516000000,1351600000,mua_vao,0,5062
0000031,2021-12-31,0105327316,0106300187,DV thiết kế tư vấn,9454000000,945400000,mua_vao,0,5063
0000053,2021-12-31,0106682049,0106300187,Mua xi măng thép,8591000000,859100000,mua_vao,0,5064
0000059,2021-12-31,0101225306,0106300187,DV vận chuyển VL,6707000000,670700000,mua_vao,0,5065
0000047,2021-12-31,0104141407,0106300187,Mua điện nước CT,5090000000,509000000,mua_vao,0,5066
0000050,2021-12-31,0103711478,0106300187,DV thiết kế tư vấn,14394000000,1439400000,mua_vao,0,5067
0000061,2021-12-31,0101454070,0106300187,Thuê máy thi công,16268000000,1626800000,mua_vao,0,5068
0000034,2021-12-31,0106399994,0106300187,Mua điện nước CT,12534000000,1253400000,mua_vao,0,5069
0000050,2021-12-31,0101056111,0106300187,Thuê máy thi công,10354000000,1035400000,mua_vao,0,5070
0000023,2021-12-31,0100902202,0106300187,Mua sơn hoàn thiện,10362000000,1036200000,mua_vao,0,5071
0000059,2021-12-31,0100680623,0106300187,Mua xi măng thép,13805000000,1380500000,mua_vao,0,5072
0000035,2021-12-31,0106399994,0106300187,Mua gạch đá cát,16585000000,1658500000,mua_vao,0,5073
0000039,2021-12-31,0105189320,0106300187,Mua sơn hoàn thiện,15174000000,1517400000,mua_vao,0,5074
0000060,2021-12-31,0100680623,0106300187,DV thiết kế tư vấn,5977000000,0,mua_vao,0,5075
0000001,2021-05-01,0106300187,0100373485,Bán VL xây dựng,11748000000,1174800000,ban_ra,0,5076
0000003,2021-10-03,0106300187,0105294741,Bán VL xây dựng,10460000000,1046000000,ban_ra,0,5077
0000004,2021-10-04,0106300187,0106116043,DV SC cải tạo,12141000000,1214100000,ban_ra,0,5078
0000006,2021-10-06,0106300187,0102264812,DV SC cải tạo,17743000000,1774300000,ban_ra,0,5079
0000007,2021-10-07,0106300187,0106116043,DV SC cải tạo,23641000000,2364100000,ban_ra,0,5080
0000008,2021-10-08,0106300187,0106300187,Bán DV thi công XD,23663000000,2366300000,ban_ra,0,5081
0000009,2021-10-09,0106300187,0103240765,DV SC cải tạo,6564000000,656400000,ban_ra,0,5082
0000010,2021-10-10,0106300187,0104976614,Bán công trình HT,20115000000,2011500000,ban_ra,0,5083
0000011,2021-10-11,0106300187,0105189320,Bán công trình HT,18876000000,1887600000,ban_ra,0,5084
0000012,2021-10-12,0106300187,0100680623,Bán VL xây dựng,22118000000,2211800000,ban_ra,0,5085
0000013,2021-01-15,0106300187,0106467242,Bán VL xây dựng,9450000000,945000000,ban_ra,0,5086
0000014,2021-02-15,0106300187,0105294741,Bán công trình HT,10370000000,1037000000,ban_ra,0,5087
0000015,2021-03-20,0106300187,0101380936,Bán DV thi công XD,14859000000,1485900000,ban_ra,0,5088
0000016,2021-04-20,0106300187,0101454070,Bán DV thi công XD,22725000000,2272500000,ban_ra,0,5089
0000017,2021-05-20,0106300187,0104380966,Bán DV thi công XD,20397000000,2039700000,ban_ra,0,5090
0000018,2021-06-20,0106300187,0100113494,Bán VL xây dựng,23412000000,2341200000,ban_ra,0,5091
0000019,2021-07-20,0106300187,0104220419,Bán DV thi công XD,13245000000,1324500000,ban_ra,0,5092
0000020,2021-08-20,0106300187,0105492983,Bán VL xây dựng,16788000000,0,ban_ra,0,5093
0000021,2021-09-20,0106300187,0105853894,Bán DV thi công XD,13155000000,1315500000,ban_ra,0,5094
0000022,2021-10-20,0106300187,0104220419,DV SC cải tạo,9537000000,953700000,ban_ra,0,5095
0000024,2021-12-20,0106300187,0101770848,Bán DV thi công XD,9738000000,973800000,ban_ra,0,5096
0000025,2021-01-25,0106300187,0104380966,Bán DV thi công XD,10780000000,1078000000,ban_ra,0,5097
0000026,2021-02-28,0106300187,0103240765,Bán VL xây dựng,14992000000,1499200000,ban_ra,0,5098
0000027,2021-04-30,0106300187,0100373485,Bán VL xây dựng,24529000000,2452900000,ban_ra,0,5099
0000028,2021-06-30,0106300187,0104380966,Bán VL xây dựng,9038000000,903800000,ban_ra,0,5100
0000029,2021-09-30,0106300187,0105189320,Bán VL xây dựng,13514000000,1351400000,ban_ra,0,5101
0000030,2021-11-30,0106300187,0100105503,Bán công trình HT,14069000000,1406900000,ban_ra,0,5102
0000031,2021-03-31,0106300187,0101601092,Bán VL xây dựng,24691000000,0,ban_ra,0,5103
0000032,2021-05-31,0106300187,0101435247,Bán công trình HT,16735000000,1673500000,ban_ra,0,5104
0000033,2021-07-31,0106300187,0101452549,Bán DV thi công XD,22275000000,2227500000,ban_ra,0,5105
0000034,2021-08-31,0106300187,0101380936,DV SC cải tạo,23299000000,2329900000,ban_ra,0,5106
0000035,2021-10-31,0106300187,0102311149,Bán VL xây dựng,14146000000,0,ban_ra,0,5107
0000036,2021-12-31,0106300187,0104380966,DV SC cải tạo,21505000000,2150500000,ban_ra,0,5108
0000037,2021-12-31,0106300187,0102712091,Bán DV thi công XD,7575000000,757500000,ban_ra,0,5109
0000038,2021-12-31,0106300187,0102191498,DV SC cải tạo,15590000000,1559000000,ban_ra,0,5110
0000039,2021-12-31,0106300187,0106395904,Bán VL xây dựng,15163000000,1516300000,ban_ra,0,5111
0000040,2021-12-31,0106300187,0106112810,Bán VL xây dựng,24177000000,0,ban_ra,0,5112
0000041,2021-12-31,0106300187,0102311149,Bán công trình HT,16064000000,1606400000,ban_ra,0,5113
0000042,2021-12-31,0106300187,0106682049,Bán công trình HT,16311000000,1631100000,ban_ra,0,5114
0000043,2021-12-31,0106300187,0106399994,Bán VL xây dựng,22466000000,2246600000,ban_ra,0,5115
0000044,2021-12-31,0106300187,0103769372,Bán công trình HT,8116000000,811600000,ban_ra,0,5116
0000045,2021-12-31,0106300187,0102191498,Bán VL xây dựng,20063000000,2006300000,ban_ra,0,5117
0000046,2021-12-31,0106300187,0100902202,Bán DV thi công XD,25654000000,2565400000,ban_ra,0,5118
0000047,2021-12-31,0106300187,0101770848,Bán DV thi công XD,21044000000,2104400000,ban_ra,0,5119
0000048,2021-12-31,0106300187,0106116043,Bán công trình HT,16882000000,1688200000,ban_ra,0,5120
0000049,2021-12-31,0106300187,0102311149,Bán công trình HT,16315000000,1631500000,ban_ra,0,5121
0000050,2021-12-31,0106300187,0101380936,DV SC cải tạo,12521000000,1252100000,ban_ra,0,5122
0000037,2021-05-01,0101329672,0106395904,Mua HH ND,2781000000,278100000,mua_vao,0,5123
0000032,2021-05-02,0106395904,0106395904,Mua HH NK,7473000000,747300000,mua_vao,0,5124
0000054,2021-10-03,0106682049,0106395904,DV logistics,3905000000,390500000,mua_vao,0,5125
0000048,2021-10-04,0100105503,0106395904,Chi phí kho bãi,9970000000,0,mua_vao,0,5126
0000040,2021-10-05,0101452549,0106395904,Phí hải quan,6601000000,660100000,mua_vao,0,5127
0000049,2021-10-06,0100105503,0106395904,Phí hải quan,9129000000,912900000,mua_vao,0,5128
0000036,2021-10-07,0106399994,0106395904,Mua HH ND,3536000000,353600000,mua_vao,0,5129
0000026,2021-10-08,0106112810,0106395904,DV tư vấn TM,4146000000,414600000,mua_vao,0,5130
0000038,2021-10-09,0101329672,0106395904,Mua HH NK,5751000000,0,mua_vao,0,5131
0000027,2021-10-10,0104220419,0106395904,Chi phí kho bãi,8897000000,889700000,mua_vao,0,5132
0000060,2021-10-11,0101225306,0106395904,Mua HH ND,3195000000,319500000,mua_vao,0,5133
0000047,2021-10-12,0102625829,0106395904,Mua HH NK,5111000000,511100000,mua_vao,0,5134
0000059,2021-01-15,0101601092,0106395904,DV tư vấn TM,5369000000,536900000,mua_vao,0,5135
0000039,2021-02-15,0101329672,0106395904,Mua HH ND,4301000000,430100000,mua_vao,0,5136
0000023,2021-03-20,0106187171,0106395904,Phí hải quan,2694000000,269400000,mua_vao,0,5137
0000043,2021-04-20,0103240765,0106395904,DV tư vấn TM,5782000000,578200000,mua_vao,0,5138
0000055,2021-05-20,0106682049,0106395904,DV logistics,5102000000,510200000,mua_vao,0,5139
0000030,2021-06-20,0105294741,0106395904,Mua HH ND,4337000000,433700000,mua_vao,0,5140
0000032,2021-07-20,0106116043,0106395904,Phí hải quan,4984000000,498400000,mua_vao,0,5141
0000049,2021-08-20,0104630172,0106395904,Phí hải quan,8313000000,831300000,mua_vao,0,5142
0000028,2021-09-20,0104220419,0106395904,Mua HH NK,8089000000,0,mua_vao,0,5143
0000037,2021-10-20,0106399994,0106395904,DV logistics,4334000000,433400000,mua_vao,0,5144
0000046,2021-11-20,0101377820,0106395904,DV tư vấn TM,4521000000,452100000,mua_vao,0,5145
0000054,2021-12-20,0102311149,0106395904,Phí hải quan,5664000000,566400000,mua_vao,0,5146
0000033,2021-01-25,0106116043,0106395904,Mua HH ND,6688000000,668800000,mua_vao,0,5147
0000041,2021-02-28,0101452549,0106395904,Chi phí kho bãi,9652000000,965200000,mua_vao,0,5148
0000045,2021-04-30,0104976614,0106395904,Mua HH NK,7674000000,767400000,mua_vao,0,5149
0000050,2021-06-30,0104630172,0106395904,Mua HH NK,2736000000,273600000,mua_vao,0,5150
0000040,2021-09-30,0101329672,0106395904,Mua HH ND,4977000000,0,mua_vao,0,5151
0000061,2021-11-30,0100680623,0106395904,DV tư vấn TM,8375000000,837500000,mua_vao,0,5152
0000021,2021-03-31,0105853894,0106395904,Mua HH NK,3169000000,316900000,mua_vao,0,5153
0000058,2021-05-31,0101598393,0106395904,Phí hải quan,9610000000,0,mua_vao,0,5154
0000046,2021-07-31,0104976614,0106395904,DV logistics,9755000000,975500000,mua_vao,0,5155
0000029,2021-08-31,0105908818,0106395904,Phí hải quan,4296000000,429600000,mua_vao,0,5156
0000021,2021-10-31,0106467242,0106395904,Mua HH NK,9153000000,0,mua_vao,0,5157
0000022,2021-12-31,0106467242,0106395904,Chi phí kho bãi,8440000000,844000000,mua_vao,0,5158
0000048,2021-12-31,0104141407,0106395904,Mua HH ND,2999000000,299900000,mua_vao,0,5159
0000065,2021-12-31,0102191498,0106395904,Phí hải quan,6283000000,628300000,mua_vao,0,5160
0000041,2021-12-31,0105492983,0106395904,DV tư vấn TM,7993000000,799300000,mua_vao,0,5161
0000066,2021-12-31,0102712091,0106395904,Chi phí kho bãi,7505000000,750500000,mua_vao,0,5162
0000051,2021-12-31,0103711478,0106395904,Mua HH ND,6085000000,608500000,mua_vao,0,5163
0000022,2021-12-31,0105853894,0106395904,DV logistics,10059000000,0,mua_vao,0,5164
0000049,2021-12-31,0104141407,0106395904,Phí hải quan,5048000000,504800000,mua_vao,0,5165
0000033,2021-12-31,0106395904,0106395904,DV logistics,4281000000,428100000,mua_vao,0,5166
0000066,2021-12-31,0101770848,0106395904,DV tư vấn TM,6921000000,692100000,mua_vao,0,5167
0000052,2021-12-31,0103711478,0106395904,Phí hải quan,8292000000,829200000,mua_vao,0,5168
0000066,2021-12-31,0102191498,0106395904,Mua HH NK,5082000000,508200000,mua_vao,0,5169
0000042,2021-12-31,0100101308,0106395904,Chi phí kho bãi,3941000000,394100000,mua_vao,0,5170
0000050,2021-12-31,0100105503,0106395904,DV logistics,5599000000,559900000,mua_vao,0,5171
0000034,2021-12-31,0106395904,0106395904,DV logistics,5738000000,573800000,mua_vao,0,5172
0000001,2021-05-01,0106395904,0104220419,Cung cấp DV TM,10473000000,1047300000,ban_ra,0,5173
0000002,2021-05-02,0106395904,0101639000,Cung cấp DV TM,9820000000,0,ban_ra,0,5174
0000003,2021-10-03,0106395904,0102159423,Xuất khẩu HH,10019000000,1001900000,ban_ra,0,5175
0000004,2021-10-04,0106395904,0101056111,Xuất khẩu HH,3676000000,367600000,ban_ra,0,5176
0000005,2021-10-05,0106395904,0101770848,Cung cấp DV TM,10571000000,1057100000,ban_ra,0,5177
0000006,2021-10-06,0106395904,0102191498,Xuất khẩu HH,13166000000,1316600000,ban_ra,0,5178
0000007,2021-10-07,0106395904,0100101308,Bán HH theo HĐ,7953000000,0,ban_ra,0,5179
0000008,2021-10-08,0106395904,0101601092,Xuất khẩu HH,5285000000,528500000,ban_ra,0,5180
0000009,2021-10-09,0106395904,0103769372,Xuất khẩu HH,9524000000,952400000,ban_ra,0,5181
0000010,2021-10-10,0106395904,0103769372,Cung cấp DV TM,11007000000,1100700000,ban_ra,0,5182
0000011,2021-10-11,0106395904,0106187171,Cung cấp DV TM,3623000000,362300000,ban_ra,0,5183
0000012,2021-10-12,0106395904,0106467242,Bán HH ND,12033000000,1203300000,ban_ra,0,5184
0000013,2021-01-15,0106395904,0106255939,Bán HH theo HĐ,12561000000,1256100000,ban_ra,0,5185
0000014,2021-02-15,0106395904,0101598393,Bán HH theo HĐ,4736000000,473600000,ban_ra,0,5186
0000015,2021-03-20,0106395904,0101437981,Cung cấp DV TM,12579000000,1257900000,ban_ra,0,5187
0000016,2021-04-20,0106395904,0104976614,Bán HH ND,12829000000,1282900000,ban_ra,0,5188
0000017,2021-05-20,0106395904,0101329672,Cung cấp DV TM,7608000000,760800000,ban_ra,0,5189
0000018,2021-06-20,0106395904,0106116043,Xuất khẩu HH,13150000000,1315000000,ban_ra,0,5190
0000019,2021-07-20,0106395904,0106116043,Xuất khẩu HH,5700000000,570000000,ban_ra,0,5191
0000020,2021-08-20,0106395904,0101454070,Xuất khẩu HH,7199000000,719900000,ban_ra,0,5192
0000021,2021-09-20,0106395904,0101435247,Bán HH theo HĐ,8469000000,846900000,ban_ra,0,5193
0000022,2021-10-20,0106395904,0101435247,Xuất khẩu HH,5180000000,518000000,ban_ra,0,5194
0000023,2021-11-20,0106395904,0106116043,Xuất khẩu HH,10492000000,1049200000,ban_ra,0,5195
0000024,2021-12-20,0106395904,0102159423,Cung cấp DV TM,12423000000,0,ban_ra,0,5196
0000025,2021-01-25,0106395904,0105492983,Bán HH ND,11218000000,1121800000,ban_ra,0,5197
0000026,2021-02-28,0106395904,0101377820,Xuất khẩu HH,11879000000,1187900000,ban_ra,0,5198
0000027,2021-04-30,0106395904,0106116043,Bán HH theo HĐ,6465000000,646500000,ban_ra,0,5199
0000028,2021-06-30,0106395904,0101770848,Xuất khẩu HH,3803000000,380300000,ban_ra,0,5200
0000029,2021-09-30,0106395904,0100105503,Xuất khẩu HH,4318000000,431800000,ban_ra,0,5201
0000030,2021-11-30,0106395904,0106112810,Bán HH theo HĐ,9536000000,953600000,ban_ra,0,5202
0000031,2021-03-31,0106395904,0100105503,Bán HH theo HĐ,5851000000,585100000,ban_ra,0,5203
0000032,2021-05-31,0106395904,0104220419,Bán HH theo HĐ,4561000000,0,ban_ra,0,5204
0000034,2021-08-31,0106395904,0100902202,Bán HH theo HĐ,11780000000,1178000000,ban_ra,0,5205
0000035,2021-10-31,0106395904,0101437981,Bán HH ND,11174000000,1117400000,ban_ra,0,5206
0000036,2021-12-31,0106395904,0103769372,Xuất khẩu HH,5139000000,513900000,ban_ra,0,5207
0000037,2021-12-31,0106395904,0100105503,Xuất khẩu HH,6322000000,632200000,ban_ra,0,5208
0000038,2021-12-31,0106395904,0106395904,Bán HH ND,4215000000,421500000,ban_ra,0,5209
0000039,2021-12-31,0106395904,0100101403,Bán HH theo HĐ,4034000000,0,ban_ra,0,5210
0000040,2021-12-31,0106395904,0105853894,Bán HH ND,7012000000,701200000,ban_ra,0,5211
0000041,2021-12-31,0106395904,0104976614,Xuất khẩu HH,9631000000,963100000,ban_ra,0,5212
0000042,2021-12-31,0106395904,0103240765,Bán HH ND,5499000000,549900000,ban_ra,0,5213
0000043,2021-12-31,0106395904,0105294741,Bán HH ND,7109000000,710900000,ban_ra,0,5214
0000044,2021-12-31,0106395904,0101437981,Cung cấp DV TM,9160000000,0,ban_ra,0,5215
0000045,2021-12-31,0106395904,0100113494,Bán HH ND,11139000000,1113900000,ban_ra,0,5216
0000046,2021-12-31,0106395904,0104141407,Bán HH theo HĐ,7431000000,0,ban_ra,0,5217
0000047,2021-12-31,0106395904,0100101308,Xuất khẩu HH,11621000000,1162100000,ban_ra,0,5218
0000048,2021-12-31,0106395904,0100373485,Bán HH ND,4287000000,428700000,ban_ra,0,5219
0000049,2021-12-31,0106395904,0101056111,Xuất khẩu HH,4979000000,497900000,ban_ra,0,5220
0000050,2021-12-31,0106395904,0100101308,Bán HH theo HĐ,12497000000,1249700000,ban_ra,0,5221
0000051,2021-05-01,0101056111,0106399994,DV logistics,10732000000,1073200000,mua_vao,0,5222
0000032,2021-05-02,0105327316,0106399994,DV logistics,9370000000,937000000,mua_vao,0,5223
0000035,2021-10-03,0106395904,0106399994,Chi phí kho bãi,8901000000,890100000,mua_vao,0,5224
0000051,2021-10-04,0104630172,0106399994,DV logistics,18682000000,1868200000,mua_vao,0,5225
0000059,2021-10-05,0102159423,0106399994,Mua HH NK,15128000000,1512800000,mua_vao,0,5226
0000056,2021-10-06,0106682049,0106399994,Mua HH ND,24039000000,2403900000,mua_vao,0,5227
0000052,2021-10-07,0101056111,0106399994,Mua HH ND,16051000000,1605100000,mua_vao,0,5228
0000023,2021-10-08,0106467242,0106399994,Mua HH NK,13371000000,1337100000,mua_vao,0,5229
0000030,2021-10-09,0105908818,0106399994,Chi phí kho bãi,23673000000,2367300000,mua_vao,0,5230
0000054,2021-10-10,0101437981,0106399994,DV logistics,7663000000,766300000,mua_vao,0,5231
0000068,2021-10-12,0100373485,0106399994,Phí hải quan,21466000000,2146600000,mua_vao,0,5232
0000058,2021-01-15,0101639000,0106399994,DV logistics,19860000000,0,mua_vao,0,5233
0000067,2021-02-15,0102264812,0106399994,Phí hải quan,6176000000,617600000,mua_vao,0,5234
0000043,2021-03-20,0100101308,0106399994,Mua HH NK,6206000000,620600000,mua_vao,0,5235
0000034,2021-04-20,0104380966,0106399994,DV logistics,11691000000,1169100000,mua_vao,0,5236
0000062,2021-05-20,0100680623,0106399994,Phí hải quan,10038000000,0,mua_vao,0,5237
0000024,2021-06-20,0100902202,0106399994,Phí hải quan,9221000000,922100000,mua_vao,0,5238
0000060,2021-07-20,0102159423,0106399994,DV tư vấn TM,23692000000,2369200000,mua_vao,0,5239
0000053,2021-08-20,0101056111,0106399994,Mua HH NK,13516000000,1351600000,mua_vao,0,5240
0000040,2021-09-20,0105189320,0106399994,DV tư vấn TM,13300000000,1330000000,mua_vao,0,5241
0000075,2021-10-20,0103769372,0106399994,DV tư vấn TM,17541000000,1754100000,mua_vao,0,5242
0000036,2021-11-20,0106395904,0106399994,Mua HH NK,12883000000,1288300000,mua_vao,0,5243
0000057,2021-12-20,0106682049,0106399994,Phí hải quan,23065000000,2306500000,mua_vao,0,5244
0000033,2021-01-25,0106300187,0106399994,Mua HH NK,22994000000,2299400000,mua_vao,0,5245
0000038,2021-02-28,0106255939,0106399994,DV tư vấn TM,11286000000,1128600000,mua_vao,0,5246
0000050,2021-04-30,0104141407,0106399994,DV logistics,14492000000,1449200000,mua_vao,0,5247
0000062,2021-06-30,0101454070,0106399994,DV logistics,24465000000,2446500000,mua_vao,0,5248
0000051,2021-09-30,0100105503,0106399994,Mua HH NK,19625000000,1962500000,mua_vao,0,5249
0000025,2021-11-30,0100902202,0106399994,DV tư vấn TM,13497000000,1349700000,mua_vao,0,5250
0000052,2021-03-31,0100105503,0106399994,DV tư vấn TM,19300000000,1930000000,mua_vao,0,5251
0000068,2021-05-31,0102264812,0106399994,Chi phí kho bãi,6701000000,670100000,mua_vao,0,5252
0000050,2021-07-31,0101380936,0106399994,Chi phí kho bãi,17865000000,1786500000,mua_vao,0,5253
0000029,2021-08-31,0104220419,0106399994,DV tư vấn TM,15915000000,1591500000,mua_vao,0,5254
0000042,2021-10-31,0101452549,0106399994,Chi phí kho bãi,24124000000,2412400000,mua_vao,0,5255
0000061,2021-12-31,0101225306,0106399994,Mua HH ND,14260000000,1426000000,mua_vao,0,5256
0000060,2021-12-31,0100101403,0106399994,Mua HH NK,7305000000,730500000,mua_vao,0,5257
0000055,2021-12-31,0101437981,0106399994,DV tư vấn TM,19695000000,1969500000,mua_vao,0,5258
0000056,2021-12-31,0101437981,0106399994,DV tư vấn TM,13212000000,1321200000,mua_vao,0,5259
0000061,2021-12-31,0102159423,0106399994,Chi phí kho bãi,22481000000,2248100000,mua_vao,0,5260
0000059,2021-12-31,0101598393,0106399994,Chi phí kho bãi,16722000000,1672200000,mua_vao,0,5261
0000060,2021-12-31,0101601092,0106399994,Phí hải quan,21460000000,2146000000,mua_vao,0,5262
0000047,2021-12-31,0104976614,0106399994,DV tư vấn TM,7116000000,711600000,mua_vao,0,5263
0000063,2021-12-31,0101454070,0106399994,Phí hải quan,20565000000,2056500000,mua_vao,0,5264
0000044,2021-12-31,0100101308,0106399994,Phí hải quan,8072000000,807200000,mua_vao,0,5265
0000057,2021-12-31,0101437981,0106399994,DV tư vấn TM,23782000000,2378200000,mua_vao,0,5266
0000027,2021-12-31,0106112810,0106399994,Mua HH ND,21464000000,2146400000,mua_vao,0,5267
0000058,2021-12-31,0106682049,0106399994,Chi phí kho bãi,21198000000,2119800000,mua_vao,0,5268
0000059,2021-12-31,0101639000,0106399994,Chi phí kho bãi,17884000000,1788400000,mua_vao,0,5269
0000061,2021-12-31,0101601092,0106399994,Phí hải quan,21407000000,2140700000,mua_vao,0,5270
0000001,2021-05-01,0106399994,0101437981,Bán HH ND,14803000000,1480300000,ban_ra,0,5271
0000002,2021-05-02,0106399994,0100113494,Xuất khẩu HH,12478000000,1247800000,ban_ra,0,5272
0000003,2021-10-03,0106399994,0100105503,Cung cấp DV TM,20706000000,2070600000,ban_ra,0,5273
0000004,2021-10-04,0106399994,0101380936,Bán HH theo HĐ,31610000000,3161000000,ban_ra,0,5274
0000005,2021-10-05,0106399994,0106682049,Cung cấp DV TM,15242000000,1524200000,ban_ra,0,5275
0000006,2021-10-06,0106399994,0100105503,Xuất khẩu HH,13518000000,1351800000,ban_ra,0,5276
0000007,2021-10-07,0106399994,0106116043,Bán HH theo HĐ,31713000000,3171300000,ban_ra,0,5277
0000008,2021-10-08,0106399994,0101056111,Xuất khẩu HH,9009000000,900900000,ban_ra,0,5278
0000009,2021-10-09,0106399994,0104380966,Bán HH ND,13910000000,1391000000,ban_ra,0,5279
0000010,2021-10-10,0106399994,0100113494,Bán HH theo HĐ,32916000000,3291600000,ban_ra,0,5280
0000011,2021-10-11,0106399994,0101380936,Bán HH ND,16926000000,1692600000,ban_ra,0,5281
0000012,2021-10-12,0106399994,0100113494,Bán HH ND,32353000000,3235300000,ban_ra,0,5282
0000013,2021-01-15,0106399994,0106112810,Xuất khẩu HH,30723000000,3072300000,ban_ra,0,5283
0000014,2021-02-15,0106399994,0106395904,Cung cấp DV TM,29125000000,0,ban_ra,0,5284
0000015,2021-03-20,0106399994,0106116043,Bán HH ND,31085000000,3108500000,ban_ra,0,5285
0000016,2021-04-20,0106399994,0106300187,Xuất khẩu HH,33319000000,3331900000,ban_ra,0,5286
0000017,2021-05-20,0106399994,0101770848,Xuất khẩu HH,15876000000,1587600000,ban_ra,0,5287
0000018,2021-06-20,0106399994,0106467242,Cung cấp DV TM,15317000000,1531700000,ban_ra,0,5288
0000019,2021-07-20,0106399994,0101435247,Bán HH theo HĐ,20385000000,2038500000,ban_ra,0,5289
0000020,2021-08-20,0106399994,0100101403,Cung cấp DV TM,11372000000,1137200000,ban_ra,0,5290
0000021,2021-09-20,0106399994,0104220419,Cung cấp DV TM,33691000000,3369100000,ban_ra,0,5291
0000022,2021-10-20,0106399994,0106255939,Xuất khẩu HH,16102000000,1610200000,ban_ra,0,5292
0000024,2021-12-20,0106399994,0100101403,Bán HH ND,20250000000,2025000000,ban_ra,0,5293
0000025,2021-01-25,0106399994,0104220419,Xuất khẩu HH,11281000000,1128100000,ban_ra,0,5294
0000026,2021-02-28,0106399994,0105908818,Xuất khẩu HH,27526000000,2752600000,ban_ra,0,5295
0000027,2021-04-30,0106399994,0106682049,Cung cấp DV TM,18630000000,1863000000,ban_ra,0,5296
0000028,2021-06-30,0106399994,0101601092,Xuất khẩu HH,25149000000,2514900000,ban_ra,0,5297
0000029,2021-09-30,0106399994,0101770848,Bán HH theo HĐ,29896000000,2989600000,ban_ra,0,5298
0000030,2021-11-30,0106399994,0106187171,Cung cấp DV TM,18664000000,0,ban_ra,0,5299
0000031,2021-03-31,0106399994,0101452549,Bán HH ND,16719000000,1671900000,ban_ra,0,5300
0000032,2021-05-31,0106399994,0106682049,Bán HH theo HĐ,16298000000,1629800000,ban_ra,0,5301
0000033,2021-07-31,0106399994,0100373485,Cung cấp DV TM,29879000000,2987900000,ban_ra,0,5302
0000034,2021-08-31,0106399994,0100373485,Cung cấp DV TM,32755000000,3275500000,ban_ra,0,5303
0000035,2021-10-31,0106399994,0101454070,Bán HH theo HĐ,10275000000,1027500000,ban_ra,0,5304
0000036,2021-12-31,0106399994,0101639000,Bán HH theo HĐ,28528000000,2852800000,ban_ra,0,5305
0000037,2021-12-31,0106399994,0104220419,Xuất khẩu HH,8635000000,863500000,ban_ra,0,5306
0000038,2021-12-31,0106399994,0106399994,Cung cấp DV TM,27077000000,2707700000,ban_ra,0,5307
0000039,2021-12-31,0106399994,0100101403,Cung cấp DV TM,33166000000,3316600000,ban_ra,0,5308
0000040,2021-12-31,0106399994,0102191498,Xuất khẩu HH,12337000000,0,ban_ra,0,5309
0000041,2021-12-31,0106399994,0100101403,Bán HH ND,8790000000,879000000,ban_ra,0,5310
0000042,2021-12-31,0106399994,0101056111,Bán HH theo HĐ,33566000000,3356600000,ban_ra,0,5311
0000043,2021-12-31,0106399994,0102191498,Cung cấp DV TM,14123000000,1412300000,ban_ra,0,5312
0000044,2021-12-31,0106399994,0104141407,Bán HH theo HĐ,10460000000,1046000000,ban_ra,0,5313
0000045,2021-12-31,0106399994,0102159423,Xuất khẩu HH,24378000000,2437800000,ban_ra,0,5314
0000046,2021-12-31,0106399994,0103769372,Cung cấp DV TM,12724000000,1272400000,ban_ra,0,5315
0000047,2021-12-31,0106399994,0102331787,Xuất khẩu HH,21853000000,2185300000,ban_ra,0,5316
0000048,2021-12-31,0106399994,0105853894,Cung cấp DV TM,21245000000,0,ban_ra,0,5317
0000049,2021-12-31,0106399994,0102331787,Cung cấp DV TM,24888000000,2488800000,ban_ra,0,5318
0000050,2021-12-31,0106399994,0105294741,Xuất khẩu HH,23080000000,2308000000,ban_ra,0,5319
0000067,2021-05-01,0102712091,0106467242,Mua bản quyền PM,10541000000,1054100000,mua_vao,0,5320
0000053,2021-05-02,0103711478,0106467242,DV tư vấn CN,15506000000,0,mua_vao,0,5321
0000062,2021-10-03,0101601092,0106467242,Mua thiết bị phần cứng,10130000000,1013000000,mua_vao,0,5322
0000060,2021-10-04,0101598393,0106467242,Mua linh kiện ĐT,10658000000,1065800000,mua_vao,0,5323
0000051,2021-10-05,0104141407,0106467242,DV bảo trì IT,16285000000,0,mua_vao,0,5324
0000023,2021-10-06,0105853894,0106467242,Mua linh kiện ĐT,13979000000,1397900000,mua_vao,0,5325
0000052,2021-10-07,0104630172,0106467242,DV bảo trì IT,8211000000,821100000,mua_vao,0,5326
0000076,2021-10-08,0103769372,0106467242,Mua bản quyền PM,7615000000,761500000,mua_vao,0,5327
0000061,2021-10-09,0101598393,0106467242,Thuê máy chủ,11824000000,1182400000,mua_vao,0,5328
0000059,2021-10-10,0106682049,0106467242,Mua linh kiện ĐT,7785000000,778500000,mua_vao,0,5329
0000047,2021-10-11,0101377820,0106467242,Mua bản quyền PM,7210000000,721000000,mua_vao,0,5330
0000039,2021-10-12,0106255939,0106467242,DV bảo trì IT,7418000000,741800000,mua_vao,0,5331
0000067,2021-01-15,0101770848,0106467242,Mua linh kiện ĐT,11463000000,1146300000,mua_vao,0,5332
0000051,2021-02-15,0101380936,0106467242,DV tư vấn CN,15540000000,1554000000,mua_vao,0,5333
0000060,2021-03-20,0106682049,0106467242,DV tư vấn CN,12353000000,1235300000,mua_vao,0,5334
0000068,2021-04-20,0102712091,0106467242,DV tư vấn CN,15675000000,1567500000,mua_vao,0,5335
0000069,2021-05-20,0102712091,0106467242,Mua bản quyền PM,7089000000,708900000,mua_vao,0,5336
0000060,2021-06-20,0101639000,0106467242,Thuê máy chủ,11400000000,1140000000,mua_vao,0,5337
0000077,2021-07-20,0103769372,0106467242,Mua linh kiện ĐT,6513000000,651300000,mua_vao,0,5338
0000078,2021-08-20,0103769372,0106467242,DV bảo trì IT,14809000000,1480900000,mua_vao,0,5339
0000041,2021-09-20,0105189320,0106467242,DV tư vấn CN,12863000000,1286300000,mua_vao,0,5340
0000034,2021-10-20,0106300187,0106467242,Mua thiết bị phần cứng,16495000000,1649500000,mua_vao,0,5341
0000043,2021-11-20,0101452549,0106467242,DV tư vấn CN,16098000000,1609800000,mua_vao,0,5342
0000048,2021-12-20,0101377820,0106467242,Mua thiết bị phần cứng,5773000000,577300000,mua_vao,0,5343
0000061,2021-01-25,0106682049,0106467242,DV bảo trì IT,15660000000,1566000000,mua_vao,0,5344
0000042,2021-02-28,0105492983,0106467242,DV bảo trì IT,15588000000,1558800000,mua_vao,0,5345
0000054,2021-04-30,0101056111,0106467242,Mua linh kiện ĐT,16978000000,1697800000,mua_vao,0,5346
0000030,2021-06-30,0104220419,0106467242,DV tư vấn CN,4936000000,493600000,mua_vao,0,5347
0000062,2021-09-30,0106682049,0106467242,Mua bản quyền PM,15578000000,1557800000,mua_vao,0,5348
0000048,2021-11-30,0104976614,0106467242,DV tư vấn CN,8561000000,856100000,mua_vao,0,5349
0000049,2021-03-31,0104976614,0106467242,Mua thiết bị phần cứng,17267000000,1726700000,mua_vao,0,5350
0000043,2021-05-31,0105492983,0106467242,DV bảo trì IT,11893000000,0,mua_vao,0,5351
0000028,2021-07-31,0106112810,0106467242,Thuê máy chủ,8188000000,818800000,mua_vao,0,5352
0000063,2021-08-31,0101601092,0106467242,DV tư vấn CN,12080000000,1208000000,mua_vao,0,5353
0000035,2021-10-31,0106300187,0106467242,Mua thiết bị phần cứng,17016000000,1701600000,mua_vao,0,5354
0000069,2021-12-31,0100373485,0106467242,DV bảo trì IT,16552000000,1655200000,mua_vao,0,5355
0000035,2021-12-31,0104380966,0106467242,Mua thiết bị phần cứng,18711000000,1871100000,mua_vao,0,5356
0000058,2021-12-31,0101437981,0106467242,Mua linh kiện ĐT,14851000000,1485100000,mua_vao,0,5357
0000064,2021-12-31,0101454070,0106467242,Thuê máy chủ,12338000000,1233800000,mua_vao,0,5358
0000042,2021-12-31,0105189320,0106467242,Mua linh kiện ĐT,13892000000,1389200000,mua_vao,0,5359
0000053,2021-12-31,0104630172,0106467242,DV bảo trì IT,10077000000,1007700000,mua_vao,0,5360
0000044,2021-12-31,0103240765,0106467242,DV bảo trì IT,18331000000,1833100000,mua_vao,0,5361
0000049,2021-12-31,0101377820,0106467242,Mua thiết bị phần cứng,4748000000,474800000,mua_vao,0,5362
0000070,2021-12-31,0100373485,0106467242,DV tư vấn CN,13434000000,1343400000,mua_vao,0,5363
0000030,2021-12-31,0100113494,0106467242,DV bảo trì IT,15843000000,1584300000,mua_vao,0,5364
0000062,2021-12-31,0102331787,0106467242,DV bảo trì IT,7151000000,0,mua_vao,0,5365
0000071,2021-12-31,0100373485,0106467242,DV bảo trì IT,13089000000,1308900000,mua_vao,0,5366
0000061,2021-12-31,0101639000,0106467242,Thuê máy chủ,11959000000,1195900000,mua_vao,0,5367
0000037,2021-12-31,0106395904,0106467242,DV bảo trì IT,9143000000,914300000,mua_vao,0,5368
0000040,2021-12-31,0106255939,0106467242,Mua thiết bị phần cứng,8826000000,882600000,mua_vao,0,5369
0000001,2021-05-01,0106467242,0106112810,Bán DV bảo trì IT,12076000000,1207600000,ban_ra,0,5370
0000002,2021-05-02,0106467242,0100373485,DV triển khai,21538000000,2153800000,ban_ra,0,5371
0000003,2021-10-03,0106467242,0106187171,Bán giải pháp PM,11784000000,0,ban_ra,0,5372
0000004,2021-10-04,0106467242,0104630172,Bán thiết bị CN,11476000000,0,ban_ra,0,5373
0000005,2021-10-05,0106467242,0104141407,Bán DV bảo trì IT,7852000000,785200000,ban_ra,0,5374
0000006,2021-10-06,0106467242,0104220419,DV triển khai,9776000000,0,ban_ra,0,5375
0000007,2021-10-07,0106467242,0100101403,DV triển khai,14852000000,1485200000,ban_ra,0,5376
0000008,2021-10-08,0106467242,0104976614,Bán giải pháp PM,10092000000,1009200000,ban_ra,0,5377
0000009,2021-10-09,0106467242,0106395904,Bán thiết bị CN,17941000000,1794100000,ban_ra,0,5378
0000010,2021-10-10,0106467242,0102191498,Bán DV bảo trì IT,7546000000,754600000,ban_ra,0,5379
0000011,2021-10-11,0106467242,0101225306,DV triển khai,23712000000,0,ban_ra,0,5380
0000012,2021-10-12,0106467242,0103769372,DV triển khai,14014000000,1401400000,ban_ra,0,5381
0000013,2021-01-15,0106467242,0105294741,Bán thiết bị CN,23653000000,2365300000,ban_ra,0,5382
0000014,2021-02-15,0106467242,0100101308,Bán thiết bị CN,18930000000,1893000000,ban_ra,0,5383
0000015,2021-03-20,0106467242,0106112810,DV triển khai,17140000000,1714000000,ban_ra,0,5384
0000016,2021-04-20,0106467242,0106187171,Bán giải pháp PM,22646000000,2264600000,ban_ra,0,5385
0000017,2021-05-20,0106467242,0100902202,Bán DV bảo trì IT,10226000000,1022600000,ban_ra,0,5386
0000018,2021-06-20,0106467242,0106255939,DV triển khai,16857000000,1685700000,ban_ra,0,5387
0000019,2021-07-20,0106467242,0106300187,Bán giải pháp PM,10991000000,1099100000,ban_ra,0,5388
0000020,2021-08-20,0106467242,0102159423,Bán DV bảo trì IT,23668000000,2366800000,ban_ra,0,5389
0000022,2021-10-20,0106467242,0101377820,Bán DV bảo trì IT,22739000000,2273900000,ban_ra,0,5390
0000023,2021-11-20,0106467242,0101639000,Bán giải pháp PM,11469000000,1146900000,ban_ra,0,5391
0000024,2021-12-20,0106467242,0102331787,DV triển khai,19617000000,1961700000,ban_ra,0,5392
0000025,2021-01-25,0106467242,0101225306,Bán DV bảo trì IT,22698000000,2269800000,ban_ra,0,5393
0000026,2021-02-28,0106467242,0104630172,DV triển khai,18968000000,1896800000,ban_ra,0,5394
0000027,2021-04-30,0106467242,0106187171,Bán thiết bị CN,6450000000,645000000,ban_ra,0,5395
0000028,2021-06-30,0106467242,0105327316,Bán giải pháp PM,22671000000,2267100000,ban_ra,0,5396
0000029,2021-09-30,0106467242,0105908818,Bán thiết bị CN,14768000000,1476800000,ban_ra,0,5397
0000030,2021-11-30,0106467242,0101452549,DV triển khai,8224000000,822400000,ban_ra,0,5398
0000031,2021-03-31,0106467242,0100101403,Bán giải pháp PM,19975000000,1997500000,ban_ra,0,5399
0000032,2021-05-31,0106467242,0100373485,Bán thiết bị CN,25379000000,2537900000,ban_ra,0,5400
0000033,2021-07-31,0106467242,0103769372,Bán thiết bị CN,12004000000,1200400000,ban_ra,0,5401
0000034,2021-08-31,0106467242,0101380936,DV triển khai,20396000000,2039600000,ban_ra,0,5402
0000035,2021-10-31,0106467242,0100680623,Bán DV bảo trì IT,7203000000,720300000,ban_ra,0,5403
0000036,2021-12-31,0106467242,0100105503,Bán thiết bị CN,10547000000,0,ban_ra,0,5404
0000037,2021-12-31,0106467242,0105908818,DV triển khai,12332000000,1233200000,ban_ra,0,5405
0000038,2021-12-31,0106467242,0105327316,Bán giải pháp PM,18586000000,1858600000,ban_ra,0,5406
0000039,2021-12-31,0106467242,0101225306,Bán DV bảo trì IT,13465000000,1346500000,ban_ra,0,5407
0000040,2021-12-31,0106467242,0101437981,Bán giải pháp PM,17401000000,1740100000,ban_ra,0,5408
0000041,2021-12-31,0106467242,0100113494,Bán DV bảo trì IT,15066000000,1506600000,ban_ra,0,5409
0000042,2021-12-31,0106467242,0100105503,Bán DV bảo trì IT,7435000000,0,ban_ra,0,5410
0000043,2021-12-31,0106467242,0101601092,Bán thiết bị CN,23219000000,2321900000,ban_ra,0,5411
0000044,2021-12-31,0106467242,0103769372,DV triển khai,22663000000,2266300000,ban_ra,0,5412
0000045,2021-12-31,0106467242,0101329672,DV triển khai,15398000000,0,ban_ra,0,5413
0000046,2021-12-31,0106467242,0101601092,Bán thiết bị CN,16183000000,1618300000,ban_ra,0,5414
0000047,2021-12-31,0106467242,0103240765,Bán thiết bị CN,7113000000,711300000,ban_ra,0,5415
0000048,2021-12-31,0106467242,0105327316,Bán giải pháp PM,19538000000,1953800000,ban_ra,0,5416
0000049,2021-12-31,0106467242,0101770848,DV triển khai,7719000000,771900000,ban_ra,0,5417
0000050,2021-12-31,0106467242,0105853894,Bán thiết bị CN,14663000000,0,ban_ra,0,5418
0000041,2021-05-01,0106255939,0106682049,Chi phí kho bãi,58111000000,5811100000,mua_vao,0,5419
0000049,2021-05-02,0102625829,0106682049,Mua thiết bị điện tử,28080000000,0,mua_vao,0,5420
0000041,2021-10-03,0101329672,0106682049,Mua HH Apple NK,17894000000,1789400000,mua_vao,0,5421
0000038,2021-10-04,0106395904,0106682049,Mua phụ kiện ĐT,59575000000,0,mua_vao,0,5422
0000065,2021-10-05,0101454070,0106682049,Mua HH Apple NK,38878000000,3887800000,mua_vao,0,5423
0000050,2021-10-06,0102625829,0106682049,Chi phí kho bãi,16383000000,1638300000,mua_vao,0,5424
0000069,2021-10-07,0102264812,0106682049,Mua HH Apple NK,35136000000,3513600000,mua_vao,0,5425
0000038,2021-10-08,0106399994,0106682049,Mua thiết bị điện tử,23511000000,2351100000,mua_vao,0,5426
0000055,2021-10-09,0102311149,0106682049,Mua phụ kiện ĐT,52965000000,5296500000,mua_vao,0,5427
0000079,2021-10-10,0103769372,0106682049,Mua HH Apple NK,62136000000,6213600000,mua_vao,0,5428
0000039,2021-10-11,0106399994,0106682049,DV bảo hành sửa chữa,48682000000,4868200000,mua_vao,0,5429
0000072,2021-10-12,0100373485,0106682049,Mua thiết bị điện tử,36027000000,3602700000,mua_vao,0,5430
0000045,2021-01-15,0103240765,0106682049,DV bảo hành sửa chữa,64604000000,6460400000,mua_vao,0,5431
0000062,2021-02-15,0101225306,0106682049,Mua HH Apple NK,23331000000,2333100000,mua_vao,0,5432
0000042,2021-03-20,0106255939,0106682049,DV logistics NK,64046000000,6404600000,mua_vao,0,5433
0000033,2021-04-20,0105327316,0106682049,Chi phí kho bãi,55733000000,5573300000,mua_vao,0,5434
0000066,2021-05-20,0101454070,0106682049,DV bảo hành sửa chữa,29699000000,2969900000,mua_vao,0,5435
0000034,2021-06-20,0105327316,0106682049,Chi phí kho bãi,41412000000,4141200000,mua_vao,0,5436
0000052,2021-07-20,0104141407,0106682049,DV bảo hành sửa chữa,20447000000,2044700000,mua_vao,0,5437
0000046,2021-08-20,0103240765,0106682049,Mua phụ kiện ĐT,34705000000,3470500000,mua_vao,0,5438
0000068,2021-09-20,0101770848,0106682049,Chi phí kho bãi,37945000000,0,mua_vao,0,5439
0000024,2021-10-20,0105853894,0106682049,Mua HH Apple NK,16672000000,0,mua_vao,0,5440
0000043,2021-11-20,0105189320,0106682049,DV logistics NK,48416000000,4841600000,mua_vao,0,5441
0000054,2021-12-20,0104630172,0106682049,Mua thiết bị điện tử,21445000000,2144500000,mua_vao,0,5442
0000054,2021-01-25,0103711478,0106682049,DV logistics NK,22400000000,2240000000,mua_vao,0,5443
0000047,2021-02-28,0103240765,0106682049,Chi phí kho bãi,36458000000,3645800000,mua_vao,0,5444
0000062,2021-04-30,0101598393,0106682049,Mua phụ kiện ĐT,23845000000,2384500000,mua_vao,0,5445
0000051,2021-06-30,0102625829,0106682049,DV logistics NK,51284000000,5128400000,mua_vao,0,5446
0000063,2021-09-30,0101598393,0106682049,Mua HH Apple NK,45486000000,4548600000,mua_vao,0,5447
0000031,2021-11-30,0105294741,0106682049,Mua HH Apple NK,61996000000,6199600000,mua_vao,0,5448
0000036,2021-03-31,0104380966,0106682049,DV logistics NK,64368000000,6436800000,mua_vao,0,5449
0000061,2021-05-31,0100101403,0106682049,Mua thiết bị điện tử,61082000000,6108200000,mua_vao,0,5450
0000069,2021-07-31,0101770848,0106682049,Mua HH Apple NK,59894000000,5989400000,mua_vao,0,5451
0000070,2021-08-31,0101770848,0106682049,Mua thiết bị điện tử,46051000000,4605100000,mua_vao,0,5452
0000043,2021-10-31,0106255939,0106682049,Mua phụ kiện ĐT,31276000000,3127600000,mua_vao,0,5453
0000048,2021-12-31,0103240765,0106682049,Mua HH Apple NK,18391000000,1839100000,mua_vao,0,5454
0000073,2021-12-31,0100373485,0106682049,Mua phụ kiện ĐT,22598000000,2259800000,mua_vao,0,5455
0000049,2021-12-31,0103240765,0106682049,Mua phụ kiện ĐT,18488000000,1848800000,mua_vao,0,5456
0000050,2021-12-31,0104976614,0106682049,DV logistics NK,38280000000,0,mua_vao,0,5457
0000063,2021-12-31,0100680623,0106682049,DV logistics NK,27600000000,2760000000,mua_vao,0,5458
0000070,2021-12-31,0102264812,0106682049,DV logistics NK,47485000000,4748500000,mua_vao,0,5459
0000064,2021-12-31,0101601092,0106682049,Chi phí kho bãi,30259000000,3025900000,mua_vao,0,5460
0000063,2021-12-31,0101225306,0106682049,Mua HH Apple NK,24573000000,2457300000,mua_vao,0,5461
0000070,2021-12-31,0102712091,0106682049,Chi phí kho bãi,17322000000,0,mua_vao,0,5462
0000055,2021-12-31,0103711478,0106682049,Mua thiết bị điện tử,29326000000,2932600000,mua_vao,0,5463
0000052,2021-12-31,0102625829,0106682049,DV bảo hành sửa chữa,29548000000,2954800000,mua_vao,0,5464
0000029,2021-12-31,0106112810,0106682049,DV bảo hành sửa chữa,36666000000,3666600000,mua_vao,0,5465
0000062,2021-12-31,0102159423,0106682049,DV bảo hành sửa chữa,32637000000,3263700000,mua_vao,0,5466
0000064,2021-12-31,0100680623,0106682049,DV bảo hành sửa chữa,33069000000,3306900000,mua_vao,0,5467
0000065,2021-12-31,0100680623,0106682049,Mua phụ kiện ĐT,49829000000,0,mua_vao,0,5468
0000001,2021-05-01,0106682049,0104141407,DV sửa chữa bảo hành,63908000000,6390800000,ban_ra,0,5469
0000002,2021-05-02,0106682049,0101435247,Bán thiết bị ĐT khác,47183000000,4718300000,ban_ra,0,5470
0000003,2021-10-03,0106682049,0106399994,Bán thiết bị Apple,49807000000,4980700000,ban_ra,0,5471
0000004,2021-10-04,0106682049,0105189320,Bán thiết bị ĐT khác,32727000000,0,ban_ra,0,5472
0000005,2021-10-05,0106682049,0100902202,Bán phụ kiện ĐT,49141000000,4914100000,ban_ra,0,5473
0000006,2021-10-06,0106682049,0100105503,DV sửa chữa bảo hành,51012000000,5101200000,ban_ra,0,5474
0000007,2021-10-07,0106682049,0100902202,Bán thiết bị ĐT khác,22451000000,2245100000,ban_ra,0,5475
0000008,2021-10-08,0106682049,0101601092,Bán thiết bị Apple,45429000000,4542900000,ban_ra,0,5476
0000009,2021-10-09,0106682049,0103769372,Bán phụ kiện ĐT,61314000000,6131400000,ban_ra,0,5477
0000010,2021-10-10,0106682049,0101056111,DV sửa chữa bảo hành,61847000000,6184700000,ban_ra,0,5478
0000011,2021-10-11,0106682049,0104141407,Bán thiết bị ĐT khác,80990000000,0,ban_ra,0,5479
0000012,2021-10-12,0106682049,0106467242,Bán thiết bị Apple,87314000000,8731400000,ban_ra,0,5480
0000013,2021-01-15,0106682049,0105189320,Bán phụ kiện ĐT,81807000000,8180700000,ban_ra,0,5481
0000014,2021-02-15,0106682049,0103769372,Bán thiết bị Apple,43829000000,4382900000,ban_ra,0,5482
0000015,2021-03-20,0106682049,0103240765,DV sửa chữa bảo hành,40274000000,4027400000,ban_ra,0,5483
0000016,2021-04-20,0106682049,0100902202,DV sửa chữa bảo hành,68069000000,6806900000,ban_ra,0,5484
0000017,2021-05-20,0106682049,0104976614,Bán thiết bị Apple,34533000000,3453300000,ban_ra,0,5485
0000018,2021-06-20,0106682049,0105189320,DV sửa chữa bảo hành,79852000000,7985200000,ban_ra,0,5486
0000019,2021-07-20,0106682049,0105189320,Bán thiết bị ĐT khác,79601000000,7960100000,ban_ra,0,5487
0000021,2021-09-20,0106682049,0105327316,Bán phụ kiện ĐT,38911000000,3891100000,ban_ra,0,5488
0000022,2021-10-20,0106682049,0106300187,DV sửa chữa bảo hành,38918000000,3891800000,ban_ra,0,5489
0000023,2021-11-20,0106682049,0106187171,Bán thiết bị Apple,79461000000,7946100000,ban_ra,0,5490
0000024,2021-12-20,0106682049,0105853894,Bán thiết bị ĐT khác,49315000000,4931500000,ban_ra,0,5491
0000025,2021-01-25,0106682049,0101435247,DV sửa chữa bảo hành,73293000000,7329300000,ban_ra,0,5492
0000026,2021-02-28,0106682049,0106116043,Bán thiết bị Apple,36729000000,3672900000,ban_ra,0,5493
0000027,2021-04-30,0106682049,0103240765,Bán thiết bị Apple,79212000000,7921200000,ban_ra,0,5494
0000028,2021-06-30,0106682049,0106399994,DV sửa chữa bảo hành,48471000000,0,ban_ra,0,5495
0000029,2021-09-30,0106682049,0104976614,DV sửa chữa bảo hành,25720000000,2572000000,ban_ra,0,5496
0000030,2021-11-30,0106682049,0102625829,Bán thiết bị ĐT khác,78007000000,7800700000,ban_ra,0,5497
0000031,2021-03-31,0106682049,0106255939,DV sửa chữa bảo hành,26069000000,2606900000,ban_ra,0,5498
0000032,2021-05-31,0106682049,0101437981,Bán thiết bị Apple,64170000000,6417000000,ban_ra,0,5499
0000033,2021-07-31,0106682049,0102191498,Bán thiết bị Apple,85305000000,0,ban_ra,0,5500
0000034,2021-08-31,0106682049,0101225306,Bán phụ kiện ĐT,31674000000,3167400000,ban_ra,0,5501
0000035,2021-10-31,0106682049,0104630172,Bán phụ kiện ĐT,39904000000,3990400000,ban_ra,0,5502
0000036,2021-12-31,0106682049,0101437981,DV sửa chữa bảo hành,61651000000,6165100000,ban_ra,0,5503
0000037,2021-12-31,0106682049,0101435247,Bán thiết bị Apple,26063000000,2606300000,ban_ra,0,5504
0000038,2021-12-31,0106682049,0104380966,Bán thiết bị Apple,84658000000,0,ban_ra,0,5505
0000039,2021-12-31,0106682049,0102712091,Bán thiết bị ĐT khác,24190000000,0,ban_ra,0,5506
0000040,2021-12-31,0106682049,0102311149,DV sửa chữa bảo hành,75719000000,7571900000,ban_ra,0,5507
0000041,2021-12-31,0106682049,0102712091,DV sửa chữa bảo hành,68101000000,6810100000,ban_ra,0,5508
0000042,2021-12-31,0106682049,0101598393,DV sửa chữa bảo hành,59167000000,5916700000,ban_ra,0,5509
0000043,2021-12-31,0106682049,0104976614,Bán thiết bị Apple,70911000000,7091100000,ban_ra,0,5510
0000044,2021-12-31,0106682049,0101452549,DV sửa chữa bảo hành,40393000000,4039300000,ban_ra,0,5511
0000045,2021-12-31,0106682049,0101435247,Bán phụ kiện ĐT,27683000000,2768300000,ban_ra,0,5512
0000046,2021-12-31,0106682049,0105294741,DV sửa chữa bảo hành,63029000000,6302900000,ban_ra,0,5513
0000047,2021-12-31,0106682049,0101225306,DV sửa chữa bảo hành,23399000000,2339900000,ban_ra,0,5514
0000048,2021-12-31,0106682049,0101454070,DV sửa chữa bảo hành,28554000000,2855400000,ban_ra,0,5515
0000049,2021-12-31,0106682049,0103711478,Bán thiết bị ĐT khác,32341000000,3234100000,ban_ra,0,5516
0000050,2021-12-31,0106682049,0101380936,Bán phụ kiện ĐT,23380000000,2338000000,ban_ra,0,5517
0000056,2021-05-01,0103711478,0106980045,DV bảo trì máy,56993000000,0,mua_vao,0,5518
0000065,2021-05-02,0101601092,0106980045,Mua thép cuộn NL,37236000000,3723600000,mua_vao,0,5519
0000064,2021-10-03,0101598393,0106980045,Mua điện SX,39176000000,3917600000,mua_vao,0,5520
0000053,2021-10-04,0104141407,0106980045,Mua phụ kiện bồn,59856000000,0,mua_vao,0,5521
0000025,2021-10-05,0105853894,0106980045,Mua điện SX,51381000000,5138100000,mua_vao,0,5522
0000055,2021-10-06,0104630172,0106980045,Mua phụ kiện bồn,30179000000,3017900000,mua_vao,0,5523
0000080,2021-10-07,0103769372,0106980045,Mua sơn mạ kẽm,27990000000,2799000000,mua_vao,0,5524
0000065,2021-10-08,0101598393,0106980045,DV vận chuyển thép,43461000000,4346100000,mua_vao,0,5525
0000063,2021-10-09,0106682049,0106980045,Mua điện SX,28615000000,2861500000,mua_vao,0,5526
0000050,2021-10-10,0101377820,0106980045,Mua sơn mạ kẽm,26502000000,2650200000,mua_vao,0,5527
0000044,2021-10-11,0106255939,0106980045,Mua phụ kiện bồn,27267000000,2726700000,mua_vao,0,5528
0000071,2021-10-12,0101770848,0106980045,Mua điện SX,42135000000,4213500000,mua_vao,0,5529
0000052,2021-01-15,0101380936,0106980045,DV bảo trì máy,57121000000,5712100000,mua_vao,0,5530
0000064,2021-02-15,0106682049,0106980045,DV bảo trì máy,45406000000,4540600000,mua_vao,0,5531
0000071,2021-03-20,0102712091,0106980045,DV bảo trì máy,57616000000,5761600000,mua_vao,0,5532
0000072,2021-04-20,0102712091,0106980045,Mua sơn mạ kẽm,26058000000,2605800000,mua_vao,0,5533
0000062,2021-05-20,0101639000,0106980045,DV vận chuyển thép,41903000000,4190300000,mua_vao,0,5534
0000081,2021-06-20,0103769372,0106980045,Mua điện SX,23938000000,2393800000,mua_vao,0,5535
0000082,2021-07-20,0103769372,0106980045,Mua phụ kiện bồn,54431000000,5443100000,mua_vao,0,5536
0000044,2021-08-20,0105189320,0106980045,DV bảo trì máy,47279000000,4727900000,mua_vao,0,5537
0000036,2021-09-20,0106300187,0106980045,Mua thép cuộn NL,60628000000,6062800000,mua_vao,0,5538
0000044,2021-10-20,0101452549,0106980045,DV bảo trì máy,59168000000,5916800000,mua_vao,0,5539
0000051,2021-11-20,0101377820,0106980045,Mua thép cuộn NL,21220000000,2122000000,mua_vao,0,5540
0000065,2021-12-20,0106682049,0106980045,Mua phụ kiện bồn,57561000000,5756100000,mua_vao,0,5541
0000044,2021-01-25,0105492983,0106980045,Mua phụ kiện bồn,57296000000,5729600000,mua_vao,0,5542
0000055,2021-02-28,0101056111,0106980045,Mua điện SX,62403000000,6240300000,mua_vao,0,5543
0000031,2021-04-30,0104220419,0106980045,DV bảo trì máy,18142000000,1814200000,mua_vao,0,5544
0000066,2021-06-30,0106682049,0106980045,Mua sơn mạ kẽm,57258000000,5725800000,mua_vao,0,5545
0000051,2021-09-30,0104976614,0106980045,DV bảo trì máy,31465000000,3146500000,mua_vao,0,5546
0000052,2021-11-30,0104976614,0106980045,Mua thép cuộn NL,63465000000,6346500000,mua_vao,0,5547
0000045,2021-03-31,0105492983,0106980045,Mua phụ kiện bồn,43714000000,0,mua_vao,0,5548
0000030,2021-05-31,0106112810,0106980045,DV vận chuyển thép,30097000000,3009700000,mua_vao,0,5549
0000066,2021-07-31,0101601092,0106980045,DV bảo trì máy,44400000000,4440000000,mua_vao,0,5550
0000037,2021-08-31,0106300187,0106980045,Mua thép cuộn NL,62546000000,6254600000,mua_vao,0,5551
0000074,2021-10-31,0100373485,0106980045,Mua phụ kiện bồn,60839000000,6083900000,mua_vao,0,5552
0000037,2021-12-31,0104380966,0106980045,Mua thép cuộn NL,68774000000,6877400000,mua_vao,0,5553
0000059,2021-12-31,0101437981,0106980045,Mua điện SX,54585000000,5458500000,mua_vao,0,5554
0000067,2021-12-31,0101454070,0106980045,DV vận chuyển thép,45350000000,4535000000,mua_vao,0,5555
0000045,2021-12-31,0105189320,0106980045,Mua điện SX,51063000000,5106300000,mua_vao,0,5556
0000056,2021-12-31,0104630172,0106980045,Mua phụ kiện bồn,37038000000,3703800000,mua_vao,0,5557
0000050,2021-12-31,0103240765,0106980045,Mua phụ kiện bồn,67376000000,6737600000,mua_vao,0,5558
0000052,2021-12-31,0101377820,0106980045,Mua thép cuộn NL,17453000000,1745300000,mua_vao,0,5559
0000075,2021-12-31,0100373485,0106980045,DV bảo trì máy,49379000000,4937900000,mua_vao,0,5560
0000031,2021-12-31,0100113494,0106980045,Mua phụ kiện bồn,58232000000,5823200000,mua_vao,0,5561
0000063,2021-12-31,0102331787,0106980045,Mua phụ kiện bồn,26284000000,0,mua_vao,0,5562
0000076,2021-12-31,0100373485,0106980045,Mua phụ kiện bồn,48109000000,4810900000,mua_vao,0,5563
0000063,2021-12-31,0101639000,0106980045,DV vận chuyển thép,43955000000,4395500000,mua_vao,0,5564
0000039,2021-12-31,0106395904,0106980045,Mua phụ kiện bồn,33608000000,3360800000,mua_vao,0,5565
0000045,2021-12-31,0106255939,0106980045,Mua thép cuộn NL,32440000000,3244000000,mua_vao,0,5566
0000038,2021-12-31,0104380966,0106980045,Mua điện SX,50041000000,5004100000,mua_vao,0,5567
0000001,2021-05-01,0106980045,0101452549,Bán SP thép TP,60122000000,6012200000,ban_ra,0,5568
0000002,2021-05-02,0106980045,0105853894,Bán bồn nước SH,87660000000,0,ban_ra,0,5569
0000003,2021-10-03,0106980045,0101437981,Bán bồn nước SH,28709000000,2870900000,ban_ra,0,5570
0000005,2021-10-05,0106980045,0100113494,Bán bồn nước SH,37268000000,3726800000,ban_ra,0,5571
0000006,2021-10-06,0106980045,0101225306,Bán SP thép TP,25498000000,2549800000,ban_ra,0,5572
0000007,2021-10-07,0106980045,0102191498,Bán khung thép mái,42966000000,4296600000,ban_ra,0,5573
0000008,2021-10-08,0106980045,0101329672,Xuất khẩu SP thép,52578000000,5257800000,ban_ra,0,5574
0000009,2021-10-09,0106980045,0103769372,Bán bồn nước SH,69002000000,6900200000,ban_ra,0,5575
0000010,2021-10-10,0106980045,0100105503,Bán bồn nước SH,61641000000,6164100000,ban_ra,0,5576
0000011,2021-10-11,0106980045,0106255939,Xuất khẩu SP thép,26089000000,2608900000,ban_ra,0,5577
0000012,2021-10-12,0106980045,0101770848,Bán SP thép TP,61101000000,6110100000,ban_ra,0,5578
0000013,2021-01-15,0106980045,0106255939,Xuất khẩu SP thép,41018000000,4101800000,ban_ra,0,5579
0000014,2021-02-15,0106980045,0104380966,Bán bồn nước SH,90153000000,9015300000,ban_ra,0,5580
0000015,2021-03-20,0106980045,0103240765,Bán SP thép TP,87482000000,8748200000,ban_ra,0,5581
0000016,2021-04-20,0106980045,0106116043,Xuất khẩu SP thép,83721000000,8372100000,ban_ra,0,5582
0000017,2021-05-20,0106980045,0101329672,Bán SP thép TP,82094000000,0,ban_ra,0,5583
0000018,2021-06-20,0106980045,0103240765,Bán SP thép TP,37511000000,3751100000,ban_ra,0,5584
0000019,2021-07-20,0106980045,0101380936,Bán khung thép mái,44226000000,4422600000,ban_ra,0,5585
0000020,2021-08-20,0106980045,0106255939,Xuất khẩu SP thép,36513000000,3651300000,ban_ra,0,5586
0000021,2021-09-20,0106980045,0106467242,Xuất khẩu SP thép,83440000000,8344000000,ban_ra,0,5587
0000022,2021-10-20,0106980045,0106116043,Bán khung thép mái,55693000000,5569300000,ban_ra,0,5588
0000023,2021-11-20,0106980045,0101437981,Bán SP thép TP,88007000000,8800700000,ban_ra,0,5589
0000024,2021-12-20,0106980045,0104976614,Xuất khẩu SP thép,53392000000,5339200000,ban_ra,0,5590
0000025,2021-01-25,0106980045,0106116043,Bán khung thép mái,53969000000,5396900000,ban_ra,0,5591
0000026,2021-02-28,0106980045,0104380966,Xuất khẩu SP thép,59051000000,5905100000,ban_ra,0,5592
0000027,2021-04-30,0106980045,0100101308,Bán SP thép TP,80073000000,8007300000,ban_ra,0,5593
0000028,2021-06-30,0106980045,0106116043,Xuất khẩu SP thép,73199000000,7319900000,ban_ra,0,5594
0000029,2021-09-30,0106980045,0102191498,Bán SP thép TP,60916000000,6091600000,ban_ra,0,5595
0000030,2021-11-30,0106980045,0100373485,Bán khung thép mái,35261000000,3526100000,ban_ra,0,5596
0000031,2021-03-31,0106980045,0105189320,Bán SP thép TP,29631000000,2963100000,ban_ra,0,5597
0000032,2021-05-31,0106980045,0106682049,Xuất khẩu SP thép,49561000000,4956100000,ban_ra,0,5598
0000033,2021-07-31,0106980045,0101452549,Bán SP thép TP,90838000000,9083800000,ban_ra,0,5599
0000034,2021-08-31,0106980045,0105294741,Bán khung thép mái,70949000000,7094900000,ban_ra,0,5600
0000035,2021-10-31,0106980045,0100105503,Bán SP thép TP,91201000000,9120100000,ban_ra,0,5601
0000036,2021-12-31,0106980045,0101377820,Bán khung thép mái,26944000000,2694400000,ban_ra,0,5602
0000037,2021-12-31,0106980045,0101454070,Bán khung thép mái,84335000000,8433500000,ban_ra,0,5603
0000038,2021-12-31,0106980045,0104220419,Bán bồn nước SH,75185000000,7518500000,ban_ra,0,5604
0000039,2021-12-31,0106980045,0101639000,Bán SP thép TP,92851000000,9285100000,ban_ra,0,5605
0000040,2021-12-31,0106980045,0103711478,Bán SP thép TP,57432000000,5743200000,ban_ra,0,5606
0000041,2021-12-31,0106980045,0102264812,Bán bồn nước SH,64457000000,6445700000,ban_ra,0,5607
0000042,2021-12-31,0106980045,0100105503,Bán bồn nước SH,29204000000,2920400000,ban_ra,0,5608
0000043,2021-12-31,0106980045,0106187171,Bán bồn nước SH,39898000000,3989800000,ban_ra,0,5609
0000044,2021-12-31,0106980045,0106116043,Bán SP thép TP,59297000000,5929700000,ban_ra,0,5610
0000045,2021-12-31,0106980045,0102311149,Bán bồn nước SH,28006000000,2800600000,ban_ra,0,5611
0000046,2021-12-31,0106980045,0102625829,Bán bồn nước SH,69961000000,6996100000,ban_ra,0,5612
0000047,2021-12-31,0106980045,0100101403,Bán bồn nước SH,76699000000,7669900000,ban_ra,0,5613
0000048,2021-12-31,0106980045,0104976614,Bán khung thép mái,58277000000,5827700000,ban_ra,0,5614
0000049,2021-12-31,0106980045,0100113494,Bán bồn nước SH,34814000000,3481400000,ban_ra,0,5615
0000050,2021-12-31,0106980045,0102191498,Bán bồn nước SH,28810000000,2881000000,ban_ra,0,5616
